model,rev,fw_ver,fw_url
DES-3226S,C,v4.02b26,ftp://files.dlink.com.au/products/DES-3226S/REV_C/Firmware/v4.02b26/DES-3226S-4.02B26.had
DES-3250TG,A,v4.50b13,ftp://files.dlink.com.au/products/DES-3250TG/REV_A/Firmware/v4.50b13/DES-3250TG_450B13.had
DES-3326S,B,v4.02b13,ftp://files.dlink.com.au/products/DES-3326S/REV_B/Firmware/v4.02b13/DES3326SR_402B13.had
DES-3326SR,B,,ftp://files.dlink.com.au/products/DES-3326SR/REV_B/Firmware/No_Firmware_Available.pdf
DES-3350SR,A,v3.02B12,ftp://files.dlink.com.au/products/DES-3350SR/REV_A/Firmware/v3.02B12/DES-3350SR_v3-02B12.had
DES-3526,A,,ftp://files.dlink.com.au/products/DES-3526/REV_A/Firmware/Firmware_5.01b60/DES-3500_Series_FW_v5.01.B60.had
DES-3528,A,v2.60.17,ftp://files.dlink.com.au/products/DES-3528/REV_A/Firmware/Firmware_v2.60.17/DES-3528_Series_FW_v2.60.017.had
DES-3528P,A,,ftp://files.dlink.com.au/products/DES-3528P/REV_A/Firmware/Firmware_3.00.012/DES-3528_Series_FW_v3.00.012.had
DES-3550,A,v3.00,ftp://files.dlink.com.au/products/DES-3550/REV_A/Firmware/Firmware_5.01B60/DES3550R51_5.01.B60.had
DES-3552,A,,ftp://files.dlink.com.au/products/DES-3552/REV_A/Firmware/No_Firmware_Available.pdf
DES-3828,A,v1.00,ftp://files.dlink.com.au/products/DES-3828/REV_A/Firmware/PROM_0.00.010/DES-3828_PROM_0.00.010.zip
DES-3828,A,v1.00,ftp://files.dlink.com.au/products/DES-3828/REV_A/Firmware/Firmware_ver_4.50.B12/DES-3828R4_4.50.b12.had
DES-3828P,A,v2.00B13,ftp://files.dlink.com.au/products/DES-3828P/REV_A/Firmware/v2.00B13/DES3828R2_2.00.B13(0126173902).zip
DES-3828P,A,v2.00B13,ftp://files.dlink.com.au/products/DES-3828P/REV_A/Firmware/Firmware_ver_4.50.B12/DES-3828R4_4.50.b12.had
DES-3852,A,,ftp://files.dlink.com.au/products/DES-3852/REV_A/Firmware/PROM_ver.0.00.010/DES-3852_PROM_ver.0.00.010.zip
DES-3852,A,,ftp://files.dlink.com.au/products/DES-3852/REV_A/Firmware/Firmware_ver_3.00.b57/des3852r3_3.00.b57.had
DES-5016,A,v2.31,ftp://files.dlink.com.au/products/DES-5016/REV_A/Firmware/v2.31/2_31.bin
DES-5024,A,v2.31,ftp://files.dlink.com.au/products/DES-5024/REV_A/Firmware/v2.31/2_31.bin
DES-6000,A,v1.00,ftp://files.dlink.com.au/products/DES-6000/REV_A/Firmware/Update_Steps.pdf
DES-6000,A,v2.01b43,ftp://files.dlink.com.au/products/DES-6000/REV_A/Firmware/v2.01b43/DES6000v201B43.tfp
DES-6000,A,v2.13,ftp://files.dlink.com.au/products/DES-6000/REV_A/Firmware/PROM_v2.13/6000prom.213
DES-6300,A,v3.135,ftp://files.dlink.com.au/products/DES-6300/REV_A/Firmware/v3.135/DES6300sw3135.arc
DES-6500,A,v2.50,ftp://files.dlink.com.au/products/DES-6500/REV_A/Firmware/Firmware_for_Cards_3.60.B04/DES-6500_Series_FW_v3.60.B04.had
DES-6500,A,v2.50,ftp://files.dlink.com.au/products/DES-6500/REV_A/Firmware/Firmware_CPU_3.60.B04/DES-6500_CPU__FW_v3.60.B04.had
DFB-H7,A,,ftp://files.dlink.com.au/products/DFB-H7/REV_A/Firmware/No_Firmware_Available.pdf
DFE-2624IX,A,v1.00,ftp://files.dlink.com.au/products/DFE-2624IX/REV_A/Firmware/v1.00/Firmware.zip
DFE-500FX,A,v1.00,ftp://files.dlink.com.au/products/DFE-500FX/REV_A/Firmware/No_Firmware_Available.pdf
DFE-500TX,A,v1.00,ftp://files.dlink.com.au/products/DFE-500TX/REV_A/Firmware/No_Firmware_Available.pdf
DFE-528TX,E,v1.30,ftp://files.dlink.com.au/products/DFE-528TX/REV_E/Firmware/No_Firmware_Available.pdf
DFE-528TX,A,v1.30,ftp://files.dlink.com.au/products/DFE-528TX/REV_A/Firmware/No_Firmware_Available.pdf
DFE-530TX,C,v2.00,ftp://files.dlink.com.au/products/DFE-530TX/REV_C/Firmware/No_Firmware_Available.pdf
DFE-530TX,B,v2.00,ftp://files.dlink.com.au/products/DFE-530TX/REV_B/Firmware/No_Firmware_Available.pdf
DFE-530TX,A,v2.00,ftp://files.dlink.com.au/products/DFE-530TX/REV_A/Firmware/No_Firmware_Available.pdf
DFE-530TX,C,v2.00,ftp://files.dlink.com.au/products/DFE-530TX/REV_C/Firmware/No_Firmware_Available.pdf
DFE-530TX,B,v2.00,ftp://files.dlink.com.au/products/DFE-530TX/REV_B/Firmware/No_Firmware_Available.pdf
DFE-530TX,A,v2.00,ftp://files.dlink.com.au/products/DFE-530TX/REV_A/Firmware/No_Firmware_Available.pdf
DFE-538TX,F,,ftp://files.dlink.com.au/products/DFE-538TX/REV_F/Firmware/No_Firmware_Available.pdf
DFE-538TX,E,,ftp://files.dlink.com.au/products/DFE-538TX/REV_E/Firmware/No_Firmware_Available.pdf
DFE-538TX,A,,ftp://files.dlink.com.au/products/DFE-538TX/REV_A/Firmware/No_Firmware_Available.pdf
DFE-540TX,A,,ftp://files.dlink.com.au/products/DFE-540TX/REV_A/Firmware/No_Firmware_Available.pdf
DFE-550FX,A,,ftp://files.dlink.com.au/products/DFE-550FX/REV_A/Firmware/No_Firmware_Available.pdf
DFE-550TX,A,,ftp://files.dlink.com.au/products/DFE-550TX/REV_A/Firmware/No_Firmware_Available.pdf
DFE-551FX,A,,ftp://files.dlink.com.au/products/DFE-551FX/REV_A/Firmware/No_Firmware_Available.pdf
DFE-570TX,A,v1.00,ftp://files.dlink.com.au/products/DFE-570TX/REV_A/Firmware/No_Firmware_Available.pdf
DFE-580TX,A,v4.00,ftp://files.dlink.com.au/products/DFE-580TX/REV_A/Firmware/No_Firmware_Available.pdf
DFE-650TX,A,,ftp://files.dlink.com.au/products/DFE-650TX/REV_A/Firmware/No_Firmware_Available.pdf
DFE-650TXD,A,v1.00,ftp://files.dlink.com.au/products/DFE-650TXD/REV_A/Firmware/No_Firmware_Available.pdf
DFE-660TX,A,v1.00,ftp://files.dlink.com.au/products/DFE-660TX/REV_A/Firmware/No_Firmware_Available.pdf
DFE-670TXD,A,,ftp://files.dlink.com.au/products/DFE-670TXD/REV_A/Firmware/No_Firmware_Available.pdf
DFE-680TX,A,v1.00,ftp://files.dlink.com.au/products/DFE-680TX/REV_A/Firmware/No_Firmware_Available.pdf
DFE-680TXD,A,,ftp://files.dlink.com.au/products/DFE-680TXD/REV_A/Firmware/No_Firmware_Available.pdf
DFE-690TXD,A,,ftp://files.dlink.com.au/products/DFE-690TXD/REV_A/Firmware/No_Firmware_Available.pdf
DFL-1000,A,v2.36b77,ftp://files.dlink.com.au/products/DFL-1000/REV_A/Firmware/v2.36b77/DFL1000-v236-build077.out
DFL-1100,A,v1.02,ftp://files.dlink.com.au/products/DFL-1100/REV_A/Firmware/IDS_Pattern_List.pdf
DFL-1100,A,v1.02,ftp://files.dlink.com.au/products/DFL-1100/REV_A/Firmware/IDS_Pattern_v660/DFL-200_700_1100-IDS_update_660.zip
DFL-1100,A,v1.34.00,ftp://files.dlink.com.au/products/DFL-1100/REV_A/Firmware/Firmware_v1.34.00/DFL-700-1-34-00-upgrade.img
DFL-160,A,v2.30.01,ftp://files.dlink.com.au/products/DFL-160/REV_A/Firmware/Firmware_v2.30.01/DFL-160_A1_A2_FW_v2.30.01.06-upgrade.img
DFL-1600,A,,ftp://files.dlink.com.au/products/DFL-1600/REV_A/Firmware/Read_Me.pdf
DFL-1600,A,,ftp://files.dlink.com.au/products/DFL-1600/REV_A/Firmware/Firmware_ver.2.27.03.25/DFL-1600_A3_FW_v2.27.03.25-upgrade.img
DFL-1600,A,,ftp://files.dlink.com.au/products/DFL-1600/REV_A/Firmware/Firmware_ver.2.26.00/DFL-1600_FW_v2.26.00.06-upgrade.img
DFL-1660,A,,ftp://files.dlink.com.au/products/DFL-1660/REV_A/Firmware/DFL-260E_860E_1660_2560_2560G_Release_Notes_for_FW_v10_22_01.pdf
DFL-1660,A,v2.40.04.08,ftp://files.dlink.com.au/products/DFL-1660/REV_A/Firmware/Firmware_v2.40.04.08/DFL-1660_A1_FW_v2.40.04.08-upgrade.zip
DFL-1660,A,v2.30.01.06,ftp://files.dlink.com.au/products/DFL-1660/REV_A/Firmware/Firmware_v2.30.01.06/DFL-1660_A1_FW_v2.30.01.06-upgrade.zip
DFL-1660,A,v2.27.03.25,ftp://files.dlink.com.au/products/DFL-1660/REV_A/Firmware/Firmware_v2.27.03.25/DFL-1660_FW_v2.27.03.25-upgrade.zip
DFL-1660,A,v10.22.01.04,ftp://files.dlink.com.au/products/DFL-1660/REV_A/Firmware/Firmware_v10.22.01.04/DFL-1660_A1_FW_v10.22.01.04-upgrade.img
DFL-1660,A,v10.21.02.01,ftp://files.dlink.com.au/products/DFL-1660/REV_A/Firmware/Firmware_v10.21.02.01/DFL-1660_A1_FW_v10.21.02.01-upgrade.zip
DFL-200,A,v1.01,ftp://files.dlink.com.au/products/DFL-200/REV_A/Firmware/IDS_Pattern_List.pdf
DFL-200,A,v1.01,ftp://files.dlink.com.au/products/DFL-200/REV_A/Firmware/IDS_Pattern_v660/DFL-200_700_1100-IDS_update_660.zip
DFL-200,A,v1.34.00,ftp://files.dlink.com.au/products/DFL-200/REV_A/Firmware/Firmware_v1.34.00/DFL-200-1-34-00-upgrade.img
DFL-210,A,,ftp://files.dlink.com.au/products/DFL-210/REV_A/Firmware/Read_Me.pdf
DFL-210,A,,ftp://files.dlink.com.au/products/DFL-210/REV_A/Firmware/Firmware_ver.2.27.03/DFL-210_A4A5_FW_v2.27.03.25-upgrade.img
DFL-2560,A,,ftp://files.dlink.com.au/products/DFL-2560/REV_A/Firmware/DFL-260E_860E_1660_2560_2560G_Release_Notes_for_FW_v10_22_01.pdf
DFL-2560,A,v2.30.01.06,ftp://files.dlink.com.au/products/DFL-2560/REV_A/Firmware/Firmware_v2.30.01.06/DFL-2560_A1_FW_v2.30.01.06-upgrade.img
DFL-2560,A,v10.22.01.04,ftp://files.dlink.com.au/products/DFL-2560/REV_A/Firmware/Firmware_v10.22.01.04/DFL-2560_A1_FW_v10.22.01.04-upgrade.img
DFL-2560,A,v10.21.02.01,ftp://files.dlink.com.au/products/DFL-2560/REV_A/Firmware/Firmware_v10.21.02.01/DFL-260E_860E_1660_2560_2560G_Release_Notes_for_FW_v10_21_02.pdf
DFL-2560,A,v10.21.02.01,ftp://files.dlink.com.au/products/DFL-2560/REV_A/Firmware/Firmware_v10.21.02.01/DFL-2560_A1_FW_v10.21.02.01-upgrade.zip
DFL-2560G,A,,ftp://files.dlink.com.au/products/DFL-2560G/REV_A/Firmware/DFL-260E_860E_1660_2560_2560G_Release_Notes_for_FW_v10_22_01.pdf
DFL-2560G,A,v2.30.01.06,ftp://files.dlink.com.au/products/DFL-2560G/REV_A/Firmware/Firmware_v2.30.01.06/DFL-2560G_A2_FW_v2.30.01.06-upgrade.img
DFL-2560G,A,v10.22.01.04,ftp://files.dlink.com.au/products/DFL-2560G/REV_A/Firmware/Firmware_v10.22.01.04/DFL-2560_A1_FW_v10.22.01.04-upgrade.img
DFL-2560G,A,v10.21.02.01,ftp://files.dlink.com.au/products/DFL-2560G/REV_A/Firmware/Firmware_v10.21.02.01/DFL-260E_860E_1660_2560_2560G_Release_Notes_for_FW_v10_21_02.pdf
DFL-2560G,A,v10.21.02.01,ftp://files.dlink.com.au/products/DFL-2560G/REV_A/Firmware/Firmware_v10.21.02.01/DFL-2560G_A2_FW_v10.21.02.01-upgrade.zip
DFL-260,A,,ftp://files.dlink.com.au/products/DFL-260/REV_A/Firmware/Read_Me.pdf
DFL-260,A,,ftp://files.dlink.com.au/products/DFL-260/REV_A/Firmware/Firmware_ver_2.27.03/DFL-260_B1_FW_v2[1].27.00.14-upgrade.img
DFL-260E,A,,ftp://files.dlink.com.au/products/DFL-260E/REV_A/Firmware/Firmware_2.40.00.10/DFL-260E_FW_v2.40.00.10-upgrade.zip
DFL-260E,A,,ftp://files.dlink.com.au/products/DFL-260E/REV_A/Firmware/Firmware_10.22.01.04/DFL-260E_Firmware_Release_Notes_v10_22_01.pdf
DFL-260E,A,,ftp://files.dlink.com.au/products/DFL-260E/REV_A/Firmware/Firmware_10.22.01.04/DFL-260E_AX_FW_v10.22.01.04-upgrade.img
DFL-260E,A,,ftp://files.dlink.com.au/products/DFL-260E/REV_A/Firmware/Firmware_10.21.02.01/DFL-260E_Ax_FW_v10.21.02.01-upgrade.zip
DFL-260E,A,,ftp://files.dlink.com.au/products/DFL-260E/REV_A/Firmware/Firmware_10.21.02.01/DFL-260E_860E_1660_2560_2560G_Release_Notes_for_FW_v10_21_02.pdf
DFL-500,A,v2.36b77,ftp://files.dlink.com.au/products/DFL-500/REV_A/Firmware/v2.36b77/DFL500-v236-build077.out
DFL-600,A,v3.23,ftp://files.dlink.com.au/products/DFL-600/REV_A/Firmware/v3.23/DFL600run.v323
DFL-700,A,v1.01,ftp://files.dlink.com.au/products/DFL-700/REV_A/Firmware/IDS_Pattern_List.pdf
DFL-700,A,v1.01,ftp://files.dlink.com.au/products/DFL-700/REV_A/Firmware/IDS_Pattern_v660/DFL-200_700_1100-IDS_update_660.zip
DFL-700,A,v1.34.00,ftp://files.dlink.com.au/products/DFL-700/REV_A/Firmware/Firmware_v1.34.00/DFL-700-1-34-00-upgrade.img
DFL-800,A,,ftp://files.dlink.com.au/products/DFL-800/REV_A/Firmware/Read_Me.pdf
DFL-800,A,,ftp://files.dlink.com.au/products/DFL-800/REV_A/Firmware/Firmware_ver.2.27.03/DFL-800_A2A3_FW_v2.27.03.25-upgrade.img
DFL-860,A,,ftp://files.dlink.com.au/products/DFL-860/REV_A/Firmware/Read_Me.pdf
DFL-860,A,,ftp://files.dlink.com.au/products/DFL-860/REV_A/Firmware/Firmware_ver_2.27.03/DFL-860_B1_FW_v2.27.03.25-upgrade.img
DFL-860E,A,,ftp://files.dlink.com.au/products/DFL-860E/REV_A/Firmware/Firmware_2.40.00.10/DFL-860E-2.40.00.10-upgrade.zip
DFL-860E,A,,ftp://files.dlink.com.au/products/DFL-860E/REV_A/Firmware/Firmware_10.22.01.04/DFL-860E-10.22.01.04-upgrade.img
DFL-860E,A,,ftp://files.dlink.com.au/products/DFL-860E/REV_A/Firmware/Firmware_10.22.01.04/DFL-860E_Firmware_Release_Notes_v10_22_01.pdf
DFL-860E,A,,ftp://files.dlink.com.au/products/DFL-860E/REV_A/Firmware/Firmware_10.21.02.01/DFL-860E-10.21.02.01-upgrade.zip
DFM-560E,A,,ftp://files.dlink.com.au/products/DFM-560E/REV_A/Firmware/No_Firmware_Available.pdf
DFM-560E,A,,ftp://files.dlink.com.au/products/DFM-560E/REV_A/Firmware/No_Firmware_Available.pdf
DFM-560IS,A,,ftp://files.dlink.com.au/products/DFM-560IS/REV_A/Firmware/No_Firmware_Available.pdf
DFM-560IS,A,,ftp://files.dlink.com.au/products/DFM-560IS/REV_A/Firmware/No_Firmware_Available.pdf
DFM-562E,A,v1.00,ftp://files.dlink.com.au/products/DFM-562E/REV_A/Firmware/No_Firmware_Available.pdf
DFM-562I,A,v1.00,ftp://files.dlink.com.au/products/DFM-562I/REV_A/Firmware/No_Firmware_Available.pdf
DFM-562is,D,v1.00,ftp://files.dlink.com.au/products/DFM-562is/REV_D/Firmware/No_Firmware_Available.pdf
DFM-562is,B,v1.00,ftp://files.dlink.com.au/products/DFM-562is/REV_B/Firmware/No_Firmware_Available.pdf
DFM-562is,A,v1.00,ftp://files.dlink.com.au/products/DFM-562is/REV_A/Firmware/No_Firmware_Available.pdf
DGE-500T,A,,ftp://files.dlink.com.au/products/DGE-500T/REV_A/Firmware/No_Firmware_Available.pdf
DGE-510T,A,v1.00,ftp://files.dlink.com.au/products/DGE-510T/REV_A/Firmware/No_Firmware_Available.pdf
DGE-528T,B,,ftp://files.dlink.com.au/products/DGE-528T/REV_B/Firmware/No_Firmware_Available.pdf
DGE-530T,B,,ftp://files.dlink.com.au/products/DGE-530T/REV_B/Firmware/No_Firmware_Available.pdf
DGE-530T,A,,ftp://files.dlink.com.au/products/DGE-530T/REV_A/Firmware/No_Firmware_Available.pdf
DGE-550SX,A,,ftp://files.dlink.com.au/products/DGE-550SX/REV_A/Firmware/No_Firmware_Available.pdf
DGE-550T,A,v2.00,ftp://files.dlink.com.au/products/DGE-550T/REV_A/Firmware/No_Firmware_Available.pdf
DGE-660TD,A,,ftp://files.dlink.com.au/products/DGE-660TD/REV_A/Firmware/No_Firmware_Available.pdf
DGL-3420,A,v1.01b18,ftp://files.dlink.com.au/products/DGL-3420/REV_A/Firmware/v1.01b18/DGL-3420_v1-01b0018_nml.bin
DGL-4100,A,v1.00,ftp://files.dlink.com.au/products/DGL-4100/REV_A/Firmware/Firmware_1.8/dgl4100_firmware_1.8.bin
DGL-4300,A,v1.00,ftp://files.dlink.com.au/products/DGL-4300/REV_A/Firmware/Firmware_1.8/DGL-4300_firmware_1.8.bin
DGL-4500,A,v1.15B03,ftp://files.dlink.com.au/products/DGL-4500/REV_A/Firmware/Firmware_v1.15B03/DGL4500A2_FW115B03_nml.zip
DGS-1004T,A,,ftp://files.dlink.com.au/products/DGS-1004T/REV_A/Firmware/No_Firmware_Available.pdf
DGS-1005D,F,,ftp://files.dlink.com.au/products/DGS-1005D/REV_F/Firmware/No_Firmware_Available.pdf
DGS-1005D,E,,ftp://files.dlink.com.au/products/DGS-1005D/REV_E/Firmware/No_Firmware_Available.pdf
DGS-1005D,D,,ftp://files.dlink.com.au/products/DGS-1005D/REV_D/Firmware/No_Firmware_Available.pdf
DGS-1008D,G,,ftp://files.dlink.com.au/products/DGS-1008D/REV_G/Firmware/No_Firmware_Available.pdf
DGS-1008D,E,,ftp://files.dlink.com.au/products/DGS-1008D/REV_E/Firmware/No_Firmware_Available.pdf
DGS-1008D,B,,ftp://files.dlink.com.au/products/DGS-1008D/REV_B/Firmware/No_Firmware_Available.pdf
DGS-1008T,A,,ftp://files.dlink.com.au/products/DGS-1008T/REV_A/Firmware/No_Firmware_Available.pdf
DGS-1008TL,A,v1.00,ftp://files.dlink.com.au/products/DGS-1008TL/REV_A/Firmware/No_Firmware_Available.pdf
DGS-1016D,F,,ftp://files.dlink.com.au/products/DGS-1016D/REV_F/Firmware/No_Firmware_Available.pdf
DGS-1016D,E,,ftp://files.dlink.com.au/products/DGS-1016D/REV_E/Firmware/No_Firmware_Available.pdf
DGS-1016D,D,,ftp://files.dlink.com.au/products/DGS-1016D/REV_D/Firmware/No_Firmware_Available.pdf
DGS-1016D,C,,ftp://files.dlink.com.au/products/DGS-1016D/REV_C/Firmware/No_Firmware_Available.pdf
DGS-1016D,A,,ftp://files.dlink.com.au/products/DGS-1016D/REV_A/Firmware/No_Firmware_Available.pdf
DGS-1016T,A,,ftp://files.dlink.com.au/products/DGS-1016T/REV_A/Firmware/No_Firmware_Available.pdf
DGS-1016TL,A,v1.00,ftp://files.dlink.com.au/products/DGS-1016TL/REV_A/Firmware/No_Firmware_Available.pdf
DGS-1024D,F,,ftp://files.dlink.com.au/products/DGS-1024D/REV_F/Firmware/No_Firmware_Available.pdf
DGS-1024D,D,,ftp://files.dlink.com.au/products/DGS-1024D/REV_D/Firmware/No_Firmware_Available.pdf
DGS-1024D,C,,ftp://files.dlink.com.au/products/DGS-1024D/REV_C/Firmware/No_Firmware_Available.pdf
DGS-1024D,A,,ftp://files.dlink.com.au/products/DGS-1024D/REV_A/Firmware/No_Firmware_Available.pdf
DGS-1024T,A,v1.00,ftp://files.dlink.com.au/products/DGS-1024T/REV_A/Firmware/No_Firmware_Available.pdf
DGS-1024TL,A,v1.00,ftp://files.dlink.com.au/products/DGS-1024TL/REV_A/Firmware/No_Firmware_Available.pdf
DGS-105,C,,ftp://files.dlink.com.au/products/DGS-105/REV_C/Firmware/No_Firmware_Available.pdf
DGS-108,C,,ftp://files.dlink.com.au/products/DGS-108/REV_C/Firmware/No_Firmware_Available.pdf
DGS-1216T,D,,ftp://files.dlink.com.au/products/DGS-1216T/REV_D/Firmware/Firmware_4.21.01/fw_4.21.01.zip
DGS-1216T,C,v3.00b17,ftp://files.dlink.com.au/products/DGS-1216T/REV_C/Firmware/v3.00b17/DGS-1216T_v3-00-17.HEX
DGS-1216T,B,v1.00,ftp://files.dlink.com.au/products/DGS-1216T/REV_B/Firmware/No_Firmware_Available.pdf
DGS-1224T,D,v4.00.12,ftp://files.dlink.com.au/products/DGS-1224T/REV_D/Firmware/Firmware_4.21.01/DGS-1224T_Firmware_v4_21_01.zip
DGS-1224T,C,v3.00b17,ftp://files.dlink.com.au/products/DGS-1224T/REV_C/Firmware/v3.00b17/DGS-1224T_v3-00-17.zip
DGS-1224T,B,v1.00,ftp://files.dlink.com.au/products/DGS-1224T/REV_B/Firmware/No_Firmware_Available.pdf
DGS-1224TP,A,v1.01.03,ftp://files.dlink.com.au/products/DGS-1224TP/REV_A/Firmware/Firmware_v1.01.03/DGS-1224TP_FW_v1.01.03.zip
DGS-1248T,B,v2.01.09,ftp://files.dlink.com.au/products/DGS-1248T/REV_B/Firmware/Firmware_3.11.01/DGS-1248T_3.11.01.zip
DGS-1248T,A,v2.01.03,ftp://files.dlink.com.au/products/DGS-1248T/REV_A/Firmware/Firmware_v2.01.03/DGS-1248T_A2G_FW_v2.01.03.hex
DGS-3212SR,A,v1.00b33,ftp://files.dlink.com.au/products/DGS-3212SR/REV_A/Firmware/v1.00b33/DGS3212SR_100B33.had
DGS-3224SR,A,v1.00B14,ftp://files.dlink.com.au/products/DGS-3224SR/REV_A/Firmware/v1.00B14/DGS3224SR_100B14.had
DGS-3224TG,A,v1.00B17,ftp://files.dlink.com.au/products/DGS-3224TG/REV_A/Firmware/v1.00B17/dgs3224.had
DGS-3224TGR,A,v3.01b019,ftp://files.dlink.com.au/products/DGS-3224TGR/REV_A/Firmware/v3.01b019/DGS3224TGR_3.01b019.had
DGS-3308FG,A,v1.15,ftp://files.dlink.com.au/products/DGS-3308FG/REV_A/Firmware/v1.15/DGS3308Runtime1.15.zip
DGS-3308TG,A,v1.33,ftp://files.dlink.com.au/products/DGS-3308TG/REV_A/Firmware/v1.33/3308run.133
DGS-3312SR,A,v3.51b03,ftp://files.dlink.com.au/products/DGS-3312SR/REV_A/Firmware/v3.51b03/DGS3X12S-V3.51-B03.had
DGS-3324SR,A,v2.01b01,ftp://files.dlink.com.au/products/DGS-3324SR/REV_A/Firmware/PROM_v2.01b01/xStack_Prom_2.01B01dl.had
DGS-3324SR,A,v2.01b01,ftp://files.dlink.com.au/products/DGS-3324SR/REV_A/Firmware/Firmware_4.40B13/DGS-3324SR_pXrun_4.40-B13.zip
DGS-3324SRi,A,v2.01b01,ftp://files.dlink.com.au/products/DGS-3324SRi/REV_A/Firmware/PROM_v2.01b01/xStack_Prom_2.01B01dl.had
DGS-3324SRi,A,v2.01b01,ftp://files.dlink.com.au/products/DGS-3324SRi/REV_A/Firmware/Firmware_4.40B04/DGS-DXS-33xx_firmware_pXrun_4.40B04.had
DGS-3426,A,v1.20R09,ftp://files.dlink.com.au/products/DGS-3426/REV_A/Firmware/DGS-34xx_PROM_Code_1.00.B09/DGS-34XX_prom1-00-B09.bin
DGS-3426,A,v1.20R09,ftp://files.dlink.com.au/products/DGS-3426/REV_A/Firmware/DGS-34xx_Firmware_2.60B20/DGS3400SeriesR260B20.had
DGS-3426P,A,,ftp://files.dlink.com.au/products/DGS-3426P/REV_A/Firmware/DGS-34xx_Firmware_2.60B20/DGS3400SeriesR260B20.had
DGS-3426P,A,,ftp://files.dlink.com.au/products/DGS-3426P/REV_A/Firmware/DGS-34xx_Firmware_2.35.B09/R235B09.had
DGS-3427,A,v1.20R09,ftp://files.dlink.com.au/products/DGS-3427/REV_A/Firmware/DGS-34xx_PROM_Code_1.00.B09/DGS-34XX_prom1-00-B09.bin
DGS-3427,A,v1.20R09,ftp://files.dlink.com.au/products/DGS-3427/REV_A/Firmware/DGS-34xx_Firmware_2.60B20/DGS3400SeriesR260B20.had
DGS-3450,A,v1.20R09,ftp://files.dlink.com.au/products/DGS-3450/REV_A/Firmware/DGS-34xx_PROM_Code_1.00.B09/DGS-34XX_prom1-00-B09.bin
DGS-3450,A,v1.20R09,ftp://files.dlink.com.au/products/DGS-3450/REV_A/Firmware/DGS-34xx_Firmware_2.60B20/DGS3400SeriesR260B20.had
DGS-3612G,A,,ftp://files.dlink.com.au/products/DGS-3612G/REV_A/Firmware/Firmware_2.82B16/Firmware_2.82B16.zip
DGS-3627,A,,ftp://files.dlink.com.au/products/DGS-3627/REV_A/Firmware/Firmware_2.82B16/Firmware_2.82B16.zip
DGS-3627G,A,,ftp://files.dlink.com.au/products/DGS-3627G/REV_A/Firmware/Firmware_2.82B16/Firmware_2.82B16.zip
DGS-3650,A,,ftp://files.dlink.com.au/products/DGS-3650/REV_A/Firmware/Firmware_2.82B16/Firmware_2.82B16.zip
DGS-6604,A,,ftp://files.dlink.com.au/products/DGS-6604/REV_A/Firmware/DGS-6600_Series_Firmware_Release_Notes_AU.pdf
DGS-6604,A,,ftp://files.dlink.com.au/products/DGS-6604/REV_A/Firmware/Firmware_2.00.022/DGS-6600_Series_A1_FW_runtime_v2.00.022.zip
DGS-701,A,,ftp://files.dlink.com.au/products/DGS-701/REV_A/Firmware/No_Firmware_Available.pdf
DGS-702,A,,ftp://files.dlink.com.au/products/DGS-702/REV_A/Firmware/No_Firmware_Available.pdf
DGS-703,A,,ftp://files.dlink.com.au/products/DGS-703/REV_A/Firmware/No_Firmware_Available.pdf
DGS-704,A,,ftp://files.dlink.com.au/products/DGS-704/REV_A/Firmware/No_Firmware_Available.pdf
DGS-707,A,,ftp://files.dlink.com.au/products/DGS-707/REV_A/Firmware/No_Firmware_Available.pdf
DGS-711,A,,ftp://files.dlink.com.au/products/DGS-711/REV_A/Firmware/No_Firmware_Available.pdf
DHD-131,A,,ftp://files.dlink.com.au/products/DHD-131/REV_A/Firmware/DHD-131_A1_FW_2.1.15.0.zip
DHP-1320,A,,ftp://files.dlink.com.au/products/DHP-1320/REV_A/Firmware/DHP-1320_A1_v1.00WWB04.zip
DHP-1321,A,,ftp://files.dlink.com.au/products/DHP-1321/REV_A/Firmware/No_Firmware_Available.pdf
DHP-300,A,,ftp://files.dlink.com.au/products/DHP-300/REV_A/Firmware/No_Firmware_Available.pdf
DHP-301,A,,ftp://files.dlink.com.au/products/DHP-301/REV_A/Firmware/No_Firmware_Available.pdf
DHP-302,A,v1.01,ftp://files.dlink.com.au/products/DHP-302/REV_A/Firmware/Firmware_v1.01/DHP-302_firmware-1.01.ftp
DHP-303,A,v1.01,ftp://files.dlink.com.au/products/DHP-303/REV_A/Firmware/Firmware_v1.01/DHP-302_firmware-1.01.ftp
DHP-306AV,A,v4.2.0,ftp://files.dlink.com.au/products/DHP-306AV/REV_A/Firmware/Firmware_v4.2.0_b201007/Firmware_v4.2.0.zip
DHP-307AV,A,v4.2.0,ftp://files.dlink.com.au/products/DHP-307AV/REV_A/Firmware/Firmware_v4.2.0_b201007/Firmware_v4.2.0.zip
DHP-308AV,B,,ftp://files.dlink.com.au/products/DHP-308AV/REV_B/Firmware/No_Firmware_Available.pdf
DHP-308AV,A,,ftp://files.dlink.com.au/products/DHP-308AV/REV_A/Firmware/No_Firmware_Available.pdf
DHP-310AV,A,,ftp://files.dlink.com.au/products/DHP-310AV/REV_A/Firmware/No_Firmware_Available.pdf
DHP-311AV,A,,ftp://files.dlink.com.au/products/DHP-311AV/REV_A/Firmware/No_Firmware_Available.pdf
DHP-341,A,,ftp://files.dlink.com.au/products/DHP-341/REV_A/Firmware/No_Firmware_Available.pdf
DHP-346AV,A,,ftp://files.dlink.com.au/products/DHP-346AV/REV_A/Firmware/No_Firmware_Available.pdf
DHP-347AV,A,,ftp://files.dlink.com.au/products/DHP-347AV/REV_A/Firmware/No_Firmware_Available.pdf
DHP-501AV,A,,ftp://files.dlink.com.au/products/DHP-501AV/REV_A/Firmware/DHP500AVA1_FW102b02.bin
DHP-540,A,,ftp://files.dlink.com.au/products/DHP-540/REV_A/Firmware/No_Firmware_Available.pdf
DHP-601AV,A,,ftp://files.dlink.com.au/products/DHP-601AV/REV_A/Firmware/No_Firmware_Available.pdf
DHP-701AV,A,,ftp://files.dlink.com.au/products/DHP-701AV/REV_A/Firmware/No_Firmware_Available.pdf
DHP-P309AV,B,,ftp://files.dlink.com.au/products/DHP-P309AV/REV_B/Firmware/No_Firmware_Available.pdf
DHP-P601AV,A,,ftp://files.dlink.com.au/products/DHP-P601AV/REV_A/Firmware/PI699EA.1P108A-3-Dlink-DHP-P600AV-CE-R1B010D005.BIN
DHP-W306AV,A,,ftp://files.dlink.com.au/products/DHP-W306AV/REV_A/Firmware/DHP-W306AV_Firmware_v1.03B01.zip
DHP-W310AV,A,v1.04b05,ftp://files.dlink.com.au/products/DHP-W310AV/REV_A/Firmware/Firmware_v1.04b05/DHPW310AVA1_FW104b05.bin
DHP-W310AV,A,v1.04b01,ftp://files.dlink.com.au/products/DHP-W310AV/REV_A/Firmware/Firmware_v1.04b01/DHPW310AVA1_FW104b01.bin
DHP-W310AV,A,v1.03b01,ftp://files.dlink.com.au/products/DHP-W310AV/REV_A/Firmware/Firmware_v1.03b01/DHPW310AVA1_FW103b01.bin
DHP-W310AV,A,v1.01b09,ftp://files.dlink.com.au/products/DHP-W310AV/REV_A/Firmware/Firmware_v1.01b09/DHPW310AVA1_FW101b09.bin
DHP-W310AV,A,v1.00b17,ftp://files.dlink.com.au/products/DHP-W310AV/REV_A/Firmware/Firmware_v1.00b17/DHPW310AVA1_FW100b17.bin
DHP-W311AV,A,,ftp://files.dlink.com.au/products/DHP-W311AV/REV_A/Firmware/No_Firmware_Available.pdf
DI-102,A,v1.00,ftp://files.dlink.com.au/products/DI-102/REV_A/Firmware/No_Firmware_Available.pdf
DI-206,A,v1.85,ftp://files.dlink.com.au/products/DI-206/REV_A/Firmware/v1.85/update.cfg
DI-206,A,v1.85,ftp://files.dlink.com.au/products/DI-206/REV_A/Firmware/v1.85/206r185.hdr
DI-308,A,v1.00,ftp://files.dlink.com.au/products/DI-308/REV_A/Firmware/v1.00/update.cfg
DI-308,A,v1.00,ftp://files.dlink.com.au/products/DI-308/REV_A/Firmware/v1.00/308run.hnr
DI-514,A,v1.03b2,ftp://files.dlink.com.au/products/DI-514/REV_A/Firmware/v1.03b2/di514v103b2.dlf
DI-524,B,v1.02,ftp://files.dlink.com.au/products/DI-524/REV_B/Firmware/Firmware_2.07/DI-524_V2.07.zip
DI-524UP,A,v1.00,ftp://files.dlink.com.au/products/DI-524UP/REV_A/Firmware/Firmware_1.7.1tomi/dlink-di524up-1.7.1+web.bix
DI-524UP,A,v1.00,ftp://files.dlink.com.au/products/DI-524UP/REV_A/Firmware/Firmware_1.08_Security_Fix/DI-524UPA1_WW_FW_Security_Fix.zip
DI-604UP,A,,ftp://files.dlink.com.au/products/DI-604UP/REV_A/Firmware/Firmware_1.11_Security_Fix/DI-604UPA1_WW_FW_Security_Fix.zip
DI-624,D,v1.06,ftp://files.dlink.com.au/products/DI-624/REV_D/Firmware/Firmware_4.04b47/DI624_FW404B47.bin
DI-624,C,v1.06,ftp://files.dlink.com.au/products/DI-624/REV_C/Firmware/Firmware_2.76/di624_revC_firmware_2.76.bin
DI-624,B,v1.31,ftp://files.dlink.com.au/products/DI-624/REV_B/Firmware/v1.31/di624_131_nml.bin
DI-624,D,v1.06,ftp://files.dlink.com.au/products/DI-624/REV_D/Firmware/Firmware_4.04b47/DI624_FW404B47.bin
DI-624,C,v1.06,ftp://files.dlink.com.au/products/DI-624/REV_C/Firmware/Firmware_2.76/di624_revC_firmware_2.76.bin
DI-624,B,v1.31,ftp://files.dlink.com.au/products/DI-624/REV_B/Firmware/v1.31/di624_131_nml.bin
DI-624S,B,v1.00,ftp://files.dlink.com.au/products/DI-624S/REV_B/Firmware/Firmware_1.12WWB02/DI624SBx_FW112WWB02.bix
DI-624S,B,v1.00,ftp://files.dlink.com.au/products/DI-624S/REV_B/Firmware/Firmware_1.11B02/DI-624S_fw_v1.11patch02.zip
DI-624S,A,v1.00,ftp://files.dlink.com.au/products/DI-624S/REV_A/Firmware/Firmware_ver.1.00/DI-624S-v1.00.bix
DI-634M,A,v1.3b53,ftp://files.dlink.com.au/products/DI-634M/REV_A/Firmware/Firmware_v1.3b53/DI-634M_fw1.3b53.zip
DI-701,A,v4.07,ftp://files.dlink.com.au/products/DI-701/REV_A/Firmware/v4.07/FW_v4.07.zip
DI-701,A,v3.37,ftp://files.dlink.com.au/products/DI-701/REV_A/Firmware/v3.37/FW_v3.37.zip
DI-701,A,v3.32,ftp://files.dlink.com.au/products/DI-701/REV_A/Firmware/v3.32/FW_v3.32.zip
DI-701,A,v3.21,ftp://files.dlink.com.au/products/DI-701/REV_A/Firmware/v3.21/FWLOAD.exe
DI-704P,D,v3.14b07,ftp://files.dlink.com.au/products/DI-704P/REV_D/Firmware/Firmware_v3.14b07/DI-704P_FW_3.14.BIN
DI-704P,C,v3.14,ftp://files.dlink.com.au/products/DI-704P/REV_C/Firmware/v3.14/v3.14.zip
DI-704P,B,v2.75b3,ftp://files.dlink.com.au/products/DI-704P/REV_B/Firmware/v2.75b3/v2.75b3.zip
DI-704P,A,v2.60b2,ftp://files.dlink.com.au/products/DI-704P/REV_A/Firmware/v2.60b2/v2.60b2.zip
DI-704UP,A,v1.00,ftp://files.dlink.com.au/products/DI-704UP/REV_A/Firmware/Firmware_1.03B03/DI-704UP_103b03.zip
DI-707P,C,v1.10,ftp://files.dlink.com.au/products/DI-707P/REV_C/Firmware/Firmware_3.21/DI-707_firmware_3.21.zip
DI-707P,B,v2.71b2,ftp://files.dlink.com.au/products/DI-707P/REV_B/Firmware/v2.71b2/v2.71b2.zip
DI-707P,A,v2.60b2,ftp://files.dlink.com.au/products/DI-707P/REV_A/Firmware/v2.60b2/v2.60b2.zip
DI-713P,A,v2.60b2,ftp://files.dlink.com.au/products/DI-713P/REV_A/Firmware/v2.60b2/v2.60b2.zip
DI-764,A,v2.15,ftp://files.dlink.com.au/products/DI-764/REV_A/Firmware/v2.15/DI-764_nml_2.15.bin
DI-784,A,v2.42,ftp://files.dlink.com.au/products/DI-784/REV_A/Firmware/Firmware_v2.42/DI-784_v242_0019_nml.bin
DI-804,A,v2.05b2,ftp://files.dlink.com.au/products/DI-804/REV_A/Firmware/v2.05b2/di804_205b2.zip
DI-804HV,C,v1.00,ftp://files.dlink.com.au/products/DI-804HV/REV_C/Firmware/Firmware_1.51/DI-804HV_fw_1.51.zip
DI-804HV,B,v1.00,ftp://files.dlink.com.au/products/DI-804HV/REV_B/Firmware/Firmware_1.51/DI-804HV_fw_1.51.zip
DI-804HV,A,v1.00,ftp://files.dlink.com.au/products/DI-804HV/REV_A/Firmware/Firmware_1.44B03/DI-804HV_fw1.44b03.zip
DI-804V,A,v4.75k,ftp://files.dlink.com.au/products/DI-804V/REV_A/Firmware/v4.75k/D804vK.475
DI-808HV,B,v1.00,ftp://files.dlink.com.au/products/DI-808HV/REV_B/Firmware/Firmware_2.00b14/20071127_DI_808HV_V2.00b14.zip
DI-808HV,A,v1.00,ftp://files.dlink.com.au/products/DI-808HV/REV_A/Firmware/Firmware_1.44B03/DI-808HV_fw1.44b03.zip
DI-824VUP,B,v2.10,ftp://files.dlink.com.au/products/DI-824VUP/REV_B/Firmware/Firmware_v2.10/DI-824VUP_v210b01.zip
DI-824VUP,B,v2.10,ftp://files.dlink.com.au/products/DI-824VUP/REV_B/Firmware/Firmware_v2.10/DI-824VUP_v210b01.zip
DIR-120,A,,ftp://files.dlink.com.au/products/DIR-120/REV_A/Firmware/Firmware_1.02/DIR-120_v1.02.bix
DIR-130,A,v1.23B20,ftp://files.dlink.com.au/products/DIR-130/REV_A/Firmware/Firmware_v1.23B20/DIR130_FW123B20.zip
DIR-300,A,v1.05b976,ftp://files.dlink.com.au/products/DIR-300/REV_A/Firmware/v1.05b976/dir300_v1.05_976h.bin
DIR-300,A,v1.04,ftp://files.dlink.com.au/products/DIR-300/REV_A/Firmware/v1.04-tomi-1.1.2/dir300_v1.04-tomi-1.1.2.bin
DIR-320,A,v1.21b03,ftp://files.dlink.com.au/products/DIR-320/REV_A/Firmware/Firmware_v1.21b03/DIR320A1_FW121WWB03.bin
DIR-330,A,v1.23,ftp://files.dlink.com.au/products/DIR-330/REV_A/Firmware/Firmware_v1.23/DIR330_FW123b07.zip
DIR-412,A,,ftp://files.dlink.com.au/products/DIR-412/REV_A/Firmware/Firmware_1.15WWb02/DIR412A1_FW115WWb02.bin
DIR-451,A,v1.03,ftp://files.dlink.com.au/products/DIR-451/REV_A/Firmware/v1.03_WW_B0011/DIR-451_v1.03_WW_B0011_firmware
DIR-457U,A,,ftp://files.dlink.com.au/products/DIR-457U/REV_A/Firmware/No_Firmware_Available.pdf
DIR-505,A,v1.09b06,ftp://files.dlink.com.au/products/DIR-505/REV_A/Firmware/v1.09b06/DIR505A1_FW109B06.bin
DIR-505,A,v1.09b02,ftp://files.dlink.com.au/products/DIR-505/REV_A/Firmware/v1.09b02/DIR505A1_FW109B02.bin
DIR-505,A,v1.08b07,ftp://files.dlink.com.au/products/DIR-505/REV_A/Firmware/v1.08b07/DIR505A1_FW108B07.bin
DIR-505,A,v1.07b18,ftp://files.dlink.com.au/products/DIR-505/REV_A/Firmware/v1.07b18/DIR505A1_FW107B18.bin
DIR-505,A,v1.06b05,ftp://files.dlink.com.au/products/DIR-505/REV_A/Firmware/v1.06b05/DIR505A1_FW106B05.bin
DIR-505,A,v1.05b04,ftp://files.dlink.com.au/products/DIR-505/REV_A/Firmware/v1.05b04/DIR505A1_FW105B04.bin
DIR-506L,A,v2.15b02,ftp://files.dlink.com.au/products/DIR-506L/REV_A/Firmware/v2.15b02_20130708/20130708_D-Link_DIR-506L_V2.15b02.bin
DIR-506L,A,v2.14b07,ftp://files.dlink.com.au/products/DIR-506L/REV_A/Firmware/v2.14b07_20130417/20130417_D-Link_DIR-506L_V2.14b07.bin
DIR-506L,A,v2.14b04,ftp://files.dlink.com.au/products/DIR-506L/REV_A/Firmware/v2.14b04_20130312/20130305_D-Link_DIR-506L_V2.14b04.bin
DIR-506L,A,v2.11b02,ftp://files.dlink.com.au/products/DIR-506L/REV_A/Firmware/v2.11b02_20120813/20120813_D-Link_DIR-506L_V2.11b02.BIN
DIR-510L,A,V1.06,ftp://files.dlink.com.au/products/DIR-510L/REV_A/Firmware/V1.06/DIR510LA1_FW106b02.bin
DIR-510L,A,V1.03,ftp://files.dlink.com.au/products/DIR-510L/REV_A/Firmware/V1.03/DIR510LA1_Firmware_v1.03b03.zip
DIR-600,B5,v2.15WWb02,ftp://files.dlink.com.au/products/DIR-600/REV_B5/Firmware/v2.15WWb02/DIR600B6_FW215WWb02.bin
DIR-600,B5,v2.14WWb01,ftp://files.dlink.com.au/products/DIR-600/REV_B5/Firmware/v2.14WWb01/DIR600B5_FW214WWb01.bin
DIR-600,B5,v2.13WWb01,ftp://files.dlink.com.au/products/DIR-600/REV_B5/Firmware/v2.13WWb01/DIR600B5_FW213WWb01.bin
DIR-600,B5,v2.12WWb02,ftp://files.dlink.com.au/products/DIR-600/REV_B5/Firmware/v2.12WWb02/DIR600B5_FW212WWb02.bin
DIR-600,B5,v2.11WWb11,ftp://files.dlink.com.au/products/DIR-600/REV_B5/Firmware/v2.11WWb11/DIR600B5_FW211WWb11.bin
DIR-600,B5,v2.10WWb06,ftp://files.dlink.com.au/products/DIR-600/REV_B5/Firmware/v2.10WWb06/DIR600B5_FW210WWB06.bin
DIR-600,B2,v2.05,ftp://files.dlink.com.au/products/DIR-600/REV_B2/Firmware/Firmware_v2.05/DIR600B_FW205b01.bin
DIR-600,B1,v2.05,ftp://files.dlink.com.au/products/DIR-600/REV_B1/Firmware/Firmware_v2.05/DIR600B_FW205b01.bin
DIR-600L,A,,ftp://files.dlink.com.au/products/DIR-600L/REV_A/Firmware/Click_me_for_a_download_link.pdf
DIR-605L,A,,ftp://files.dlink.com.au/products/DIR-605L/REV_A/Firmware/Click_me_for_a_download_link.pdf
DIR-615,E,,ftp://files.dlink.com.au/products/DIR-615/REV_E/Firmware/Firmware_5.11B0029/DIR615E4_FW511B0029.bin
DIR-615,C,,ftp://files.dlink.com.au/products/DIR-615/REV_C/Firmware/Tomizone_1.0.0_Firmware_3.01/DIR-615_3.01-tomizone-1.0.0.bin
DIR-615,C,,ftp://files.dlink.com.au/products/DIR-615/REV_C/Firmware/Firmware_3.03B07/DIR615_FW303B07.zip
DIR-615,B,v2.25,ftp://files.dlink.com.au/products/DIR-615/REV_B/Firmware/Firmware_v2.25/dir615_revB_firmware_225.bin
DIR-632,A,v1.03b08,ftp://files.dlink.com.au/products/DIR-632/REV_A/Firmware/Firmware_v1.03b08/DIR632A1_FW103B08.bin
DIR-632,A,v1.02b10,ftp://files.dlink.com.au/products/DIR-632/REV_A/Firmware/Firmware_v1.02b10/DIR632A1_FW102B10.bin
DIR-635,B,,ftp://files.dlink.com.au/products/DIR-635/REV_B/Firmware/Firmware_2.30B04/DIR635B3_FW230WWB04.bin
DIR-635,A,,ftp://files.dlink.com.au/products/DIR-635/REV_A/Firmware/Firmware_1.09b01/DIR-635_FW_1.09B01.zip
DIR-636L,A,,ftp://files.dlink.com.au/products/DIR-636L/REV_A/Firmware/Click_me_for_a_download_link.pdf
DIR-645,A,,ftp://files.dlink.com.au/products/DIR-645/REV_A/Firmware/DIR645_FW103B11/DIR645A1_FW103B11.zip
DIR-645,A,,ftp://files.dlink.com.au/products/DIR-645/REV_A/Firmware/DIR645_FW102B08/DIR645A1_FW102B08.zip
DIR-655,B,v2.05b06,ftp://files.dlink.com.au/products/DIR-655/REV_B/Firmware/Firmware_v2.05b06/DIR655B1_FW205B06.bin
DIR-655,A,v1.37WW,ftp://files.dlink.com.au/products/DIR-655/REV_A/Firmware/Firmware_v1.37WW/DIR655A4_FW137WW.bin
DIR-685,A,v2.00b01,ftp://files.dlink.com.au/products/DIR-685/REV_A/Firmware/Firmware_v2.00b01/DIR685_Driver_v2.00B01.zip
DIR-810L,A,,ftp://files.dlink.com.au/products/DIR-810L/REV_A/Firmware/Click_me_for_a_download_link.pdf
DIR-815,B,,ftp://files.dlink.com.au/products/DIR-815/REV_B/Firmware/No_Firmware_Available.pdf
DIR-815,A,,ftp://files.dlink.com.au/products/DIR-815/REV_A/Firmware/No_Firmware_Available.pdf
DIR-816L,B,,ftp://files.dlink.com.au/products/DIR-816L/REV_B/Firmware/Click_me_for_a_download_link.pdf
DIR-825,C,v3.00b32,ftp://files.dlink.com.au/products/DIR-825/REV_C/Firmware/Firmware_v3.00b32/DIR825C1_FW300B32.bin
DIR-825,B,v2.06,ftp://files.dlink.com.au/products/DIR-825/REV_B/Firmware/Firmware_v2.06/DIR825B1_FW206WWB05.zip
DIR-826L,A,,ftp://files.dlink.com.au/products/DIR-826L/REV_A/Firmware/Click_me_for_a_download_link.pdf
DIR-835,A,v1.04b24,ftp://files.dlink.com.au/products/DIR-835/REV_A/Firmware/v1.04b24/DIR835A1_FW104B24.bin
DIR-835,A,v1.03b05,ftp://files.dlink.com.au/products/DIR-835/REV_A/Firmware/v1.03b05/DIR-835A1_FW103B05.bin
DIR-850L,B,,ftp://files.dlink.com.au/products/DIR-850L/REV_B/Firmware/DIR850LB1_FW207WWb05.bin
DIR-850L,B,,ftp://files.dlink.com.au/products/DIR-850L/REV_B/Firmware/DIR850L_FW206WWb05.bin
DIR-850L,A,,ftp://files.dlink.com.au/products/DIR-850L/REV_A/Firmware/DIR850LA1_FW114WWb07.bin
DIR-855,A,v1.23B02,ftp://files.dlink.com.au/products/DIR-855/REV_A/Firmware/Firmware_v1.23B02/DIR855_FW123WWb02.bin
DIR-865L,A,,ftp://files.dlink.com.au/products/DIR-865L/REV_A/Firmware/Click_me_for_a_download_link.pdf
DIR-868L,B,,ftp://files.dlink.com.au/products/DIR-868L/REV_B/Firmware/DIR868LB1_FW203b01.bin
DIR-868L,A,,ftp://files.dlink.com.au/products/DIR-868L/REV_A/Firmware/Click_me_for_a_download_link.pdf
DIR-868L,A,v1.10FBb01,ftp://files.dlink.com.au/products/DIR-868L/REV_A/Firmware/Firmware_v1.10FBb01/DIR868LA1_FW110FBb01.bin
DIR-868L,A,v1.09b08,ftp://files.dlink.com.au/products/DIR-868L/REV_A/Firmware/Firmware_v1.09b08/DIR868LA1_FW109b08.bin
DIR-879,A,,ftp://files.dlink.com.au/products/DIR-879/REV_A/Firmware/DIR879Ax_FW103b01.bin
DIR-880L,A,v1.07b08,ftp://files.dlink.com.au/products/DIR-880L/REV_A/Firmware/Firmware_v1.07b08/DIR880A1_FW107WWb08.bin
DIR-880L,A,v1.07b04,ftp://files.dlink.com.au/products/DIR-880L/REV_A/Firmware/Firmware_v1.07b04/DIR880A1_FW107WWb04.bin
DIR-880L,A,v1.03b11,ftp://files.dlink.com.au/products/DIR-880L/REV_A/Firmware/Firmware_v1.03b11_FacebookWiFi/DIR880LA1_FW103FBb11_f48f.bin
DIR-880L,A,v1.03b11,ftp://files.dlink.com.au/products/DIR-880L/REV_A/Firmware/Firmware_v1.03b11/DIR880LA1_FW103WWb11_f41b.bin
DIR-880L,A,v1.01b09,ftp://files.dlink.com.au/products/DIR-880L/REV_A/Firmware/Firmware_v1.01b09/DIR880LA1_FW101b09_e6ck.bin
DIR-880L,A,v1.00b48,ftp://files.dlink.com.au/products/DIR-880L/REV_A/Firmware/Firmware_v1.00b48/DIR880A1_FW100b48.bin
DIR-890L,A,v1.10b07,ftp://files.dlink.com.au/products/DIR-890L/REV_A/Firmware/Firmware_v1.10b07/DIR890LA1_FW110b07.bin
DIR-890L,A,v1.10b03,ftp://files.dlink.com.au/products/DIR-890L/REV_A/Firmware/Firmware_v1.10b03/DIR890LA1_FW110b03.bin
DIR-890L,A,v1.08b03,ftp://files.dlink.com.au/products/DIR-890L/REV_A/Firmware/Firmware_v1.08b03/DIR890LA1_FW108b03.bin
DIR-890L,A,v1.07b09,ftp://files.dlink.com.au/products/DIR-890L/REV_A/Firmware/Firmware_v1.07b09/DIR890LA1_FW107b09.bin
DIR-890L,A,v1.06b04,ftp://files.dlink.com.au/products/DIR-890L/REV_A/Firmware/Firmware_v1.06b04/DIR890LA1_FW106b04.bin
DIR-890L,A,v1.05b04,ftp://files.dlink.com.au/products/DIR-890L/REV_A/Firmware/Firmware_v1.05b04/DIR890A1_FW105b04.bin
DIR-890L,A,v1.00b25,ftp://files.dlink.com.au/products/DIR-890L/REV_A/Firmware/Firmware_v1.00b25/DIR890LA1_FW100b25.bin
DIR-895L,A,v1.10b04,ftp://files.dlink.com.au/products/DIR-895L/REV_A/Firmware/Firmware_v1.10b04/DIR895LA1_FW110b04_vlan.bin
DIR-895L,A,v1.02b07,ftp://files.dlink.com.au/products/DIR-895L/REV_A/Firmware/Firmware_v1.02b07/DIR895LA1_FW102b07.bin
DKVM-2,A,,ftp://files.dlink.com.au/products/DKVM-2/REV_A/Firmware/No_Firmware_Available.pdf
DKVM-2K,A,,ftp://files.dlink.com.au/products/DKVM-2K/REV_A/Firmware/No_Firmware_Available.pdf
DKVM-4,A,,ftp://files.dlink.com.au/products/DKVM-4/REV_A/Firmware/No_Firmware_Available.pdf
DKVM-4K,A,,ftp://files.dlink.com.au/products/DKVM-4K/REV_A/Firmware/No_Firmware_Available.pdf
DKVM-8E,A,v1.00,ftp://files.dlink.com.au/products/DKVM-8E/REV_A/Firmware/No_Firmware_Available.pdf
DKVM-CB,A,,ftp://files.dlink.com.au/products/DKVM-CB/REV_A/Firmware/No_Firmware_Available.pdf
DM-560,A,v1.00,ftp://files.dlink.com.au/products/DM-560/REV_A/Firmware/No_Firmware_Available.pdf
DMC-1000,A,,ftp://files.dlink.com.au/products/DMC-1000/REV_A/Firmware/No_Firmware_Available.pdf
DMC-1001,A,,ftp://files.dlink.com.au/products/DMC-1001/REV_A/Firmware/No_Firmware_Available.pdf
DMC-1002,A,,ftp://files.dlink.com.au/products/DMC-1002/REV_A/Firmware/No_Firmware_Available.pdf
DMC-1530SC,A,,ftp://files.dlink.com.au/products/DMC-1530SC/REV_A/Firmware/No_Firmware_Available.pdf
DMC-1580SC,A,,ftp://files.dlink.com.au/products/DMC-1580SC/REV_A/Firmware/No_Firmware_Available.pdf
DMC-300M,A,v1.00,ftp://files.dlink.com.au/products/DMC-300M/REV_A/Firmware/No_Firmware_Available.pdf
DMC-300SC,A,v1.00,ftp://files.dlink.com.au/products/DMC-300SC/REV_A/Firmware/No_Firmware_Available.pdf
DMC-515SC,A,,ftp://files.dlink.com.au/products/DMC-515SC/REV_A/Firmware/No_Firmware_Available.pdf
DMC-560SC,A,,ftp://files.dlink.com.au/products/DMC-560SC/REV_A/Firmware/No_Firmware_Available.pdf
DMC-615SC,A,,ftp://files.dlink.com.au/products/DMC-615SC/REV_A/Firmware/No_Firmware_Available.pdf
DMC-700SC,A,v1.00,ftp://files.dlink.com.au/products/DMC-700SC/REV_A/Firmware/No_Firmware_Available.pdf
DMC-805G,A,,ftp://files.dlink.com.au/products/DMC-805G/REV_A/Firmware/No_Firmware_Available.pdf
DMC-810SC,A,,ftp://files.dlink.com.au/products/DMC-810SC/REV_A/Firmware/No_Firmware_Available.pdf
DMF-560TX,A,v1.00,ftp://files.dlink.com.au/products/DMF-560TX/REV_A/Firmware/No_Firmware_Available.pdf
DMF-560TXD,A,,ftp://files.dlink.com.au/products/DMF-560TXD/REV_A/Firmware/No_Firmware_Available.pdf
DMG-112A,A,,ftp://files.dlink.com.au/products/DMG-112A/REV_A/Firmware/No_Firmware_Available.pdf
DNR-202L,A,v2.04,ftp://files.dlink.com.au/products/DNR-202L/REV_A/Firmware/FW_v2.04/DNR-202L_A2_V2.04.03.bin
DNR-202L,A,v2.01,ftp://files.dlink.com.au/products/DNR-202L/REV_A/Firmware/FW_v2.01/DNR-202L_A1_V2.01.04.bin
DNR-312L,A,v1.05,ftp://files.dlink.com.au/products/DNR-312L/REV_A/Firmware/FW_v1.05/DNR-312L_A1_FW_V1.05.06.bin
DNR-312L,A,v1.04,ftp://files.dlink.com.au/products/DNR-312L/REV_A/Firmware/FW_v1.04/DNR-312L_A1_FW_V1.04.03.bin
DNR-312L,A,v1.03,ftp://files.dlink.com.au/products/DNR-312L/REV_A/Firmware/FW_v1.03/DNR-312L_A1_FW_V1.03.02.bin
DNR-322L,A,,ftp://files.dlink.com.au/products/DNR-322L/REV_A/Firmware/DLINK_DNR-322.2.40b03(2.40.0929.2015)
DNR-326,A,v1.0.2.4,ftp://files.dlink.com.au/products/DNR-326/REV_A/Firmware/DNR-326_Release_Notes_2.60b01.pdf
DNR-326,A,v2.60B01,ftp://files.dlink.com.au/products/DNR-326/REV_A/Firmware/Firmware_v2.60B01/DNR-326.2.60b01(2.60.1228.2015).zip
DNR-326,A,v2.50B01,ftp://files.dlink.com.au/products/DNR-326/REV_A/Firmware/Firmware_v2.50B01/D-Link_DNR-326_V2.50b01(2.50.1012.2015).zip
DNR-326,A,v2.40B04,ftp://files.dlink.com.au/products/DNR-326/REV_A/Firmware/Firmware_v2.40B04/DNR-326.2.40b04(2.40.0929.2015).zip
DNR-326,A,v2.40B03,ftp://files.dlink.com.au/products/DNR-326/REV_A/Firmware/Firmware_v2.40B03/DNR-326.2.40b03.zip
DNR-326,A,v2.10B02,ftp://files.dlink.com.au/products/DNR-326/REV_A/Firmware/Firmware_v2.10B02/DNR-326_A2_FW_2.10b02(2.10.0612.2014).zip
DNR-326,A,v2.00b06,ftp://files.dlink.com.au/products/DNR-326/REV_A/Firmware/Firmware_v2.00b06/DNR326.2.00b06.zip
DNR-326,A,v1.40B03,ftp://files.dlink.com.au/products/DNR-326/REV_A/Firmware/Firmware_v1.40B03/DNR326.1.40b03.zip
DNR-326,A,v1.30B01,ftp://files.dlink.com.au/products/DNR-326/REV_A/Firmware/Firmware_v1.30B01/DNR326_A2_FW_1.30b01.zip
DNR-326,A,v1.20b02,ftp://files.dlink.com.au/products/DNR-326/REV_A/Firmware/Firmware_v1.20b02/DLINK_DNR326.1.20b02(1.11.0920.zip
DNS-120,A,v1.00,ftp://files.dlink.com.au/products/DNS-120/REV_A/Firmware/Firmware_1.19b1/DNS-120_fw1.19b1.zip
DNS-312H,A,v1.00,ftp://files.dlink.com.au/products/DNS-312H/REV_A/Firmware/No_Firmware_Available.pdf
DNS-313,A,,ftp://files.dlink.com.au/products/DNS-313/REV_A/Firmware/Firmware_1.04B05/DNS-313_104B05.zip
DNS-313,A,,ftp://files.dlink.com.au/products/DNS-313/REV_A/Firmware/Firmware_&_Configuration_Utility_1.03B04/Firmware_and_Configuration_Utility.zip
DNS-320,A,v2.05b08,ftp://files.dlink.com.au/products/DNS-320/REV_A/Firmware/Firmware_v2.05b08/DNS-320_A2_FW_2.05b08.zip
DNS-320,A,v2.03b03,ftp://files.dlink.com.au/products/DNS-320/REV_A/Firmware/Firmware_v2.03b03/DNS-320_A1_FW_2.03b03.zip
DNS-320,A,v2.02b01,ftp://files.dlink.com.au/products/DNS-320/REV_A/Firmware/Firmware_v2.02b01/DNS-320_A1_FW_2.02b01.zip
DNS-320L,A,v1.08b08,ftp://files.dlink.com.au/products/DNS-320L/REV_A/Firmware/Firmware_v1.08b08/DLINK_DNS320L(LW).1.08b08(3.07.0420.2016).zip
DNS-320L,A,v1.03b08,ftp://files.dlink.com.au/products/DNS-320L/REV_A/Firmware/Firmware_v1.03b08/DNS-320L_A3_FW_1.03b08.zip
DNS-323,C,,ftp://files.dlink.com.au/products/DNS-323/REV_C/Firmware/Firmware_1.08B09/DNS-323_FW_v1.zip
DNS-323,C,,ftp://files.dlink.com.au/products/DNS-323/REV_C/AddOns/DNS-323_SharePort_For_FW_v1.08.zip
DNS-323,C,,ftp://files.dlink.com.au/products/DNS-323/REV_C/AddOns/DNS-323_FW_v1.08_no-ip.DDNS_Package_v1.00.zip
DNS-323,C,,ftp://files.dlink.com.au/products/DNS-323/REV_C/AddOns/DNS-323_FW_v1.08_NFS_Package_v1.00.zip
DNS-323,C,,ftp://files.dlink.com.au/products/DNS-323/REV_C/AddOns/DNS-323_FW_v1.08_BitTorrent_Package_v1.00.zip
DNS-323,B,,ftp://files.dlink.com.au/products/DNS-323/REV_B/Firmware/Firmware_1.08B09/DNS-323_FW_v1.zip
DNS-323,B,,ftp://files.dlink.com.au/products/DNS-323/REV_B/AddOns/DNS-323_SharePort_For_FW_v1.08.zip
DNS-323,B,,ftp://files.dlink.com.au/products/DNS-323/REV_B/AddOns/DNS-323_FW_v1.08_no-ip.DDNS_Package_v1.00.zip
DNS-323,B,,ftp://files.dlink.com.au/products/DNS-323/REV_B/AddOns/DNS-323_FW_v1.08_NFS_Package_v1.00.zip
DNS-323,B,,ftp://files.dlink.com.au/products/DNS-323/REV_B/AddOns/DNS-323_FW_v1.08_BitTorrent_Package_v1.00.zip
DNS-323,A,v1.00,ftp://files.dlink.com.au/products/DNS-323/REV_A/Firmware/Firmware_1.08B09/DNS-323_FW_v1.zip
DNS-323,A,v1.00,ftp://files.dlink.com.au/products/DNS-323/REV_A/AddOns/DNS-323_SharePort_For_FW_v1.08.zip
DNS-323,A,v1.00,ftp://files.dlink.com.au/products/DNS-323/REV_A/AddOns/DNS-323_FW_v1.08_no-ip.DDNS_Package_v1.00.zip
DNS-323,A,v1.00,ftp://files.dlink.com.au/products/DNS-323/REV_A/AddOns/DNS-323_FW_v1.08_NFS_Package_v1.00.zip
DNS-323,A,v1.00,ftp://files.dlink.com.au/products/DNS-323/REV_A/AddOns/DNS-323_FW_v1.08_BitTorrent_Package_v1.00.zip
DNS-327L,A,v1.07b06,ftp://files.dlink.com.au/products/DNS-327L/REV_A/Firmware/Firmware_v1.07b06/DLINK_DNS327L.1.07b06(3.13.0422.2016).zip
DNS-327L,A,v1.06b02,ftp://files.dlink.com.au/products/DNS-327L/REV_A/Firmware/Firmware_v1.06b02/DLINK_DNS327L.1.06b02(3.13.1020.2015).zip
DNS-327L,A,v1.03b03,ftp://files.dlink.com.au/products/DNS-327L/REV_A/Firmware/Firmware_v1.03b03/DNS-327L_A1_FW_1.03b03.zip
DNS-327L,A,v1.02b01,ftp://files.dlink.com.au/products/DNS-327L/REV_A/Firmware/Firmware_v1.02b01/DNS-327L_A1_FW_1.02b01.zip
DNS-340L,A,,ftp://files.dlink.com.au/products/DNS-340L/REV_A/Firmware/Firmware_1.05b05/DLINK_DNS-340L_1.05b05(1.01.0426.2016).zip
DNS-340L,A,,ftp://files.dlink.com.au/products/DNS-340L/REV_A/Firmware/Firmware_1.01b04_05092014/DLINK_DNS-340L_1.01b04(1.01.0905.2014).zip
DNS-343,B,v1.04b03,ftp://files.dlink.com.au/products/DNS-343/REV_B/Firmware/Firmware_v1.04b03/dns343_fw_v1.04b03.zip
DNS-343,B,v1.04b03,ftp://files.dlink.com.au/products/DNS-343/REV_B/Firmware/Add_on_-_Bittorent/dns343_bittorrent_package_100.zip
DNS-343,B,v1.04b03,ftp://files.dlink.com.au/products/DNS-343/REV_B/Firmware/Add_on_-_Active_Directory/DNS-343_ADS_Package_v101.zip
DNS-343,A,v1.04b03,ftp://files.dlink.com.au/products/DNS-343/REV_A/Firmware/Firmware_v1.04b03/dns343_fw_v1.04b03.zip
DNS-343,A,v1.04b03,ftp://files.dlink.com.au/products/DNS-343/REV_A/Firmware/Add_on_-_Bittorent/dns343_bittorrent_package_100.zip
DNS-343,A,v1.04b03,ftp://files.dlink.com.au/products/DNS-343/REV_A/Firmware/Add_on_-_Active_Directory/DNS-343_ADS_Package_v101.zip
DNS-345,A,v1.04b02,ftp://files.dlink.com.au/products/DNS-345/REV_A/Firmware/Firmware_v1.04b02/DNS-345_A2_FW_1.04b02.zip
DNS-345,A,v1.03b06,ftp://files.dlink.com.au/products/DNS-345/REV_A/Firmware/Firmware_v1.03b06/DNS-345_A2_FW_v1.03b06.zip
DNS-345,A,v1.02b04,ftp://files.dlink.com.au/products/DNS-345/REV_A/Firmware/Firmware_v1.02b04/DNS-345_A2_FW_v1.02b04.zip
DNS-345,A,v1.01b09,ftp://files.dlink.com.au/products/DNS-345/REV_A/Firmware/Firmware_v1.01b09/DNS-345_A2_FW_v1.01b09.zip
DNS-345,A,v1.00b08,ftp://files.dlink.com.au/products/DNS-345/REV_A/Firmware/Firmware_v1.00b08/DNS-345_A1_FW_v1.00b08.zip
DP-101,A,,ftp://files.dlink.com.au/products/DP-101/REV_A/Firmware/No_Firmware_Available.pdf
DP-101,A,,ftp://files.dlink.com.au/products/DP-101/REV_A/Firmware/No_Firmware_Available.pdf
DP-300,B,v1.40,ftp://files.dlink.com.au/products/DP-300/REV_B/Firmware/v1.40/1.40_(B1).zip
DP-300,A,v1.00,ftp://files.dlink.com.au/products/DP-300/REV_A/Firmware/v1.00/v1.00.zip
DP-300,B,v1.40,ftp://files.dlink.com.au/products/DP-300/REV_B/Firmware/v1.40/1.40_(B1).zip
DP-300,A,v1.00,ftp://files.dlink.com.au/products/DP-300/REV_A/Firmware/v1.00/v1.00.zip
DP-300U,B,v2.10b3,ftp://files.dlink.com.au/products/DP-300U/REV_B/Firmware/v2.10b3/dp300u_v210_build_3.zip
DP-300U,A,v1.20,ftp://files.dlink.com.au/products/DP-300U/REV_A/Firmware/v1.20/DP300U_1.20.bin
DP-301P,A,v1.38,ftp://files.dlink.com.au/products/DP-301P/REV_A/Firmware/v1.38/v1.38.zip
DP-301P,A,v1.38,ftp://files.dlink.com.au/products/DP-301P/REV_A/Firmware/v1.38/v1.38.zip
DP-301U,B,v2.00b3,ftp://files.dlink.com.au/products/DP-301U/REV_B/Firmware/v2.00b3/dp301u_v200b3.bin
DP-301U,A,v2.00,ftp://files.dlink.com.au/products/DP-301U/REV_A/Firmware/v2.00/DP301U_2.00.bin
DP-303,A,v1.39,ftp://files.dlink.com.au/products/DP-303/REV_A/Firmware/v1.39/DP-303_v139.BIN
DP-311P,A,v1.11,ftp://files.dlink.com.au/products/DP-311P/REV_A/Firmware/v1.11/v1.11.BIN
DP-311U,A,v1.01,ftp://files.dlink.com.au/products/DP-311U/REV_A/Firmware/No_Firmware_Available.pdf
DP-313,A,v1.00,ftp://files.dlink.com.au/products/DP-313/REV_A/Firmware/v1.00/dp-313.zip
DP-601M,A,v2.20c,ftp://files.dlink.com.au/products/DP-601M/REV_A/Firmware/v2.20c/Dp802.zip
DP-601M,A,v2.20c,ftp://files.dlink.com.au/products/DP-601M/REV_A/Firmware/v2.20c/Dp692.zip
DP-601M,A,v2.20c,ftp://files.dlink.com.au/products/DP-601M/REV_A/Firmware/v2.20c/Dp602.zip
DP-601M,A,v2.20c,ftp://files.dlink.com.au/products/DP-601M/REV_A/Firmware/v2.20c/Dp601m_2.20c.zip
DP-602,B,v3.01,ftp://files.dlink.com.au/products/DP-602/REV_B/Firmware/v3.01/DP602B1-3.01.BIN
DP-602,A,v2.00,ftp://files.dlink.com.au/products/DP-602/REV_A/Firmware/Ver.2.20b/DP602.BIN
DP-692,A,v1.00,ftp://files.dlink.com.au/products/DP-692/REV_A/Firmware/No_Firmware_Available.pdf
DP-802,A,v1.00,ftp://files.dlink.com.au/products/DP-802/REV_A/Firmware/v1.00/DP-802.BIN
DP-G301,A,v1.33,ftp://files.dlink.com.au/products/DP-G301/REV_A/Firmware/Firmware_v1.33/dpg301_fw_133_build_2.zip
DP-G310,C,v1.00,ftp://files.dlink.com.au/products/DP-G310/REV_C/Firmware/Firmware_2.10b5/DP-G310_2.10b5.bin
DP-G310,B,v2.00b2,ftp://files.dlink.com.au/products/DP-G310/REV_B/Firmware/v2.00b2/dpg310_v200b2.bin
DP-G310,A,v2.00b2,ftp://files.dlink.com.au/products/DP-G310/REV_A/Firmware/v2.00b2/dpg310_v200b2.bin
DP-G321,C,v1.10,ftp://files.dlink.com.au/products/DP-G321/REV_C/Firmware/Firmware_2.10b6/dpg321_v210_build_6.bin
DP-G321,B,v1.10,ftp://files.dlink.com.au/products/DP-G321/REV_B/Firmware/Firmware_2.10b6/dpg321_v210_build_6.bin
DP-G321,A,v1.10,ftp://files.dlink.com.au/products/DP-G321/REV_A/Firmware/Firmware_2.10b6/dpg321_v210_build_6.bin
DPH-100S,A,v1.00,ftp://files.dlink.com.au/products/DPH-100S/REV_A/Firmware/b19r20(0809150557)/dph100s-b19r20(0809150557).tfp
DPH-120S,A,v1.00.13,ftp://files.dlink.com.au/products/DPH-120S/REV_A/Firmware/v1.00.13/DPH-120S_v10013_20061031.azf
DPH-125MS,A,,ftp://files.dlink.com.au/products/DPH-125MS/REV_A/Firmware/VoiceCenter_Device_Update_Package_(05-06-2009).zip
DPH-125MS,A,,ftp://files.dlink.com.au/products/DPH-125MS/REV_A/Firmware/Upgrade_VoiceCenter_Hardware_to_Response_Point_1.0_SP2.pdf
DPH-140S,A,v1.00,ftp://files.dlink.com.au/products/DPH-140S/REV_A/Firmware/v1.00/DPH-140S_v1.00_20041019.azf
DPH-80H,A,v2.50,ftp://files.dlink.com.au/products/DPH-80H/REV_A/Firmware/v2.50/dph80hv2.tfp
DPH-80H,A,v2.50,ftp://files.dlink.com.au/products/DPH-80H/REV_A/Firmware/v2.50/dph80hv1.tfp
DPH-80S,A,v1.00,ftp://files.dlink.com.au/products/DPH-80S/REV_A/Firmware/v3.0/dph80v2.tfp
DPH-80S,A,v1.00,ftp://files.dlink.com.au/products/DPH-80S/REV_A/Firmware/v3.0/dph80v1.tfp
DPH-C160S,A,v1.00.006DPH,ftp://files.dlink.com.au/products/DPH-C160S/REV_A/Firmware/v1.00.006DPH-AUS-20070226/dph_c160s-100006DPH-AUS-20070226.tfp
DPR-1020,A,v1.03b3,ftp://files.dlink.com.au/products/DPR-1020/REV_A/Firmware/Firmware_v1.03b3/DPR-1020_FW_v1.03b3.zip
DPR-1040,A,,ftp://files.dlink.com.au/products/DPR-1040/REV_A/Firmware/No_Firmware_Available.pdf
DPR-1061,A,,ftp://files.dlink.com.au/products/DPR-1061/REV_A/Firmware/No_Firmware_Available.pdf
DPR-1260,A,,ftp://files.dlink.com.au/products/DPR-1260/REV_A/Firmware/Firmware_1.21/DPR-1260_1.21.bin
DPR-2000,A,,ftp://files.dlink.com.au/products/DPR-2000/REV_A/Firmware/No_Firmware_Available.pdf
DPS-200,A,,ftp://files.dlink.com.au/products/DPS-200/REV_A/Firmware/No_Firmware_Available.pdf
DPS-300,A,,ftp://files.dlink.com.au/products/DPS-300/REV_A/Firmware/No_Firmware_Available.pdf
DPS-500,A,,ftp://files.dlink.com.au/products/DPS-500/REV_A/Firmware/No_Firmware_Available.pdf
DPS-600,A,,ftp://files.dlink.com.au/products/DPS-600/REV_A/Firmware/No_Firmware_Available.pdf
DPS-800,A,,ftp://files.dlink.com.au/products/DPS-800/REV_A/Firmware/No_Firmware_Available.pdf
DPS-900,A,,ftp://files.dlink.com.au/products/DPS-900/REV_A/Firmware/No_Firmware_Available.pdf
DSA-3100,B,v1.00,ftp://files.dlink.com.au/products/DSA-3100/REV_B/Firmware/DSA-3100_GPL_SourceCode.tar.gz
DSA-3100,B,v3.10ww,ftp://files.dlink.com.au/products/DSA-3100/REV_B/Firmware/Firmware_v3.10ww/DSA-3100-3-10WW.rom
DSA-3100,A,v2.24,ftp://files.dlink.com.au/products/DSA-3100/REV_A/Firmware/v2.24/v2.24.zip
DSA-3100P,A,,ftp://files.dlink.com.au/products/DSA-3100P/REV_A/Firmware/No_Firmware_Available.pdf
DSA-3600,A,v3.60.00,ftp://files.dlink.com.au/products/DSA-3600/REV_A/Firmware/Firmware_v3.60.00_03900/D-Link_DSA-3600_3.60.00_03900.zip
DSA-5100,A,,ftp://files.dlink.com.au/products/DSA-5100/REV_A/Firmware/No_Firmware_Available.pdf
DSB-500,A,,ftp://files.dlink.com.au/products/DSB-500/REV_A/Firmware/No_Firmware_Available.pdf
DSB-C100,A,,ftp://files.dlink.com.au/products/DSB-C100/REV_A/Firmware/No_Firmware_Available.pdf
DSB-C300,B,,ftp://files.dlink.com.au/products/DSB-C300/REV_B/Firmware/No_Firmware_Available.pdf
DSB-C310,B,,ftp://files.dlink.com.au/products/DSB-C310/REV_B/Firmware/No_Firmware_Available.pdf
DSB-R100,A,,ftp://files.dlink.com.au/products/DSB-R100/REV_A/Firmware/No_Firmware_Available.pdf
DSB-V100,A,,ftp://files.dlink.com.au/products/DSB-V100/REV_A/Firmware/No_Firmware_Available.pdf
DSC-100,A,,ftp://files.dlink.com.au/products/DSC-100/REV_A/Firmware/No_Firmware_Available.pdf
DSC-350,A,v1.00,ftp://files.dlink.com.au/products/DSC-350/REV_A/Firmware/No_Firmware_Available.pdf
DSD-150,A,,ftp://files.dlink.com.au/products/DSD-150/REV_A/Firmware/Firmware_2.00/dsd150_firmware_200.bin
DSL-100D,A,v2.00,ftp://files.dlink.com.au/products/DSL-100D/REV_A/Firmware/No_Firmware_Available.pdf
DSL-10CF,A,,ftp://files.dlink.com.au/products/DSL-10CF/REV_A/Firmware/No_Firmware_Available.pdf
DSL-10MF,A,,ftp://files.dlink.com.au/products/DSL-10MF/REV_A/Firmware/No_Firmware_Available.pdf
DSL-10SP,A,,ftp://files.dlink.com.au/products/DSL-10SP/REV_A/Firmware/No_Firmware_Available.pdf
DSL-12MF,A,,ftp://files.dlink.com.au/products/DSL-12MF/REV_A/Firmware/No_Firmware_Available.pdf
DSL-1500G,A,v1.00,ftp://files.dlink.com.au/products/DSL-1500G/REV_A/Firmware/R2.21B2T30.AU/DSL-1500G_R22115B2t30.exe
DSL-200,C,,ftp://files.dlink.com.au/products/DSL-200/REV_C/Firmware/No_Firmware_Available.pdf
DSL-200,B,v5.00,ftp://files.dlink.com.au/products/DSL-200/REV_B/Firmware/No_Firmware_Available.pdf
DSL-200,A,v5.00,ftp://files.dlink.com.au/products/DSL-200/REV_A/Firmware/No_Firmware_Available.pdf
DSL-2544N,T,,ftp://files.dlink.com.au/products/DSL-2544N/REV_T/Firmware/AU_1.18_20151102/DSL-2544N_AU_1.18_20151102.zip
DSL-2544N,T,,ftp://files.dlink.com.au/products/DSL-2544N/REV_T/Firmware/AU_1.16_20141119/DSL-2544N_AU_1.16_20141119.zip
DSL-2544N,T,,ftp://files.dlink.com.au/products/DSL-2544N/REV_T/Firmware/AU_1.15_20141016/DSL-2544N_AU_1.15_20141016.zip
DSL-2544N,T,,ftp://files.dlink.com.au/products/DSL-2544N/REV_T/Firmware/AU_1.10_20140709/DSL-2544N_AU_1.10_20140709.zip
DSL-2544N,T,,ftp://files.dlink.com.au/products/DSL-2544N/REV_T/Firmware/AU_1.08_20140530/DSL2544N_Firmware_1.08.zip
DSL-2544N,T,,ftp://files.dlink.com.au/products/DSL-2544N/REV_T/Firmware/AU_1.07b1_20140513/DSL2544N_Firmware_1.07b1.zip
DSL-2544N,T,,ftp://files.dlink.com.au/products/DSL-2544N/REV_T/Firmware/AU_1.01b3_20140121/DSL2544N_Firmware_1.01B3.zip
DSL-2544N,T,,ftp://files.dlink.com.au/products/DSL-2544N/REV_T/Firmware/AU_1.01_20130828/DSL-2544N_Firmware_AU_1.01.zip
DSL-2642B,D,v2.10,ftp://files.dlink.com.au/products/DSL-2642B/REV_D/Firmware/Firmware_v2.10/DSL-2642B_FW_210.zip
DSL-2730B,T,v2.01,ftp://files.dlink.com.au/products/DSL-2730B/REV_T/Firmware/Firmware_v2.01/DSL-2730B_T1_FW_AU_2.01.zip
DSL-2730B,A,v1.02,ftp://files.dlink.com.au/products/DSL-2730B/REV_A/Firmware/Firmware_v1.02_06062012/DSL-2730B_A1_Firmware_v1.02_06062012.zip
DSL-2740B,F1,v2.07,ftp://files.dlink.com.au/products/DSL-2740B/REV_F1/Firmware/Firmware_v2.07_(08-10-2012)/DSL2740B_F1_AU_2.07_10082012.bin
DSL-2740B,F1,v2.04,ftp://files.dlink.com.au/products/DSL-2740B/REV_F1/Firmware/Firmware_v2.04_(26-07-2012)/DSL2740B_F1_AU_2.04_07262012.bin
DSL-2740B,C3,v4.15b363,ftp://files.dlink.com.au/products/DSL-2740B/REV_C3/Firmware/Firmware_v4.15b363/AUS_DSL-2740B_4.15b363.bin
DSL-2740B,C2,v4.15b363,ftp://files.dlink.com.au/products/DSL-2740B/REV_C2/Firmware/Firmware_2.34b424_WEB/AUS_DSL-2740B_2.34b424.bin
DSL-2740BR,F,v2.07,ftp://files.dlink.com.au/products/DSL-2740BR/REV_F/Firmware/Firmware_v2.07_(08-10-2012)/DSL2740B_F1_AU_2.07_10082012.bin
DSL-2750B,T,,ftp://files.dlink.com.au/products/DSL-2750B/REV_T/Firmware/Firmware_AU_3.08_(25-03-2015)/DSL-2750B.T1_Firmware_AU_3.08_25032015.bin
DSL-2750B,T,,ftp://files.dlink.com.au/products/DSL-2750B/REV_T/Firmware/Firmware_AU_3.06_(28-10-2014)/DSL-2750B.T1_Firmware_AU_3.06_20141028.zip
DSL-2750B,T,,ftp://files.dlink.com.au/products/DSL-2750B/REV_T/Firmware/Firmware_AU_3.05_(18-07-2014)/DSl-2750B.T1_Firmware_AU_3.05_20140718.zip
DSL-2750B,T,,ftp://files.dlink.com.au/products/DSL-2750B/REV_T/Firmware/Firmware_AU_3.02_(11-12-2013)/DSl-2750B.T1_Firmware_AU_3.02_20131211.zip
DSL-2750B,T,,ftp://files.dlink.com.au/products/DSL-2750B/REV_T/Firmware/Firmware_AU_3.01_(13-03-2013)/DSl-2750B.T1_Firmware_AU_3.01_20130313.zip
DSL-2750B,T,,ftp://files.dlink.com.au/products/DSL-2750B/REV_T/Firmware/Firmware_AU_3.00_(18-10-2012)/DSl-2750B.T1_Firmware_AU_3.00_20121018.zip
DSL-2750B,B,v2.07,ftp://files.dlink.com.au/products/DSL-2750B/REV_B/Firmware/Firmware_v2.07_(08-10-2012)/DSL2750B_B1_AU_2.07_10082012.bin
DSL-2750B,B,v2.05,ftp://files.dlink.com.au/products/DSL-2750B/REV_B/Firmware/Firmware_v2.05_(03-08-2012)/DSL2750B_B1_AU_2.05_08032012.bin
DSL-2750U,A,v1.07,ftp://files.dlink.com.au/products/DSL-2750U/REV_A/Firmware/Firmware_v1.07/DSL2750U-R5B017-AU.EN_2T2R_update.img
DSL-2750U,A,v1.03,ftp://files.dlink.com.au/products/DSL-2750U/REV_A/Firmware/Firmware_v1.03/DSL2750U-R5B013-AU.EN_2T2R_update.img
DSL-2770L,A,,ftp://files.dlink.com.au/products/DSL-2770L/REV_A/Firmware/Firmware_AU_1.08_04162014/DSL-2770L_A1_AU_1.08_04162014.bin
DSL-2770L,A,,ftp://files.dlink.com.au/products/DSL-2770L/REV_A/Firmware/Firmware_AU_1.06_11152013/DSL-2770L_A1_AU_1.06_11152013.bin
DSL-2770L,A,,ftp://files.dlink.com.au/products/DSL-2770L/REV_A/Firmware/Firmware_AU_1.03_10072013/DSL-2770L_A1_AU_1.03_10072013.bin
DSL-2770L,A,,ftp://files.dlink.com.au/products/DSL-2770L/REV_A/Firmware/Firmware_AU_1.02_09162013/DSL-2770L_A1_AU_1.02_09162013.bin
DSL-2770L,A,,ftp://files.dlink.com.au/products/DSL-2770L/REV_A/Firmware/Firmware_AU_1.00_04022013/DSL-2770L_A1_AU_1.00_04022013.bin
DSL-2790U,A,,ftp://files.dlink.com.au/products/DSL-2790U/REV_A/Firmware/DSL2790UA1_FW1.00.14AU_20151211_R1767.img
DSL-2870B,A,,ftp://files.dlink.com.au/products/DSL-2870B/REV_A/Firmware/DSL-2870B_FW_v2.01.01AU_11032014.zip
DSL-2870B,A,,ftp://files.dlink.com.au/products/DSL-2870B/REV_A/Firmware/DSL-2870B_FW_v2.00.01AU_27062013.zip
DSL-2870B,A,,ftp://files.dlink.com.au/products/DSL-2870B/REV_A/Firmware/DSL-2870B_FW_v2.00.00AU_06062013.zip
DSL-2870B,A,,ftp://files.dlink.com.au/products/DSL-2870B/REV_A/Firmware/DSL-2870B_FW_v1.01.24_11152012.zip
DSL-2870B,A,,ftp://files.dlink.com.au/products/DSL-2870B/REV_A/Firmware/DSL-2870B_FW_v1.01.23_11062012.zip
DSL-2870B,A,,ftp://files.dlink.com.au/products/DSL-2870B/REV_A/Firmware/DSL-2870B_FW_v1.01.14_07272012.zip
DSL-2870B,A,,ftp://files.dlink.com.au/products/DSL-2870B/REV_A/Firmware/DSL-2870B_FW_upgrade_from_v1.01.24_to_v2.00.00AU_06062013.zip
DSL-2875AL,A,v1.00.05AU,ftp://files.dlink.com.au/products/DSL-2875AL/REV_A/Firmware/Firmware_v1.00.05AU_20140220/DSL2875ALA1_FW1.00.05AU_20140220.bin
DSL-2875AL,A,v1.00.02AU,ftp://files.dlink.com.au/products/DSL-2875AL/REV_A/Firmware/Firmware_v1.00.02AU_20131121/DSL2875ALA1_FW1.00.02AU_20131121.bin
DSL-2875AL,A,v1.00.01AU,ftp://files.dlink.com.au/products/DSL-2875AL/REV_A/Firmware/Firmware_v1.00.01AU_20131101/DSL-2875ALA1_FW1.00.01AU_20131101.bin
DSL-2875AL,A,v1.00.00AU,ftp://files.dlink.com.au/products/DSL-2875AL/REV_A/Firmware/Firmware_v1.00.00AU_20130930/DSL-2875ALA1_FW1.00.00AU_20130930.bin
DSL-2877AL,A,,ftp://files.dlink.com.au/products/DSL-2877AL/REV_A/Firmware/Firmware_1.00.13AU_20151216/DSL2877ALA1_FW1.00.13AU_20151216.bin
DSL-2877AL,A,,ftp://files.dlink.com.au/products/DSL-2877AL/REV_A/Firmware/Firmware_1.00.11AU_20150528/DSL2877ALA1_FW1.00.11AU_20150528.bin
DSL-2877AL,A,,ftp://files.dlink.com.au/products/DSL-2877AL/REV_A/Firmware/Firmware_1.00.10AU_20150324/DSL2877ALA1_FW1.00.10AU_20150324.bin
DSL-2877AL,A,,ftp://files.dlink.com.au/products/DSL-2877AL/REV_A/Firmware/Firmware_1.00.07AU_20141212/DSL2877ALA1_FW1.00.07AU_20141212.bin
DSL-2877AL,A,,ftp://files.dlink.com.au/products/DSL-2877AL/REV_A/Firmware/Firmware_1.00.06AU_20141024/DSL2877ALA1_FW1.00.06AU_20141024.bin
DSL-2880AL,A,,ftp://files.dlink.com.au/products/DSL-2880AL/REV_A/Firmware/Firmware_AU_2.01_09112014/DSL-2880AL_A1_AU_2.01_09112014.bin
DSL-2880AL,A,,ftp://files.dlink.com.au/products/DSL-2880AL/REV_A/Firmware/Firmware_AU_2.00_06052014/DSL-2880AL_A1_AU_2.00_06052014.bin
DSL-2880AL,A,,ftp://files.dlink.com.au/products/DSL-2880AL/REV_A/Firmware/Firmware_AU_1.01b_03132014/DSL-2880AL_A1_AU_1.01b_03132014.bin
DSL-2880AL,A,,ftp://files.dlink.com.au/products/DSL-2880AL/REV_A/Firmware/Firmware_AU_1.01_01072014/DSL-2880AL_A1_AU_1.01_01072014.bin
DSL-2880AL,A,,ftp://files.dlink.com.au/products/DSL-2880AL/REV_A/Firmware/Firmware_AU_1.00_08202013/DSL-2880AL_AU_1.00_08202013.bin
DSL-2885A,A,,ftp://files.dlink.com.au/products/DSL-2885A/REV_A/Firmware/DSL2885AA1_FW1.00.03WW_20160526.bin
DSL-2890AL,A,,ftp://files.dlink.com.au/products/DSL-2890AL/REV_A/Firmware/Firmware_AU_1.02.08_20150507/DSL2890AL_AU_1.02.08_20150507.bin
DSL-2890AL,A,,ftp://files.dlink.com.au/products/DSL-2890AL/REV_A/Firmware/Firmware_AU_1.02.07_20150427/DSL2890AL_AU_1.02.07_20150427.bin
DSL-2890AL,A,,ftp://files.dlink.com.au/products/DSL-2890AL/REV_A/Firmware/Firmware_AU_1.02.06_20140528/DSL2890AL_AU_1.02.06_20140528.bin
DSL-2890AL,A,,ftp://files.dlink.com.au/products/DSL-2890AL/REV_A/Firmware/Firmware_AU_1.02.04_20140121/DSL2890AL_AU_1.02.04_20140121.bin
DSL-2890AL,A,,ftp://files.dlink.com.au/products/DSL-2890AL/REV_A/Firmware/Firmware_AU_1.02.02_20131203/DSL2890AL_AU_1.02.02_20131203.bin
DSL-2890AL,A,,ftp://files.dlink.com.au/products/DSL-2890AL/REV_A/Firmware/Firmware_AU_1.01.04_20130906/DSL2890AL_AU_1.01.04_20130906.bin
DSL-2890AL,A,,ftp://files.dlink.com.au/products/DSL-2890AL/REV_A/Firmware/Firmware_AU_1.01.03_20130613/DSL2890AL_AU_1.01.03_20130613.bin
DSL-2890AL,A,,ftp://files.dlink.com.au/products/DSL-2890AL/REV_A/Firmware/Firmware_AU_1.01.02_20130524/DSL2890AL_AU_1.01.02_20130524.bin
DSL-2900AL,A,,ftp://files.dlink.com.au/products/DSL-2900AL/REV_A/Firmware/Firmware_AU_1.01.00_20160905/DSL2900AL_AU_1.01.00_20160905.bin
DSL-2900AL,A,,ftp://files.dlink.com.au/products/DSL-2900AL/REV_A/Firmware/Firmware_AU_1.00.26_20160426/DSL2900AL_AU_1.00.26_20160426.bin
DSL-2900AL,A,,ftp://files.dlink.com.au/products/DSL-2900AL/REV_A/Firmware/Firmware_AU_1.00.25_20160329/DSL2900AL_AU_1.00.25_20160329.bin
DSL-2900AL,A,,ftp://files.dlink.com.au/products/DSL-2900AL/REV_A/Firmware/Firmware_AU_1.00.23_20160204/DSL2900AL_AU_1.00.23_20160204.bin
DSL-2900AL,A,,ftp://files.dlink.com.au/products/DSL-2900AL/REV_A/Firmware/Firmware_AU_1.00.17_20150508/DSL2900AL_AU_1.00.17_20150508.bin
DSL-2900AL,A,,ftp://files.dlink.com.au/products/DSL-2900AL/REV_A/Firmware/Firmware_AU_1.00.12_20141223/DSL2900AL_AU_1.00.12_20141223.bin
DSL-2900AL,A,,ftp://files.dlink.com.au/products/DSL-2900AL/REV_A/Firmware/Firmware_AU_1.00.09_20141017/DSL2900AL_AU_1.00.09_20141017.bin
DSL-2900AL,A,,ftp://files.dlink.com.au/products/DSL-2900AL/REV_A/Firmware/Firmware_AU_1.00.06_20140822/DSL2900AL_AU_1.00.06_20140822.bin
DSL-300,D,v2.00,ftp://files.dlink.com.au/products/DSL-300/REV_D/Firmware/No_Firmware_Available.pdf
DSL-300,C,v2.00,ftp://files.dlink.com.au/products/DSL-300/REV_C/Firmware/R1.14AU/R1.14AU.zip
DSL-300,D,v2.00,ftp://files.dlink.com.au/products/DSL-300/REV_D/Firmware/No_Firmware_Available.pdf
DSL-300,C,v2.00,ftp://files.dlink.com.au/products/DSL-300/REV_C/Firmware/R1.14AU/R1.14AU.zip
DSL-300G,A,v1.00,ftp://files.dlink.com.au/products/DSL-300G/REV_A/Firmware/R2.01M.B6.AU/TEPatch.bin
DSL-302G,C,v4.00,ftp://files.dlink.com.au/products/DSL-302G/REV_C/Firmware/R2.01M.B40AU/TEImage.bin
DSL-302G_AT,C,v4.00,ftp://files.dlink.com.au/products/DSL-302G_AT/REV_C/Firmware/R2.01M.B05.AT/TEImage.bin
DSL-302G_TX,C,v4.00,ftp://files.dlink.com.au/products/DSL-302G_TX/REV_C/Firmware/Read_Me.pdf
DSL-4320L,A,,ftp://files.dlink.com.au/products/DSL-4320L/REV_A/Firmware/Firmware_AU_1.00.21_20160524/DSL4320L_AU_1.00.21.bin
DSL-4320L,A,,ftp://files.dlink.com.au/products/DSL-4320L/REV_A/Firmware/Firmware_AU_1.00.20_20160421/DSL4320L_AU_1.00.20b1.bin
DSL-4320L,A,,ftp://files.dlink.com.au/products/DSL-4320L/REV_A/Firmware/Firmware_AU_1.00.19_20160306/DSL4320L_AU_1.00.19b3.bin
DSL-4320L,A,,ftp://files.dlink.com.au/products/DSL-4320L/REV_A/Firmware/Firmware_AU_1.00.16_20160121/DSL4320L_AU_1.00.16.bin
DSL-4320L,A,,ftp://files.dlink.com.au/products/DSL-4320L/REV_A/Firmware/Firmware_AU_1.00.15_20160107/DSL4320L_AU_1.00.15.bin
DSL-4320L,A,,ftp://files.dlink.com.au/products/DSL-4320L/REV_A/Firmware/Firmware_AU_1.00.14_20151214/DSL4320L_AU_1.00.14.bin
DSL-500,D,v2.00,ftp://files.dlink.com.au/products/DSL-500/REV_D/Firmware/R2.21B19AU/Gen-II-DSL500r221b19au.zip
DSL-500,C,v2.00,ftp://files.dlink.com.au/products/DSL-500/REV_C/Firmware/R2.21B19AU/dsl500R221b19au.zip
DSL-500,A,v2.00,ftp://files.dlink.com.au/products/DSL-500/REV_A/Firmware/R2.21B19AU/dsl500R221b19au.zip
DSL-502T,A,,ftp://files.dlink.com.au/products/DSL-502T/REV_A/Firmware/READ_ME_-_How_to_Recover_Router/How_to_Recover_Router.zip
DSL-502T,A,v2.00B12.AU,ftp://files.dlink.com.au/products/DSL-502T/REV_A/Firmware/Firmware_v2.00B12.AU_WEB/DLinkAU_DSL-502T_singleimage_kernel_fs_V2.00B12.AU_20070425
DSL-502T,A,v2.00B12.AU,ftp://files.dlink.com.au/products/DSL-502T/REV_A/Firmware/Firmware_v2.00B12.AU_EXE/DSL-502T_V2.00B12.AU_20070425.zip
DSL-502T_AT,A,,ftp://files.dlink.com.au/products/DSL-502T_AT/REV_A/Firmware/Read_Me.pdf
DSL-502T_TX,A,,ftp://files.dlink.com.au/products/DSL-502T_TX/REV_A/Firmware/Read_Me.pdf
DSL-504,D,,ftp://files.dlink.com.au/products/DSL-504/REV_D/Firmware/R2.21B19AU/Gen-II-DSL504r221b19au.zip
DSL-504,C,,ftp://files.dlink.com.au/products/DSL-504/REV_C/Firmware/R2.21B19AU/dsl504r221b19au.zip
DSL-504,A,,ftp://files.dlink.com.au/products/DSL-504/REV_A/Firmware/R2.21B19AU/dsl504r221b19au.zip
DSL-504G,D,v2.00,ftp://files.dlink.com.au/products/DSL-504G/REV_D/Firmware/R2.01B25.AU_20060522/TEImage.bin
DSL-504G_TX,D,v2.00,ftp://files.dlink.com.au/products/DSL-504G_TX/REV_D/Firmware/Upgrading_your_XTRA_DLink_504G_-_manual.pdf
DSL-504G_TX,D,v2.00,ftp://files.dlink.com.au/products/DSL-504G_TX/REV_D/Firmware/Upgrading_your_XTRA_DLink_504G_-_manual.doc
DSL-504G_TX,D,v2.00,ftp://files.dlink.com.au/products/DSL-504G_TX/REV_D/Firmware/Firmware_upgrader_v4.exe
DSL-504G_TX,D,v2.00,ftp://files.dlink.com.au/products/DSL-504G_TX/REV_D/Firmware/504Gupgrade.bin
DSL-504T,A,,ftp://files.dlink.com.au/products/DSL-504T/REV_A/Firmware/READ_ME_-_How_to_Recover_Router/How_to_Recover_Router.zip
DSL-504T,A,v2.00B13.AU,ftp://files.dlink.com.au/products/DSL-504T/REV_A/Firmware/Firmware_v2.00B13.AU_WEB/DLinkAU_DSL-504T_singleimage_kernel_fs_V2.00B13.AU_20070425
DSL-504T,A,v2.00B13.AU,ftp://files.dlink.com.au/products/DSL-504T/REV_A/Firmware/Firmware_v2.00B13.AU_EXE/DSL-504T_V2.00B13.AU_20070425.zip
DSL-504T_TX,A,,ftp://files.dlink.com.au/products/DSL-504T_TX/REV_A/Firmware/Read_Me.pdf
DSL-526B,T,v2.01,ftp://files.dlink.com.au/products/DSL-526B/REV_T/Firmware/Firmware_v2.01/E5.2T01-2-DL-R1B145-AU.EN_UPGRADE
DSL-526B,T,v2.00B143,ftp://files.dlink.com.au/products/DSL-526B/REV_T/Firmware/Firmware_v2.00B143/DSL-526B-DL-R1B143-AU.EN_upgrade
DSL-526E,T,,ftp://files.dlink.com.au/products/DSL-526E/REV_T/Firmware/Firmware_AU_1.00/webupload.img
DSL-G604T,B,,ftp://files.dlink.com.au/products/DSL-G604T/REV_B/Firmware/READ_ME_-_How_to_Recover_Router/How_to_Recover_Router.zip
DSL-G604T,B,V2.00B12.AU,ftp://files.dlink.com.au/products/DSL-G604T/REV_B/Firmware/Firmware_V2.00B12.AU_20070509_WEB/DLinkAU_DSL-G604T_singleimage_kernel_fs_V2.00B12.AU_20070509
DSL-G604T,B,V2.00B12.AU,ftp://files.dlink.com.au/products/DSL-G604T/REV_B/Firmware/Firmware_V2.00B12.AU_20070509_EXE/DSL-G604T_V2.00B12.AU_20070509.exe
DSL-G604T,A,V2.00B12.AU,ftp://files.dlink.com.au/products/DSL-G604T/REV_A/Firmware/READ_ME_-_How_to_Recover_Router/How_to_Recover_Router.zip
DSL-G604T,A,V2.00B12.AU,ftp://files.dlink.com.au/products/DSL-G604T/REV_A/Firmware/Firmware_V2.00B12.AU_20070509_WEB/DLinkAU_DSL-G604T_singleimage_kernel_fs_V2.00B12.AU_20070509
DSL-G604T,A,V2.00B12.AU,ftp://files.dlink.com.au/products/DSL-G604T/REV_A/Firmware/Firmware_V2.00B12.AU_20070509_EXE/DSL-G604T_V2.00B12.AU_20070509.zip
DSL-G604T_TX,B,,ftp://files.dlink.com.au/products/DSL-G604T_TX/REV_B/Firmware/Read_Me.pdf
DSL-G604T_TX,A,,ftp://files.dlink.com.au/products/DSL-G604T_TX/REV_A/Firmware/Read_Me.pdf
DSL-G804V,B,,ftp://files.dlink.com.au/products/DSL-G804V/REV_B/Firmware/Firmware_1.00.08.ds1/DSL-G804V_fw_1.00.08ds1.zip
DSM-210,A,,ftp://files.dlink.com.au/products/DSM-210/REV_A/Firmware/No_Firmware_Available.pdf
DSM-330,A,v1.30b38,ftp://files.dlink.com.au/products/DSM-330/REV_A/Firmware/Firmware_1.01.30/DSM-330_FW_1.0.1.30.zip
DSM-380,A,v1.2.0.20310,ftp://files.dlink.com.au/products/DSM-380/REV_A/Firmware/v1.2.0.20310/boxee.iso
DSM-750,B,v1.10,ftp://files.dlink.com.au/products/DSM-750/REV_B/Firmware/No_Firmware_Available.pdf
DSM-G600,B,,ftp://files.dlink.com.au/products/DSM-G600/REV_B/Firmware/Firmware_1.02/DSMG600_fw_1.02(1.49.1019.2006).bin
DSM-T100,A,v1.0.1b933,ftp://files.dlink.com.au/products/DSM-T100/REV_A/Firmware/No_Firmware_Available.pdf
DSN-6210,A,,ftp://files.dlink.com.au/products/DSN-6210/REV_A/Firmware/Firmware_1.3.0/DSN-6200_series_A1_Release_Notes_v1.3.0.pdf
DSN-6210,A,,ftp://files.dlink.com.au/products/DSN-6210/REV_A/Firmware/Firmware_1.3.0/DSN6200_1.3.0_201412160200.zip
DSN-6510,A,,ftp://files.dlink.com.au/products/DSN-6510/REV_A/Firmware/No_Firmware_Available.pdf
DSP-W215,A,,ftp://files.dlink.com.au/products/DSP-W215/REV_A/Firmware/Firmware_v.114B04/DSPW215A1_FW114B04.bin
DSR-1000AC,A,,ftp://files.dlink.com.au/products/DSR-1000AC/REV_A/Firmware/Firmware_3.07/DSR-1000AC_A1_FW3.07_WW
DSR-1000N,A,,ftp://files.dlink.com.au/products/DSR-1000N/REV_A/Firmware/Firmware_2.11B201C/DSR-1000N_Release_Notes_2.11B201C.pdf
DSR-1000N,A,,ftp://files.dlink.com.au/products/DSR-1000N/REV_A/Firmware/Firmware_2.11B201C/DSR-1000N_A1_FW2.11B201C_WW
DSR-1000N,A,,ftp://files.dlink.com.au/products/DSR-1000N/REV_A/Firmware/Firmware_2.02/DSR-series_A1_Release_Notes_v2.02_WW.pdf
DSR-1000N,A,,ftp://files.dlink.com.au/products/DSR-1000N/REV_A/Firmware/Firmware_2.02/DSR-1000N_A1_FW2.02_WW
DSR-1000N,A,,ftp://files.dlink.com.au/products/DSR-1000N/REV_A/Firmware/Firmware_1.09B61/DSR-1000N_A1_FW1.09B61_WW
DSR-1000N,A,,ftp://files.dlink.com.au/products/DSR-1000N/REV_A/Firmware/Firmware_1.09B46/DSR-1000N_A1_FW1.09B46_WW.zip
DSR-1000N,A,,ftp://files.dlink.com.au/products/DSR-1000N/REV_A/Firmware/Firmware_1.08B88/DSR-1000N_A1_FW1.08B88_WW
DSR-250N,A,,ftp://files.dlink.com.au/products/DSR-250N/REV_A/Firmware/DSR-250N_A2_Release_Notes_FW_v2.11.pdf
DSR-250N,A,,ftp://files.dlink.com.au/products/DSR-250N/REV_A/Firmware/DSR-250N_A1_Release_Notes_FW_v2.11.pdf
DSR-250N,A,v2.11,ftp://files.dlink.com.au/products/DSR-250N/REV_A/Firmware/Firmware_v2.11_for_Rev.A2/DSR-250N_A2_FW2.11_WW
DSR-250N,A,v2.11,ftp://files.dlink.com.au/products/DSR-250N/REV_A/Firmware/Firmware_v2.11_for_Rev.A1/DSR-250N_A1_FW2.11_WW
DSR-250N,A,v2.01,ftp://files.dlink.com.au/products/DSR-250N/REV_A/Firmware/Firmware_v2.01_for_Rev.A2/DSR-250N_A2_Release_Notes_FW_v2.01.pdf
DSR-250N,A,v2.01,ftp://files.dlink.com.au/products/DSR-250N/REV_A/Firmware/Firmware_v2.01_for_Rev.A2/DSR-250N_A2_FW_v2.01_WW
DSR-250N,A,v1.09B46,ftp://files.dlink.com.au/products/DSR-250N/REV_A/Firmware/Firmware_v1.09B46_for_Rev.A2/DSR-250N_A2_FW1.09B46.zip
DSR-250N,A,v1.09B46,ftp://files.dlink.com.au/products/DSR-250N/REV_A/Firmware/Firmware_v1.09B46_for_Rev.A1/DSR-250N_A1_FW1.09B46.zip
DSR-500AC,A,,ftp://files.dlink.com.au/products/DSR-500AC/REV_A/Firmware/Firmware_3.07/DSR-500AC_A1_FW3.07_WW
DSR-500N,A,,ftp://files.dlink.com.au/products/DSR-500N/REV_A/Firmware/Firmware_2.11B201C/DSR-500N_A1_FW2.11B201C_WW
DSR-500N,A,,ftp://files.dlink.com.au/products/DSR-500N/REV_A/Firmware/Firmware_2.11B201C/DSR-500N_1000N_Release_Notes_2.11B201C.pdf
DSR-500N,A,,ftp://files.dlink.com.au/products/DSR-500N/REV_A/Firmware/Firmware_2.02/DSR-series_A1_Release_Notes_v2.02_WW.pdf
DSR-500N,A,,ftp://files.dlink.com.au/products/DSR-500N/REV_A/Firmware/Firmware_2.02/DSR-500N_A1_FW2.02_WW
DSR-500N,A,,ftp://files.dlink.com.au/products/DSR-500N/REV_A/Firmware/Firmware_1.09B61/DSR-500N_A1_FW1.09B61_WW
DSR-500N,A,,ftp://files.dlink.com.au/products/DSR-500N/REV_A/Firmware/Firmware_1.09B46/DSR-500N_A1_FW1.09B46.zip
DSR-500N,A,,ftp://files.dlink.com.au/products/DSR-500N/REV_A/Firmware/Firmware_1.08B88/DSR-500N_A1_FW1.08B88_WW
DU-560M,A,,ftp://files.dlink.com.au/products/DU-560M/REV_A/Firmware/No_Firmware_Available.pdf
DU-562M,B,,ftp://files.dlink.com.au/products/DU-562M/REV_B/Firmware/No_Firmware_Available.pdf
DU-A2,A,,ftp://files.dlink.com.au/products/DU-A2/REV_A/Firmware/No_Firmware_Available.pdf
DU-H3SP,A,,ftp://files.dlink.com.au/products/DU-H3SP/REV_A/Firmware/No_Firmware_Available.pdf
DU-T100,A,,ftp://files.dlink.com.au/products/DU-T100/REV_A/Firmware/No_Firmware_Available.pdf
DUB-104,A,,ftp://files.dlink.com.au/products/DUB-104/REV_A/Firmware/No_Firmware_Available.pdf
DUB-1040,A,,ftp://files.dlink.com.au/products/DUB-1040/REV_A/Firmware/No_Firmware_Available.pdf
DUB-1310,A,,ftp://files.dlink.com.au/products/DUB-1310/REV_A/Firmware/No_Firmware_Available.pdf
DUB-1312,A,,ftp://files.dlink.com.au/products/DUB-1312/REV_A/Firmware/No_Firmware_Available.pdf
DUB-1340,A,,ftp://files.dlink.com.au/products/DUB-1340/REV_A/Firmware/No_Firmware_Available.pdf
DUB-A2,A2,,ftp://files.dlink.com.au/products/DUB-A2/REV_A2/Firmware/No_Firmware_Available.pdf
DUB-A2,A1,,ftp://files.dlink.com.au/products/DUB-A2/REV_A1/Firmware/No_Firmware_Available.pdf
DUB-AV200,A,,ftp://files.dlink.com.au/products/DUB-AV200/REV_A/Firmware/No_Firmware_Available.pdf
DUB-AV300,A,,ftp://files.dlink.com.au/products/DUB-AV300/REV_A/Firmware/No_Firmware_Available.pdf
DUB-C5AB,A,,ftp://files.dlink.com.au/products/DUB-C5AB/REV_A/Firmware/No_Firmware_Available.pdf
DUB-E100,C,,ftp://files.dlink.com.au/products/DUB-E100/REV_C/Firmware/No_Firmware_Available.pdf
DUB-E100,B,,ftp://files.dlink.com.au/products/DUB-E100/REV_B/Firmware/No_Firmware_Available.pdf
DUB-E100,A,v3.4.0,ftp://files.dlink.com.au/products/DUB-E100/REV_A/Firmware/No_Firmware_Available.pdf
DUB-H4,B,,ftp://files.dlink.com.au/products/DUB-H4/REV_B/Firmware/No_Firmware_Available.pdf
DUB-H4,A,,ftp://files.dlink.com.au/products/DUB-H4/REV_A/Firmware/No_Firmware_Available.pdf
DUB-H7,C,,ftp://files.dlink.com.au/products/DUB-H7/REV_C/Firmware/No_Firmware_Available.pdf
DUB-H7,B,,ftp://files.dlink.com.au/products/DUB-H7/REV_B/Firmware/No_Firmware_Available.pdf
DUB-H7,A,,ftp://files.dlink.com.au/products/DUB-H7/REV_A/Firmware/No_Firmware_Available.pdf
DUB-T200,A,,ftp://files.dlink.com.au/products/DUB-T200/REV_A/Firmware/No_Firmware_Available.pdf
DUB-T210,A,v1.10,ftp://files.dlink.com.au/products/DUB-T210/REV_A/Firmware/No_Firmware_Available.pdf
DVA-G3340S,A,,ftp://files.dlink.com.au/products/DVA-G3340S/REV_A/Firmware/Firmware_2.10B01T01.AU.B.20071129_WEB/Firmware_2.10B01T01.AU.B.20071129_WEB.zip
DVA-G3670B,C,v1.30b20100628,ftp://files.dlink.com.au/products/DVA-G3670B/REV_C/Firmware/Firmware_v1.30b20100628/AUS_DVA-G3670B_C3_v1.30b20100628.bin
DVA-G3670B,C,v1.28b007,ftp://files.dlink.com.au/products/DVA-G3670B/REV_C/Firmware/Firmware_v1.28b007/AUS_DVA-G3670B_C3_v1.28b007.bin
DVG-1402S,B,v1.00.003,ftp://files.dlink.com.au/products/DVG-1402S/REV_B/Firmware/PROM_v1.00.003/DVG-1402S_boot_1.00.003-04172006.tfp
DVG-1402S,B,v1.00.003,ftp://files.dlink.com.au/products/DVG-1402S/REV_B/Firmware/Firmware_1.00.004AUS_06192006/DVG-1402S_1.00.004AUS-06192006.tfp
DVG-2001S,A,,ftp://files.dlink.com.au/products/DVG-2001S/REV_A/Firmware/PROM_D11B03/2001s-D11B03-20050623.tfp
DVG-2001S,A,v1.00.006AUS,ftp://files.dlink.com.au/products/DVG-2001S/REV_A/Firmware/Firmware_v1.00.006AUS_20061103/Firmware_1.00.006AUS_20061103.zip
DVG-2001S,A,v1.00.002GO,ftp://files.dlink.com.au/products/DVG-2001S/REV_A/Firmware/Firmware_v1.00.002GO_20070118/Firmware_v1.00.002GO_20070118.zip
DVG-2101SP,A,v1.00.470,ftp://files.dlink.com.au/products/DVG-2101SP/REV_A/Firmware/Firmware_v1.00.470/DVG2101SP.sip.100311.470.img
DVG-3104MS,B,,ftp://files.dlink.com.au/products/DVG-3104MS/REV_B/Firmware/VoiceCenter_Device_Update_Package_(05-06-2009).zip
DVG-3104MS,B,,ftp://files.dlink.com.au/products/DVG-3104MS/REV_B/Firmware/Upgrade_VoiceCenter_Hardware_to_Response_Point_1.0_SP2.pdf
DVG-G1402S,B,v1.00.003,ftp://files.dlink.com.au/products/DVG-G1402S/REV_B/Firmware/PROM_v1.00.003/DVG-G1402S_boot_1.00.003-04172006.tfp
DVG-G1402S,B,v1.00.005AUS,ftp://files.dlink.com.au/products/DVG-G1402S/REV_B/Firmware/Firmware_v1.00.005AUS_08252006/DVG-G1402S_v1.00.005AUS-08252006.tfp
DWA-110,A,,ftp://files.dlink.com.au/products/DWA-110/REV_A/Firmware/No_Firmware_Available.pdf
DWA-120,A,,ftp://files.dlink.com.au/products/DWA-120/REV_A/Firmware/No_Firmware_Available.pdf
DWA-125,A,,ftp://files.dlink.com.au/products/DWA-125/REV_A/Firmware/20151005_DWA-125A3_V1.55b02.zip
DWA-131,E,,ftp://files.dlink.com.au/products/DWA-131/REV_E/Firmware/No_Firmware_Available.pdf
DWA-131,B,,ftp://files.dlink.com.au/products/DWA-131/REV_B/Firmware/No_Firmware_Available.pdf
DWA-131,A,,ftp://files.dlink.com.au/products/DWA-131/REV_A/Firmware/No_Firmware_Available.pdf
DWA-132,A,,ftp://files.dlink.com.au/products/DWA-132/REV_A/Firmware/No_Firmware_Available.pdf
DWA-140,D,,ftp://files.dlink.com.au/products/DWA-140/REV_D/Firmware/No_Firmware_Available.pdf
DWA-140,B,,ftp://files.dlink.com.au/products/DWA-140/REV_B/Firmware/No_Firmware_Available.pdf
DWA-160,C,,ftp://files.dlink.com.au/products/DWA-160/REV_C/Firmware/No_Firmware_Available.pdf
DWA-160,B,,ftp://files.dlink.com.au/products/DWA-160/REV_B/Firmware/No_Firmware_Available.pdf
DWA-160,A,v2.2.6.0,ftp://files.dlink.com.au/products/DWA-160/REV_A/Firmware/No_Firmware_Available.pdf
DWA-171,A,,ftp://files.dlink.com.au/products/DWA-171/REV_A/Firmware/No_Firmware_Available.pdf
DWA-182,C,,ftp://files.dlink.com.au/products/DWA-182/REV_C/Firmware/No_Firmware_Available.pdf
DWA-182,A,,ftp://files.dlink.com.au/products/DWA-182/REV_A/Firmware/No_Firmware_Available.pdf
DWA-192,A,,ftp://files.dlink.com.au/products/DWA-192/REV_A/Firmware/No_Firmware_Available.pdf
DWA-510,A,,ftp://files.dlink.com.au/products/DWA-510/REV_A/Firmware/No_Firmware_Available.pdf
DWA-520,A,,ftp://files.dlink.com.au/products/DWA-520/REV_A/Firmware/No_Firmware_Available.pdf
DWA-525,A,,ftp://files.dlink.com.au/products/DWA-525/REV_A/Firmware/No_Firmware_Available.pdf
DWA-547,A,,ftp://files.dlink.com.au/products/DWA-547/REV_A/Firmware/No_Firmware_Available.pdf
DWA-548,A,,ftp://files.dlink.com.au/products/DWA-548/REV_A/Firmware/20151005_DWA-548_V1.05b01.7z
DWA-556,A,,ftp://files.dlink.com.au/products/DWA-556/REV_A/Firmware/No_Firmware_Available.pdf
DWA-566,A,,ftp://files.dlink.com.au/products/DWA-566/REV_A/Firmware/No_Firmware_Available.pdf
DWA-582,A,,ftp://files.dlink.com.au/products/DWA-582/REV_A/Firmware/20151005_DWA-582_V1.02b01.zip
DWA-610,A,,ftp://files.dlink.com.au/products/DWA-610/REV_A/Firmware/No_Firmware_Available.pdf
DWA-643,A,,ftp://files.dlink.com.au/products/DWA-643/REV_A/Firmware/No_Firmware_Available.pdf
DWA-645,A,,ftp://files.dlink.com.au/products/DWA-645/REV_A/Firmware/No_Firmware_Available.pdf
DWC-1000,B,,ftp://files.dlink.com.au/products/DWC-1000/REV_B/Firmware/DWC-1000_Release_Notes_4.4.1.2.pdf
DWC-1000,B,v4.4.1.2,ftp://files.dlink.com.au/products/DWC-1000/REV_B/Firmware/Firmware_v4.4.1.2/DWC-1000_B1_FW_4.4.1.2_WW
DWC-1000,B,v4.4.1.1,ftp://files.dlink.com.au/products/DWC-1000/REV_B/Firmware/Firmware_v4.4.1.1/DWC-1000_B1_FW_4.4.1.1_WW
DWC-1000,A,v4.4.1.1,ftp://files.dlink.com.au/products/DWC-1000/REV_A/Firmware/DWC-1000_Release_Notes_4.4.1.2.pdf
DWC-1000,A,v4.4.1.2,ftp://files.dlink.com.au/products/DWC-1000/REV_A/Firmware/Firmware_v4.4.1.2/DWC-1000_A1_FW_4.4.1.2_WW
DWC-1000,A,v4.4.1.1,ftp://files.dlink.com.au/products/DWC-1000/REV_A/Firmware/Firmware_v4.4.1.1/DWC-1000_A1_FW_4.4.1.1_WW
DWC-1000,A,v4.3.0.2,ftp://files.dlink.com.au/products/DWC-1000/REV_A/Firmware/Firmware_v4.3.0.2/DWC-1000_A1_FW_4.3.0.2_WW
DWC-1000,A,v4.2.0.3,ftp://files.dlink.com.au/products/DWC-1000/REV_A/Firmware/Firmware_v4.2.0.3/DWC-1000_A1_FW_v4.2.0.3_WW.zip
DWC-1000,A,v4.1.0.2,ftp://files.dlink.com.au/products/DWC-1000/REV_A/Firmware/Firmware_v4.1.0.2/DWC-1000_A1_FW_4.1.0.2_10234W(0607160420).zip
DWC-2000,A,,ftp://files.dlink.com.au/products/DWC-2000/REV_A/Firmware/DWC-2000_Release_Notes_4.4.0.3.pdf
DWC-2000,A,,ftp://files.dlink.com.au/products/DWC-2000/REV_A/Firmware/Firmware_4.4.0.3/DWC-2000_A1_FW_4.4.0.3_WW
DWC-2000,A,,ftp://files.dlink.com.au/products/DWC-2000/REV_A/Firmware/Firmware_4.3.0.3/DWC-2000_A1_FW_4.3.0.3_WW
DWL-1000AP,A,v3.2.31,ftp://files.dlink.com.au/products/DWL-1000AP/REV_A/Firmware/v3.2.31/v3.2.31.rar
DWL-1000AP,A,v3.2.31,ftp://files.dlink.com.au/products/DWL-1000AP/REV_A/Firmware/v3.2.31/v3.2.31.rar
DWL-120,E,,ftp://files.dlink.com.au/products/DWL-120/REV_E/Firmware/No_Firmware_Available.pdf
DWL-120,D,v1.00,ftp://files.dlink.com.au/products/DWL-120/REV_D/Firmware/No_Firmware_Available.pdf
DWL-120,C,v1.00,ftp://files.dlink.com.au/products/DWL-120/REV_C/Firmware/No_Firmware_Available.pdf
DWL-120,E,,ftp://files.dlink.com.au/products/DWL-120/REV_E/Firmware/No_Firmware_Available.pdf
DWL-120,D,v1.00,ftp://files.dlink.com.au/products/DWL-120/REV_D/Firmware/No_Firmware_Available.pdf
DWL-120,C,v1.00,ftp://files.dlink.com.au/products/DWL-120/REV_C/Firmware/No_Firmware_Available.pdf
DWL-122,A,v1.00,ftp://files.dlink.com.au/products/DWL-122/REV_A/Firmware/No_Firmware_Available.pdf
DWL-1500,A,v1.4j3,ftp://files.dlink.com.au/products/DWL-1500/REV_A/Firmware/v1.4j3_USB/UpgradeFW14j3byUSB.exe
DWL-1700AP,A,v1.03v2,ftp://files.dlink.com.au/products/DWL-1700AP/REV_A/Firmware/v1.03v2/DWL-1700AP_fw_1.03v2.zip
DWL-1700AP,A,v1.03,ftp://files.dlink.com.au/products/DWL-1700AP/REV_A/Firmware/v1.03/v1.03.zip
DWL-1750,A,,ftp://files.dlink.com.au/products/DWL-1750/REV_A/Firmware/No_Firmware_Available.pdf
DWL-2000AP,C,v3.13b3,ftp://files.dlink.com.au/products/DWL-2000AP/REV_C/Firmware/v3.13b3_ROM/2000ap_v3.13b3_nml_rom.bin
DWL-2000AP,C,v3.13b3,ftp://files.dlink.com.au/products/DWL-2000AP/REV_C/Firmware/v3.13b3/2000ap_v3.13b3_nml.bin
DWL-2000AP,B,v2.05b4,ftp://files.dlink.com.au/products/DWL-2000AP/REV_B/Firmware/v2.05b4/dwl-2000_205b4_brcs_nml.bin
DWL-2000AP,C,v3.13b3,ftp://files.dlink.com.au/products/DWL-2000AP/REV_C/Firmware/v3.13b3_ROM/2000ap_v3.13b3_nml_rom.bin
DWL-2000AP,C,v3.13b3,ftp://files.dlink.com.au/products/DWL-2000AP/REV_C/Firmware/v3.13b3/2000ap_v3.13b3_nml.bin
DWL-2000AP,B,v2.05b4,ftp://files.dlink.com.au/products/DWL-2000AP/REV_B/Firmware/v2.05b4/dwl-2000_205b4_brcs_nml.bin
DWL-2100AP,A,v1.11,ftp://files.dlink.com.au/products/DWL-2100AP/REV_A/Firmware/Firmware_2.52/DWL2100AP-v252na-rc574.zip
DWL-2100AP,A,v1.11,ftp://files.dlink.com.au/products/DWL-2100AP/REV_A/Firmware/Firmware_2.50/DWL2100AP-v250eu-rc358.tfp
DWL-2700AP,B,v3.30,ftp://files.dlink.com.au/products/DWL-2700AP/REV_B/Firmware/Firmware_v3.30/DWL2700AP_FW_v330.rc176.tfp
DWL-2700AP,A,v2.02,ftp://files.dlink.com.au/products/DWL-2700AP/REV_A/Firmware/Firmware_2.10eu_r0167/DWL-2700AP_210eu_r0167.tfp
DWL-3140AP,A,v1.12B35,ftp://files.dlink.com.au/products/DWL-3140AP/REV_A/Firmware/Firmware_v1.12B35/DWL3140_FW112B35.zip
DWL-3200AP,B,v2.50,ftp://files.dlink.com.au/products/DWL-3200AP/REV_B/Firmware/Firmware_2.56rc550/DWL3200-v256-rc550.zip
DWL-3200AP,A,v2.02,ftp://files.dlink.com.au/products/DWL-3200AP/REV_A/Firmware/Firmware_2.41rc176/DWL3200AP_241_rc176.zip
DWL-3500AP,A,v3.0.0.13,ftp://files.dlink.com.au/products/DWL-3500AP/REV_A/Firmware/DWL-3500AP_8500AP_8600AP_Release_Notes_for_FW_v3.0.0.16.pdf
DWL-3500AP,A,v3.0.0.13,ftp://files.dlink.com.au/products/DWL-3500AP/REV_A/Firmware/Firmware_3.0.0.16/DWL-x500_FW_v3_0_0_16.tar
DWL-3600AP,A,v4.1.0.8,ftp://files.dlink.com.au/products/DWL-3600AP/REV_A/Firmware/DWL-3600AP_Release_Notes_4.2.0.10.pdf
DWL-3600AP,A,v4.2.0.10,ftp://files.dlink.com.au/products/DWL-3600AP/REV_A/Firmware/Firmware_v4.2.0.10/DWL-6600AP_3600AP_FW_v_4_2_0_10.tar
DWL-3600AP,A,v4.1.0.8,ftp://files.dlink.com.au/products/DWL-3600AP/REV_A/Firmware/Firmware_v4.1.0.8/DWL-x600AP_Firmware_4.1.0.8.zip
DWL-3600AP,A,v4.1.0.14,ftp://files.dlink.com.au/products/DWL-3600AP/REV_A/Firmware/Firmware_v4.1.0.14/DWL-x600AP_upgrade_4_1_0_14.tar
DWL-500,B,,ftp://files.dlink.com.au/products/DWL-500/REV_B/Firmware/No_Firmware_Available.pdf
DWL-500,A,v1.737f,ftp://files.dlink.com.au/products/DWL-500/REV_A/Firmware/No_Firmware_Available.pdf
DWL-50AT,A,,ftp://files.dlink.com.au/products/DWL-50AT/REV_A/Firmware/No_Firmware_Available.pdf
DWL-520,A,,ftp://files.dlink.com.au/products/DWL-520/REV_A/Firmware/No_Firmware_Available.pdf
DWL-520,A,,ftp://files.dlink.com.au/products/DWL-520/REV_A/Firmware/No_Firmware_Available.pdf
DWL-6000AP,A,v2.17w,ftp://files.dlink.com.au/products/DWL-6000AP/REV_A/Firmware/v2.17w_WEB/dwl6000u-v217w-usag60.had
DWL-6000AP,A,v2.17w,ftp://files.dlink.com.au/products/DWL-6000AP/REV_A/Firmware/v2.17w_TFTP/dwl6000u-v217w-usag60.tfp
DWL-650,A,,ftp://files.dlink.com.au/products/DWL-650/REV_A/Firmware/No_Firmware_Available.pdf
DWL-650,A,,ftp://files.dlink.com.au/products/DWL-650/REV_A/Firmware/No_Firmware_Available.pdf
DWL-660,A,,ftp://files.dlink.com.au/products/DWL-660/REV_A/Firmware/No_Firmware_Available.pdf
DWL-6600AP,A,v4.1.0.8,ftp://files.dlink.com.au/products/DWL-6600AP/REV_A/Firmware/DWL-6600AP_Release_Notes_4.2.0.10.pdf
DWL-6600AP,A,v4.2.0.9B032C,ftp://files.dlink.com.au/products/DWL-6600AP/REV_A/Firmware/Firmware_v4.2.0.9B032C/upgrade_4_2_0_9B032C.tar
DWL-6600AP,A,v4.2.0.6,ftp://files.dlink.com.au/products/DWL-6600AP/REV_A/Firmware/Firmware_v4.2.0.6/DWL-6600_FW_v4_2_0_6.tar
DWL-6600AP,A,v4.2.0.10,ftp://files.dlink.com.au/products/DWL-6600AP/REV_A/Firmware/Firmware_v4.2.0.10/DWL-6600AP_3600AP_FW_v_4_2_0_10.tar
DWL-6600AP,A,v4.1.0.11,ftp://files.dlink.com.au/products/DWL-6600AP/REV_A/Firmware/Firmware_v4.1.0.11/DWL-x600_FW_v4_1_0_11.tar
DWL-6610AP,A,,ftp://files.dlink.com.au/products/DWL-6610AP/REV_A/Firmware/DWL-6610AP_Release_Notes_4.3.0.4_20160425.pdf
DWL-6610AP,A,,ftp://files.dlink.com.au/products/DWL-6610AP/REV_A/Firmware/Firmware_4.3.0.4/DWL-6610_FW_v_4.3.0.4.tar
DWL-6610AP,A,,ftp://files.dlink.com.au/products/DWL-6610AP/REV_A/Firmware/Firmware_4.3.0.3/DWL-6610_FW_v_4.3.0.3.tar
DWL-7000AP,A,v1.03r150,ftp://files.dlink.com.au/products/DWL-7000AP/REV_A/Firmware/v1.03r150/dwl7000ap-firmware-103au-r150.tfp
DWL-7100AP,A,v2.00r384,ftp://files.dlink.com.au/products/DWL-7100AP/REV_A/Firmware/v2.00r384/DWL7100AP-firmware-v200au-r0348.tfp
DWL-7700AP,B,v3.10r0112,ftp://files.dlink.com.au/products/DWL-7700AP/REV_B/Firmware/Firmware_v3.10r0112/DWL7700AP_fw_310_r0112.tfp
DWL-7700AP,A,v2.02,ftp://files.dlink.com.au/products/DWL-7700AP/REV_A/Firmware/Firmware_2.00AUr0102/DWL-7700AP-v2-00AU-r0102.tfp
DWL-810,A,,ftp://files.dlink.com.au/products/DWL-810/REV_A/Firmware/No_Firmware_Available.pdf
DWL-810,A,,ftp://files.dlink.com.au/products/DWL-810/REV_A/Firmware/No_Firmware_Available.pdf
DWL-8200AP,B,v2.11,ftp://files.dlink.com.au/products/DWL-8200AP/REV_B/Firmware/Firmware_v2.11/DWL8200AP-v211-rc545.tfp
DWL-8200AP,A,v2.10rc394,ftp://files.dlink.com.au/products/DWL-8200AP/REV_A/Firmware/Firmware_v2.10rc394/DWL8200-v210-rc394.zip
DWL-8500AP,A,v3.0.0.13,ftp://files.dlink.com.au/products/DWL-8500AP/REV_A/Firmware/DWL-3500AP_8500AP_8600AP_Release_Notes_for_FW_v3.0.0.16.pdf
DWL-8500AP,A,v3.0.0.13,ftp://files.dlink.com.au/products/DWL-8500AP/REV_A/Firmware/Firmware_3.0.0.16/DWL-x500_FW_v3_0_0_16.tar
DWL-8600AP,A,v3.0.0.15,ftp://files.dlink.com.au/products/DWL-8600AP/REV_A/Firmware/DWL-8600AP_Release_Notes_v4.3.0.2.pdf
DWL-8600AP,A,v3.0.0.15,ftp://files.dlink.com.au/products/DWL-8600AP/REV_A/Firmware/Firmware_4.3.0.2/DWL-8600_FW_v4_3_0_2.tar
DWL-8600AP,A,v3.0.0.15,ftp://files.dlink.com.au/products/DWL-8600AP/REV_A/Firmware/Firmware_4.3.0.1/DWL-8600_FW_v4_3_0_1_B003.tar
DWL-8600AP,A,v3.0.0.15,ftp://files.dlink.com.au/products/DWL-8600AP/REV_A/Firmware/Firmware_4.1.0.14_B1212/DWL-8600_FW_v4_1_0_14_1212.tar
DWL-8600AP,A,v3.0.0.15,ftp://files.dlink.com.au/products/DWL-8600AP/REV_A/Firmware/Firmware_4.1.0.14/DWL-8600_FW_4.1.0.14.zip
DWL-8600AP,A,v3.0.0.15,ftp://files.dlink.com.au/products/DWL-8600AP/REV_A/Firmware/Firmware_3.0.0.16/DWL-8600_FW_v3_0_0_16.tar
DWL-8610AP,A,,ftp://files.dlink.com.au/products/DWL-8610AP/REV_A/Firmware/DWL-8610AP_Release_Notes_v4.3.0.2_B042_2015-0721.pdf
DWL-8610AP,A,,ftp://files.dlink.com.au/products/DWL-8610AP/REV_A/Firmware/Firmware_for_DWS-4026_4.3.0.3/DWS-4026_4.3.0.3.zip
DWL-8610AP,A,,ftp://files.dlink.com.au/products/DWL-8610AP/REV_A/Firmware/Firmware_for_DWS-3160_4.3.0.3/DWS3160_Run_4_3_0_5.zip
DWL-8610AP,A,,ftp://files.dlink.com.au/products/DWL-8610AP/REV_A/Firmware/Firmware_4.3.0.2/DWL-8610_FW_v_4.3.0.2_B042.tar
DWL-8610AP,A,,ftp://files.dlink.com.au/products/DWL-8610AP/REV_A/Firmware/Firmware_4.3.0.1/DWL-8610_FW_v_4.3.0.1_B013.tar
DWL-8710AP,A,,ftp://files.dlink.com.au/products/DWL-8710AP/REV_A/Firmware/Firmware_4.3.0.2/DWL-8710_FW_v_4.3.0.2B059C.tar
DWL-900AP,A,v1.4j3,ftp://files.dlink.com.au/products/DWL-900AP/REV_A/Firmware/v1.4j3_USB/900AP_1.4J3_by_USB.exe
DWL-900AP,A,v1.4j3,ftp://files.dlink.com.au/products/DWL-900AP/REV_A/Firmware/v1.4j3_TFTP/900AP_1.4J3_by_TFTP.exe
DWL-900AP,A,v1.4j3,ftp://files.dlink.com.au/products/DWL-900AP/REV_A/Firmware/v1.4j3_USB/900AP_1.4J3_by_USB.exe
DWL-900AP,A,v1.4j3,ftp://files.dlink.com.au/products/DWL-900AP/REV_A/Firmware/v1.4j3_TFTP/900AP_1.4J3_by_TFTP.exe
DWL-905,A,,ftp://files.dlink.com.au/products/DWL-905/REV_A/Firmware/No_Firmware_Available.pdf
DWL-AB520,A,v2.1.1.8,ftp://files.dlink.com.au/products/DWL-AB520/REV_A/Firmware/No_Firmware_Available.pdf
DWL-AB650,A,v3.0.16,ftp://files.dlink.com.au/products/DWL-AB650/REV_A/Firmware/No_Firmware_Available.pdf
DWL-AG520,A,,ftp://files.dlink.com.au/products/DWL-AG520/REV_A/Firmware/No_Firmware_Available.pdf
DWL-AG530,B,,ftp://files.dlink.com.au/products/DWL-AG530/REV_B/Firmware/No_Firmware_Available.pdf
DWL-AG530,A,v1.00,ftp://files.dlink.com.au/products/DWL-AG530/REV_A/Firmware/No_Firmware_Available.pdf
DWL-AG650,A,,ftp://files.dlink.com.au/products/DWL-AG650/REV_A/Firmware/No_Firmware_Available.pdf
DWL-AG660,B,,ftp://files.dlink.com.au/products/DWL-AG660/REV_B/Firmware/No_Firmware_Available.pdf
DWL-G120,B,,ftp://files.dlink.com.au/products/DWL-G120/REV_B/Firmware/No_Firmware_Available.pdf
DWL-G122,C,,ftp://files.dlink.com.au/products/DWL-G122/REV_C/Firmware/No_Firmware_Available.pdf
DWL-G122,B,v3.40,ftp://files.dlink.com.au/products/DWL-G122/REV_B/Firmware/No_Firmware_Available.pdf
DWL-G132,A,,ftp://files.dlink.com.au/products/DWL-G132/REV_A/Firmware/No_Firmware_Available.pdf
DWL-G510,C,,ftp://files.dlink.com.au/products/DWL-G510/REV_C/Firmware/No_Firmware_Available.pdf
DWL-G510,B,v5.30,ftp://files.dlink.com.au/products/DWL-G510/REV_B/Firmware/No_Firmware_Available.pdf
DWL-G520,B,,ftp://files.dlink.com.au/products/DWL-G520/REV_B/Firmware/No_Firmware_Available.pdf
DWL-G520,A,v4.60,ftp://files.dlink.com.au/products/DWL-G520/REV_A/Firmware/No_Firmware_Available.pdf
DWL-G520,B,,ftp://files.dlink.com.au/products/DWL-G520/REV_B/Firmware/No_Firmware_Available.pdf
DWL-G520,A,v4.60,ftp://files.dlink.com.au/products/DWL-G520/REV_A/Firmware/No_Firmware_Available.pdf
DWL-G520M,A,,ftp://files.dlink.com.au/products/DWL-G520M/REV_A/Firmware/No_Firmware_Available.pdf
DWL-G550,A,,ftp://files.dlink.com.au/products/DWL-G550/REV_A/Firmware/No_Firmware_Available.pdf
DWL-G630,E,,ftp://files.dlink.com.au/products/DWL-G630/REV_E/Firmware/No_Firmware_Available.pdf
DWL-G630,D,v5.11,ftp://files.dlink.com.au/products/DWL-G630/REV_D/Firmware/No_Firmware_Available.pdf
DWL-G650,C,,ftp://files.dlink.com.au/products/DWL-G650/REV_C/Firmware/No_Firmware_Available.pdf
DWL-G650,B,v4.60,ftp://files.dlink.com.au/products/DWL-G650/REV_B/Firmware/No_Firmware_Available.pdf
DWL-G650,C,,ftp://files.dlink.com.au/products/DWL-G650/REV_C/Firmware/No_Firmware_Available.pdf
DWL-G650,B,v4.60,ftp://files.dlink.com.au/products/DWL-G650/REV_B/Firmware/No_Firmware_Available.pdf
DWL-G650M,B,,ftp://files.dlink.com.au/products/DWL-G650M/REV_B/Firmware/No_Firmware_Available.pdf
DWL-G680,A,,ftp://files.dlink.com.au/products/DWL-G680/REV_A/Firmware/No_Firmware_Available.pdf
DWL-G700AP,B,,ftp://files.dlink.com.au/products/DWL-G700AP/REV_B/Firmware/Firmware_2.30/DWLG700AP_FW230b02_nml.zip
DWL-G710,B,v2.02,ftp://files.dlink.com.au/products/DWL-G710/REV_B/Firmware/Firmware_v2.02/dwl-g710_mvl_b6_v2.02B0016_nml.bin
DWL-G710,A,v1.04,ftp://files.dlink.com.au/products/DWL-G710/REV_A/Firmware/Firmware_v1.04/dwl-g710_v104.zip
DWL-G730AP,B,,ftp://files.dlink.com.au/products/DWL-G730AP/REV_B/Firmware/No_Firmware_Available.pdf
DWL-G730AP,A,v1.00,ftp://files.dlink.com.au/products/DWL-G730AP/REV_A/Firmware/Firmware_1.10/dwl-g730_mvl_v1.10b0024_nml.bin
DWL-G810,C,,ftp://files.dlink.com.au/products/DWL-G810/REV_C/Firmware/Firmware_ver.3.16b78/DWLG810_FW316B78.bin
DWL-M60AT,A,,ftp://files.dlink.com.au/products/DWL-M60AT/REV_A/Firmware/No_Firmware_Available.pdf
DWL-P100,A,,ftp://files.dlink.com.au/products/DWL-P100/REV_A/Firmware/No_Firmware_Available.pdf
DWL-P200,B,,ftp://files.dlink.com.au/products/DWL-P200/REV_B/Firmware/No_Firmware_Available.pdf
DWL-P200,A,,ftp://files.dlink.com.au/products/DWL-P200/REV_A/Firmware/No_Firmware_Available.pdf
DWL-P50,A,,ftp://files.dlink.com.au/products/DWL-P50/REV_A/Firmware/No_Firmware_Available.pdf
DWL-R60AT,A,,ftp://files.dlink.com.au/products/DWL-R60AT/REV_A/Firmware/No_Firmware_Available.pdf
DWM-156,A,,ftp://files.dlink.com.au/products/DWM-156/REV_A/Firmware/No_Firmware_Available.pdf
DWR-113,A,v1.02,ftp://files.dlink.com.au/products/DWR-113/REV_A/Firmware/Firmware_v1.02(AU)b03/20130222_D-Link_DWR-113_V1.02(AU)b03.BIN
DWR-113,A,v1.02,ftp://files.dlink.com.au/products/DWR-113/REV_A/Firmware/Firmware_v1.02(AU)b02/20130206_DWR-113_V1.02(AU)b02.BIN
DWR-116,A,v1.05,ftp://files.dlink.com.au/products/DWR-116/REV_A/Firmware/Firmware_v1.05(AU)b02/20150216_D-link_DWR-116_V1.05(AU)b02.bin
DWR-116,A,v1.02,ftp://files.dlink.com.au/products/DWR-116/REV_A/Firmware/Firmware_v1.02(AU)b01/20140305_D-Link_DWR-116_V1.02(AU)b01.bin
DWR-116,A,v1.00,ftp://files.dlink.com.au/products/DWR-116/REV_A/Firmware/Firmware_v1.00(AU)b06/20130911_D-link_DWR-116_V1.00(AU)b06.bin
DWR-116,A,v1.00,ftp://files.dlink.com.au/products/DWR-116/REV_A/Firmware/Firmware_v1.00(AU)b03/20130522_D-link_DWR-116_V1.00(AU)b03.bin
DWR-161,A,,ftp://files.dlink.com.au/products/DWR-161/REV_A/Firmware/20120413_DWR-161_V1.00(AU)b02.BIN
DWR-922,A,v1.00,ftp://files.dlink.com.au/products/DWR-922/REV_A/Firmware/Firmware_v1.00(AU)b10/DWR-922A2_V1.00(AU)b10_f369_20150306-0925_svn-2402.bin
DWR-922,A,v1.00,ftp://files.dlink.com.au/products/DWR-922/REV_A/Firmware/Firmware_v1.00(AU)b08/DWR-922A2_V1.00(AU)b08_ecah_20141210-1757_svn-2219.bin
DWR-922,A,v1.00,ftp://files.dlink.com.au/products/DWR-922/REV_A/Firmware/Firmware_v1.00(AU)b06/DWR-922A2_V1.00(AU)b06_ebbe_20141111-1500_svn-2080.bin
DWR-922,A,v1.00,ftp://files.dlink.com.au/products/DWR-922/REV_A/Firmware/Firmware_v1.00(AU)b02/DWR-922A2_V1.00(AU)b02_e8ib_20140818-1150_svn-1667.bin
DWR-925,A,v1.06b05,ftp://files.dlink.com.au/products/DWR-925/REV_A/Firmware/Firmware_v1.06b05/20150520_D-link_DWR-925_V1.06b05.bin
DWR-925,A,v1.06b04,ftp://files.dlink.com.au/products/DWR-925/REV_A/Firmware/Firmware_v1.06b04/20150511_D-link_DWR-925_V1.06b04.bin
DWR-925,A,v1.06b03,ftp://files.dlink.com.au/products/DWR-925/REV_A/Firmware/Firmware_v1.06b03/20150326_D-link_DWR-925_V1.06b03.bin
DWR-925,A,v1.05b19,ftp://files.dlink.com.au/products/DWR-925/REV_A/Firmware/Firmware_v1.05b19/20140929_D-link_DWR-925_V1.05b19.bin
DWS-3024,A,,ftp://files.dlink.com.au/products/DWS-3024/REV_A/Firmware/DWS-3000_Series_Firmware_Release_Notes_v3.0.0.16.pdf
DWS-3024,A,,ftp://files.dlink.com.au/products/DWS-3024/REV_A/Firmware/Firmware_3.0.0.16/DWS-302x_FW_v3_0_0_16.zip
DWS-3024L,A,,ftp://files.dlink.com.au/products/DWS-3024L/REV_A/Firmware/DWS-3000_Series_Firmware_Release_Notes_v3.0.0.16.pdf
DWS-3024L,A,,ftp://files.dlink.com.au/products/DWS-3024L/REV_A/Firmware/Firmware_3.0.0.16/DWS-302x_FW_v3_0_0_16.zip
DWS-3026,A,,ftp://files.dlink.com.au/products/DWS-3026/REV_A/Firmware/DWS-3000_Series_Firmware_Release_Notes_v3.0.0.16.pdf
DWS-3026,A,,ftp://files.dlink.com.au/products/DWS-3026/REV_A/Firmware/Firmware_3.0.0.16/DWS-302x_FW_v3_0_0_16.zip
DWS-4026,A,v3.0.0.13,ftp://files.dlink.com.au/products/DWS-4026/REV_A/Firmware/DWS-4026_Release_Notes_v4.3.0.3_B007.pdf
DWS-4026,A,v3.0.0.13,ftp://files.dlink.com.au/products/DWS-4026/REV_A/Firmware/Firmware_4.3.0.3_B007/DWS-4026_A1_FW_v4.3.0.3_B007.stk
DWS-4026,A,v3.0.0.13,ftp://files.dlink.com.au/products/DWS-4026/REV_A/Firmware/Firmware_4.1.0.11/DWS-4026_FW_4.1.0.11.zip
DWS-4026,A,v3.0.0.13,ftp://files.dlink.com.au/products/DWS-4026/REV_A/Firmware/Firmware_3.0.0.16/DWS-4026_FW_v3_0_0_16.zip
DXE-810S,A,,ftp://files.dlink.com.au/products/DXE-810S/REV_A/Firmware/No_Firmware_Available.pdf
DXS-3326GSR,A,v2.01b01,ftp://files.dlink.com.au/products/DXS-3326GSR/REV_A/Firmware/PROM_v2.01b01/xStack_Prom_2.01B01dl.had
DXS-3326GSR,A,v4.40b04,ftp://files.dlink.com.au/products/DXS-3326GSR/REV_A/Firmware/Firmware_v4.40b04/TftpServer.exe
DXS-3326GSR,A,v4.40b04,ftp://files.dlink.com.au/products/DXS-3326GSR/REV_A/Firmware/Firmware_v4.40b04/pXrun_4.40-B04.had
DXS-3350SR,A,v2.01b01,ftp://files.dlink.com.au/products/DXS-3350SR/REV_A/Firmware/PROM_v2.01b01/xStack_Prom_2.01B01dl.had
DXS-3350SR,A,v4.40b04,ftp://files.dlink.com.au/products/DXS-3350SR/REV_A/Firmware/Firmware_v4.40b04/pXrun_4.40-B04.had
KVM-121,A,,ftp://files.dlink.com.au/products/KVM-121/REV_A/Firmware/No_Firmware_Available.pdf
RDE-220PCT,B,,ftp://files.dlink.com.au/products/RDE-220PCT/REV_B/Firmware/No_Firmware_Available.pdf
