model,rev,fw_ver,fw_url,date,fsize,sha1,md5
A,DAP-1320,1.20B07Beta03,ftp://ftp.dlink.ca/PRODUCTS/DAP-1320/DAP-1320_REVA_FIRMWARE_1.20B07BETA03.BIN,2014-08-22 00:00:00,,957f3edc3dc180f74ce74b214190be73fd42c1e1,d5400c3d363f8e729db105342f167c16
A,DAP-1320,1.11,ftp://ftp.dlink.ca/PRODUCTS/DAP-1320/DAP-1320_REVA_FIRMWARE_1.11.BIN,2013-10-07 00:00:00,,c7377f1d5a079b6f978898ff58e6a145654ce53e,3d13558425d1147654e8801a99605ce6
A,DAP-1320,1.21b05,ftp://ftp.dlink.ca/PRODUCTS/DAP-1320/DAP-1320_REVA_FIRMWARE_1.21.B05.BIN,2014-08-07 00:00:00,,94adb7dd4743a27ebc29906f82a3ab9e03ad517d,0309e460e9167c7a56267a3d9f643e32
A,DAP-1330,1.00,ftp://ftp.dlink.ca/PRODUCTS/DAP-1330/DAP-1330_REVA_FIRMWARE_1.00B21.BIN,2016-01-19 00:00:00,,cac6859ba66d78892e2a48240aac3bf695943aa3,e83e547d02f313a6ba81367ee4d8e68f
B,DAP-1320,2.03,ftp://ftp.dlink.ca/PRODUCTS/DAP-1320/DAP-1320_REVB_FIRMWARE_203B02.BIN,2015-04-20 00:00:00,,fb2467705b920ac0380fc8ea3cbf41ca52e41a80,64f2eb5d2ae86907e2b544039539fe5c
ALL,DAP-1350,1.13,ftp://ftp.dlink.ca/PRODUCTS/DAP-1350/DAP-1350_FIRMWARE_1.13.BIN,2013-05-01 00:00:00,,680a3ca76744eadf1fe552fa5f9fc3c181cec777,3a7957a32bdca943a1ab0213545ce038
A,DAP-1360,1.10B08,ftp://ftp.dlink.ca/PRODUCTS/DAP-1360/DAP-1360_REVA_FIRMWARE_1.10B08.BIN,2013-05-01 00:00:00,,f1ce0a96d04a4dd05b11ffa6f1526af2ed4e89b5,7d6815b14237e040d35829713a30ed7a
B,DAP-1360,2.14B05,ftp://ftp.dlink.ca/PRODUCTS/DAP-1360/DAP-1360_REVB_FIRMWARE_2.14B05.BIN,2013-05-01 00:00:00,,e8fca393672db689df70eae5fb018ae80700f1ea,ca9edbe76ba620cbe9da8ef409cc6f6e
ALL,DAP-1513,1.02B18,ftp://ftp.dlink.ca/PRODUCTS/DAP-1513/DAP-1513_FIRMWARE_1.02B18.BIN,2013-05-01 00:00:00,,9aba85888345a844af0f8bef902d8ec097737d73,48267fa9eac5c647424c97edc38dcf17
A,DAP-1520,1.08,ftp://ftp.dlink.ca/PRODUCTS/DAP-1520/DAP-1520_REVA_FIRMWARE_1.08.BIN,2016-06-20 00:00:00,,fea78b611f1be8973126ad2511a64cc2fdfa9fba,82093146339541c1f9ad266f8e280156
A,DAP-1522,1.41,ftp://ftp.dlink.ca/PRODUCTS/DAP-1522/DAP-1522_REVA_FIRMWARE_1.41.BIN,2013-05-01 00:00:00,,b2b05cd190576da20e206174b9fa3290c0da85fa,03cf02472c21f4dd6f3722c68b332e06
B,DAP-1522,2.03,ftp://ftp.dlink.ca/PRODUCTS/DAP-1522/DAP-1522_REVB_FIRMWARE_2.03B01.BIN,2015-04-24 00:00:00,,f23e1cefda82b156295ed74ff86725c8cc8fe6e9,462ef39f73587db2a88d6f0f900f247e
ALL,DAP-1525,1.02,ftp://ftp.dlink.ca/PRODUCTS/DAP-1525/DAP-1525_FIRMWARE_1.02.BIN,2013-05-01 00:00:00,,2b1713e39cbc84b1a2a682f0bd79d4bf19cc1ddf,2cb0e5a548cb7dca62911462d0e0838b
A,DAP-1620,1.04,ftp://ftp.dlink.ca/PRODUCTS/DAP-1620/DAP-1620_REVA_FIRMWARE_1.04B04.BIN,2016-07-18 00:00:00,,b01b3e9f42d2e541fbaba46282fe12fa50e39906,d27edf7325fa837864a9ed4d4cb7a134
ALL,DAP-1533,1.02,ftp://ftp.dlink.ca/PRODUCTS/DAP-1533/DAP-1533_FIRMWARE_1.02.BIN,2013-05-01 00:00:00,,b330cb60cba2a48864fc6e02f640c9814fb0d9e3,f6970e4c54408fcb923d4d3436bd619a
A,DAP-1665,1.16B01,ftp://ftp.dlink.ca/PRODUCTS/DAP-1665/DAP-1665_REVA_FIRMWARE_1.16B01.bin,2016-07-13 00:00:00,,4ab672719e8c7a836720c23bb5b42bff08cf0160,0efc3fe9053d176b9d1bb932cb3acde2
A,DAP-1650,1.03,ftp://ftp.dlink.ca/PRODUCTS/DAP-1650/DAP-1650_REVA_FIRMWARE_1.03B07.BIN,2016-07-05 00:00:00,,2747a05f6f9f204add0e3d8a2a51b5859accb713,9babf291a67030d06360fc92988c8501
A,DAP-1860,1.00,ftp://ftp.dlink.ca/PRODUCTS/DAP-1860/DAP-1860_REVA_FIRMWARE_1.00B36.BIN,2016-08-02 00:00:00,,704d6ae7fa53e6876cbf2a47d85d660dcb84f3c3,5286d1c669420f36fd627050ffeaf057
A,DAP-2310,1.16,ftp://ftp.dlink.ca/PRODUCTS/DAP-2310/DAP-2310_FIRMWARE_1.16RC028.ZIP,2014-04-29 00:00:00,,c7ef59713eaff6c8782500b59eb9f59cdddc39fd,dadff3750c9eba8814ea152e4d7a3c29
B,DAP-2310,2.07RC031,ftp://ftp.dlink.ca/PRODUCTS/DAP-2310/DAP-2310_REVB_FIRMWARE_2.07RC031.bin,2016-03-31 00:00:00,,2d77e6d5b90ea4681725a09132c7b6e634a74921,9ca8ab1c4219a9eec7fa8660414e76a3
A,DAP-2360,1.11,ftp://ftp.dlink.ca/PRODUCTS/DAP-2360/DAP-2360_REVA_FIRMWARE_1.11RC062.bin,2014-10-27 00:00:00,,077d62c41a0213c28c9f69523434add63b5e8a3d,82694891b57520267c9ba4fb9d16b232
A,DAP-2330,1.07RC028,ftp://ftp.dlink.ca/PRODUCTS/DAP-2330/DAP-2330_REVA_FIRMWARE_1.07RC028.bin,2016-03-31 00:00:00,,834c57fb5fcb6207afd51614e18e5a21cafd5733,c11a44ab0583bbd15686e9ccea677e72
ALL,DAP-2553,1.30,ftp://ftp.dlink.ca/PRODUCTS/DAP-2553/DAP-2553_FIRMWARE_130.bin,2013-11-21 00:00:00,,cd8201d1297799c1c3af6a8107059331f320ee1e,934ba24297eac80805dcbfca5bd7aa2d
ALL,DAP-2553,1.25,ftp://ftp.dlink.ca/PRODUCTS/DAP-2553/DAP-2553_FIRMWARE_1.25.BIN,2013-05-01 00:00:00,,6cd18f8ef6098f95d5dab00cc836aed181598ccb,bd75052ea25af688b5f7bcf92a50612a
B,DAP-2360,2.07RC043,ftp://ftp.dlink.ca/PRODUCTS/DAP-2360/DAP-2360_REVB_FIRMWARE_2.07RC043.bin,2016-03-31 00:00:00,,04466481cc4aa1efbf120ff7ebc21f3891dca616,7211f5371ce53e500512a9c443428d06
ALL,DAP-2555,1.20,ftp://ftp.dlink.ca/PRODUCTS/DAP-2555/DAP-2555_FIRMWARE_1.20.BIN,2013-05-01 00:00:00,,d7f9d433e5243d2bef7956813a988dc9281b5564,825aeae41ef97f6312d815e87cdd8210
ALL,DAP-2565,1.00,ftp://ftp.dlink.ca/PRODUCTS/DAP-2565/DAP-2565_FIRMWARE_1.00.BIN,2013-05-01 00:00:00,,4dfd6661c8728929bfc478656d227e3e7fb27a1d,2992fd565578033e1ea9511a62532be2
ALL,DAP-2590,1.25,ftp://ftp.dlink.ca/PRODUCTS/DAP-2590/DAP-2590_FIRMWARE_1.25.BIN,2013-05-01 00:00:00,,80c3f150c5a7fefbbdaa4e6c445d382ea6686084,99b7e50ad111c0800676ce57b1c09810
A,DAP-2660,1.13RC074,ftp://ftp.dlink.ca/PRODUCTS/DAP-2660/DAP-2660_REVA_FIRMWARE_1.13RC074.bin,2016-03-31 00:00:00,,212938749ea1717ba06c4ae05bc027c70fe4ae43,deac1a3850829188a0ba95f03f6712cf
ALL,DAP-3520,1.03,ftp://ftp.dlink.ca/PRODUCTS/DAP-3520/DAP-3520_FIRMWARE_1.03.BIN,2013-05-01 00:00:00,,a207259821b6c1082300105768ffac15e5c4aed2,8de844c0dddea7a6691d884dd5038942
A,DAP-2695,1.17RC063,ftp://ftp.dlink.ca/PRODUCTS/DAP-2695/DAP-2695_REVA_FIRMWARE_1.17RC063.bin,2016-03-31 00:00:00,,b810407e3237aef28d00b19c5c1edbf7cd9b3a2a,91b096915333639cf7b5a76165269f8a
ALL,DAP-3525,1.11,ftp://ftp.dlink.ca/PRODUCTS/DAP-3525/DAP-3525_FIRMWARE_1.11.BIN,2013-05-01 00:00:00,,883b863edb4e311b831c450ed5592b64fa7522c9,011b50a3fb5776e86e386f19108137a1
A,DAP-3662,1.02RC031,ftp://ftp.dlink.ca/PRODUCTS/DAP-3662/DAP-3662_REVA_FIRMWARE_1.02RC031.bin,2016-04-20 00:00:00,,7b0d16a4fe88429643eb27777a0a256c85a0c52b,818947101dc3ea1a1683acae797d495a
ALL,DAP-3690,1.10RC064,ftp://ftp.dlink.ca/PRODUCTS/DAP-3690/DAP-3690_REVA_FIRMWARE_1.10.RC064.ZIP,2015-01-01 00:00:00,,225cb4ec925e70ddc522c226bc0f9029f7abae51,2c6f13fcab36d2d16757f9cea2be506e
A,DCH-M225,1.05,ftp://ftp.dlink.ca/PRODUCTS/DCH-M225/DCH-M225_REVA_FIRMWARE_105.BIN,2016-03-11 00:00:00,,cfcaed17746a50d3b39daabf606168bc414876df,631dfd1eb1ed613d86014836e370d2e4
ALL,DCS-1000,1.30,ftp://ftp.dlink.ca/PRODUCTS/DCS-1000/DCS-1000_FIRMWARE_1.30.BIN,2013-05-01 00:00:00,,976c5c7c75e2be2502a31e0dc0b47529cd6adb23,221612bed1bb99c4bac8b846103a34f2
A,DCS-1000w,1.30,ftp://ftp.dlink.ca/PRODUCTS/DCS-1000W/DCS-1000W_REVA_FIRMWARE_1.30.BIN,2013-05-01 00:00:00,,15292e4d5f7178445647b6d37500917b8f612036,9dbd26acdb96772ab7c6dd61eac41b2c
ALL,DCS-2120,1.03,ftp://ftp.dlink.ca/PRODUCTS/DCS-2120/DCS-2120_FIRMWARE_1.03.PKG,2013-05-01 00:00:00,,4344b8a278b7a1060db8d7db10c7547239fbaf0f,1f67b9b52c4a969ec9413721a5ffe0d5
ALL,DCS-1130,1.08,ftp://ftp.dlink.ca/PRODUCTS/DCS-1130/DCS-1130_REVA_FIRMWARE_1.08.BIN,2015-04-22 00:00:00,,badee631061e1dd9b7bf84f4a12ddeec31a5abd2,08157e1a54c2c23a177c84a808fca25e
A,DCS-2132L,1.07,ftp://ftp.dlink.ca/PRODUCTS/DCS-2132L/DCS-2132L_REVA_FIRMWARE_1.07.01.BIN,2015-10-09 00:00:00,,4dba2b44024fd444616baf99f19ebf3f8ddde56c,3d1c94e99facf4d00ec2ec54ca4d7be3
B,DCS-2132L,2.13,ftp://ftp.dlink.ca/PRODUCTS/DCS-2132L/DCS-2132L_REVB_FIRMWARE_2.13.03.BIN,2016-10-03 00:00:00,,ae565a21a5df8da470e1b48c164dc77e01905b3e,ff520ea4d25ece54fe7d4650358d7126
ALL,DCS-2210,1.2,ftp://ftp.dlink.ca/PRODUCTS/DCS-2210/DCS-2210_FIRMWARE_1.20.ZIP,2013-06-26 00:00:00,,ed0fe091bfc58264c1d7f841409248116c2410e4,e95a7f344f148de38929df98d039c5d4
A,DCS-2136L,1.03,ftp://ftp.dlink.ca/PRODUCTS/DCS-2136L/DCS-2136L_REVA_FIRMWARE_1.03.00.BIN,2015-10-15 00:00:00,,d1bf7e9c06c2eb8b3ad37712610d603197f9dc6c,ab54530300e6f215a7b45dab31f4cede
ALL,DCS-2230,1.2,ftp://ftp.dlink.ca/PRODUCTS/DCS-2230/DCS-2230_FIRMWARE_1.20.ZIP,2013-06-26 00:00:00,,b28d0b252527644463b43c3371024501df8362ad,13b40a5cc106854c110b994d143f9329
ALL,DCS-2310L,1.07,ftp://ftp.dlink.ca/PRODUCTS/DCS-2310L/DCS-2310L_REVA_FIRMWARE_1.07.00.BIN,2015-10-15 00:00:00,,d5db7d49455d90376441bc17150f32709f8252f0,8271471b4ad503f91d986e32428760da
A,DCS-2330L,1.14.03,ftp://ftp.dlink.ca/PRODUCTS/DCS-2330L/DCS-2330L_REVA_FIRMWARE_1.14.03.BIN,2016-10-03 00:00:00,,a22f4c3fa16d1c87ee9a3890e4d91121208606a5,dde9a6bfe4018cdb438488f6727a849c
A,DCS-2330L,Intermediary,ftp://ftp.dlink.ca/PRODUCTS/DCS-2330L/DCS-2330L_REVA_FIRMWARE_1.02.05.BIN,2014-12-24 00:00:00,,2a2e306067446c5ab86e95353688b7c0d1c59edd,a7ec750f51ddfa160f2d9dfe636f66c5
A,DCS-2630L,1.03,ftp://ftp.dlink.ca/PRODUCTS/DCS-2630L/DCS-2630L_REVA_FIRMWARE_1.03.03.BIN,2016-06-14 00:00:00,,105e4ab984ff817fbbc5994e6cf63b911a294966,5d0e8b3f7441fd2a7462a7a395d61a9c
ALL,DCS-2332L,1.07,ftp://ftp.dlink.ca/PRODUCTS/DCS-2332L/DCS-2332L_REVA_FIRMWARE_1.07.00.BIN,2015-10-15 00:00:00,,77ae7d68e575068fe64808170b18d7cffda7fca2,98fa4814e8a8b540ced42da2c4cd8326
ALL,DCS-2332L,1.05,ftp://ftp.dlink.ca/PRODUCTS/DCS-2332L/DCS-2332L_REVA_FIRMWARE_1.05.BIN,2015-03-30 00:00:00,,5926612909516d326ac2bf31fd0257d60436c805,b1088d74a7a33272b7e2627b5be9d8d3
A,DCS-2530L,1.01.02,ftp://ftp.dlink.ca/PRODUCTS/DCS-2530L/DCS-2530L_REVA_FIRMWARE_1.01.02_BETA.BIN,2016-08-26 00:00:00,,ebf23600439292cf38eea455a80356052d4af77c,f01abd8161f11e18c208be508b1440bf
ALL,DCS-3220,1.04,ftp://ftp.dlink.ca/PRODUCTS/DCS-3220/DCS-3220_FIRMWARE_1.04.PKG,2013-05-01 00:00:00,,a93cc1eb2fca293f4f453b5e6ad9e8e6e3c36cfd,128c2e96b9508c9190566e23f61f8520
A,DCS-3220G,1.01,ftp://ftp.dlink.ca/PRODUCTS/DCS-3220G/DCS-3220G_REVA_FIRMWARE_1.01.PKG,2013-05-01 00:00:00,,d5087f021819499ec2848d5f7bf0a66f76b233ee,022c237c17a60ed1e939e66d266ebce4
B,DCS-3220G,2.02,ftp://ftp.dlink.ca/PRODUCTS/DCS-3220G/DCS-3220G_REVB_FIRMWARE_2.02.PKG,2013-05-01 00:00:00,,b0295ed5788dd1ed613bdff6bfda3a33d7c246b7,c09450eb5d116622c7c544a0b57a70b6
ALL,DCS-3112,1.14,ftp://ftp.dlink.ca/PRODUCTS/DCS-3112/DCS-3112_REVA_FIRMWARE_1.14.00.bin,2015-10-15 00:00:00,,61fdd629160e03c0482b1442430939afe0639001,727b1573672957de128132ed59fea45b
ALL,DCS-3410,1.02.7712,ftp://ftp.dlink.ca/PRODUCTS/DCS-3410/DCS-3410_FIRMWARE_1.02.7712.ZIP,2013-05-01 00:00:00,,a2941b4e47eeb48b3544c0ea7455900579c68ad9,de5ae37e4c80652b36dd85065d95c8e5
ALL,DCS-3420,1.02,ftp://ftp.dlink.ca/PRODUCTS/DCS-3420/DCS-3420_FIRMWARE_1.02.PKG,2013-05-01 00:00:00,,12f4be6e778062fdbcc87f113d447b564685da2c,431e694f01793b7aacbdfab713b5b24a
ALL,DCS-3411,1.02.7815,ftp://ftp.dlink.ca/PRODUCTS/DCS-3411/DCS-3411_FIRMWARE_1.02.7815.ZIP,2013-05-01 00:00:00,,4f53aebb694e9ca6b46eb77b0ea7debcbda946f6,0bfdfee987a9a1f959f9636b198cc4e1
ALL,DCS-3430,1.02.7815,ftp://ftp.dlink.ca/PRODUCTS/DCS-3430/DCS-3430_FIRMWARE_1.02.7815.ZIP,2013-05-01 00:00:00,,14c9f0db53a2fc80310364313332e5d0c2e2d5e8,c49a2605b4a53f159ada7243dd52c19b
B,DCS-3710,2.10,ftp://ftp.dlink.ca/PRODUCTS/DCS-3710/DCS-3710_REVB_FIRMWARE_2.10.01.ZIP,2013-06-26 00:00:00,,6f5e097b613233b2ec69807bac2612f989b19aa4,ebe96aec80856874d6b78cbfab477cf0
ALL,DCS-3716,1.14,ftp://ftp.dlink.ca/PRODUCTS/DCS-3716/DCS-3716_REVA_FIRMWARE_1.14.00.bin,2015-10-15 00:00:00,,f47a0057d7602149a28385d2fac252338397197a,66c57f1b9b45c77972eb1ac8b9a92607
A,DCS-4602EV,1.04,ftp://ftp.dlink.ca/PRODUCTS/DCS-4602EV/DCS-4602EV_REVA_FIRMWARE_1.04.02.bin,2016-03-17 00:00:00,,af6ee789c069977a77265106efbdc4231661dff9,a134b3af3df69e21fb32fd9d806c5960
ALL,DCS-5010L,1.13.05,ftp://ftp.dlink.ca/PRODUCTS/DCS-5010L/DCS-5010L_FIRMWARE_1.13.05.BIN,2015-12-18 00:00:00,,306ad30f9bbe90003dc8e6328fbd74caa71f3308,90291624eaeeebab651d6fe47a8e434b
ALL,DCS-5020L,1.13.05,ftp://ftp.dlink.ca/PRODUCTS/DCS-5020L/DCS-5020L_FIRMWARE_1.13.05.BIN,2015-12-18 00:00:00,,355510a1e848027a8f51edebd48f70e3616e0531,806bd0f721fa3390ce5faa11895c368f
A,DCS-4701E,1.04,ftp://ftp.dlink.ca/PRODUCTS/DCS-4701E/DCS-4701E_REVA_FIRMWARE_1.04.02.bin,2016-03-17 00:00:00,,663c67eb5872cb4516def8867fe8f673ee64d8ae,c3a8eadfcdfa27c1d17a568fe410fe3d
A,DCS-5025L,1.03,ftp://ftp.dlink.ca/PRODUCTS/DCS-5025L/DCS-5025L_FIRMWARE_1.03.07.BIN,2015-11-02 00:00:00,,f5d78cc246cf3a49db1b0253c93b1c74f88a7b16,9ae46f27e94fee77aaa0d4e0875b00cc
ALL,DCS-5220,1.02,ftp://ftp.dlink.ca/PRODUCTS/DCS-5220/DCS-5220_FIRMWARE_1.02.PKG,2013-05-01 00:00:00,,6c34bb74ba75e59087932a6346a3848310151fca,fdb0c68cbcfe2dce29503cca0a7ce19c
A,DCS-5030L,1.01.06,ftp://ftp.dlink.ca/PRODUCTS/DCS-5030L/DCS-5030L_REVA_FIRMWRE_1.01.06.BIN,2016-05-03 00:00:00,,d99792d0359602b402c9d8c4f7492a034fdde9e8,9cf09abc8fcf831f58068725d1692c3b
A,DCS-4802E,1.00.06,ftp://ftp.dlink.ca/PRODUCTS/DCS-4802E/DCS-4802E_REVA_FIRMWARE_1.00.06.bin,2016-03-31 00:00:00,,dc1af0edc9b3d97d490629edfb02d9952a11d194,d2d6582da9875b20ebbdcd2bffdffd26
ALL,DCS-5300,1.06,ftp://ftp.dlink.ca/PRODUCTS/DCS-5300/DCS-5300_FIRMWARE_1.06.BIN,2013-05-01 00:00:00,,c2e3700a6ca8d50d30d6f3426bf4081286bc93df,470d41d3ac51d2cd6e314976ce3b3ac9
A,DCS-5300G,1.02,ftp://ftp.dlink.ca/PRODUCTS/DCS-5300G/DCS-5300G_REVA_FIRMWARE_1.02.BIN,2013-05-01 00:00:00,,065b7f3b86857571259d3ebb932efd5de7278e70,a8502f87ba14c5456c0cfffc42da9b4e
A,DCS-5222L,1.14,ftp://ftp.dlink.ca/PRODUCTS/DCS-5222L/DCS-5222L_REVA_FIRMWARE_1.14.ZIP,2015-10-15 00:00:00,,5ea5750185d9b12c6cc3c2ccd87e3a76b466652e,2989957125283b7de06a4835b6574c18
B,DCS-5300G,2.05,ftp://ftp.dlink.ca/PRODUCTS/DCS-5300G/DCS-5300G_REVB_FIRMWARE_2.05.BIN,2013-05-01 00:00:00,,cf670a6530fa5d2c4e764b8b06f1c99b6418c3af,e5b5927f08348fac624a2b87d95eea45
B,DCS-5222L,2.13.02,ftp://ftp.dlink.ca/PRODUCTS/DCS-5222L/DCS-5222L_REVB_FIRMWARE_2.13.02_BETA.BIN,2016-05-03 00:00:00,,3a89f206ca0853983dd56ca15117ed014859f49e,7ddf4b315186c4c98978010e81bdcbf9
ALL,DCS-5300W,1.04,ftp://ftp.dlink.ca/PRODUCTS/DCS-5300W/DCS-5300W_FIRMWARE_1.04.BIN,2013-05-01 00:00:00,,11906e3efad6dafcb5694ceebba2e39bc08c1c47,c649ccd2a0b24670a5cc8455d7a534c9
B,DCS-5222L,2.12,ftp://ftp.dlink.ca/PRODUCTS/DCS-5222L/DCS-5222L_REVB_FIRMWARE_2.12.01.BIN,2015-10-16 00:00:00,,5d45472ef8eb45b9cda6d693add0ee9cd07056f1,d9b4538c5c6988ced688a48e391b9a0b
B,DCS-5222L/CA,2.12,ftp://ftp.dlink.ca/PRODUCTS/DCS-5222L/DCS-5222L_REVB_FIRMWARE_2.12.01.BIN,2016-02-05 00:00:00,,5d45472ef8eb45b9cda6d693add0ee9cd07056f1,d9b4538c5c6988ced688a48e391b9a0b
B,DCS-5222L/CA,2.14.04,ftp://ftp.dlink.ca/PRODUCTS/DCS-5222L/DCS-5222L_REVB_FIRMWARE_2.14.04.BIN,2016-10-03 00:00:00,,63e7f33639863cc665b8d7c9b4250974449bf2b6,84315ea5bc5e5f8b7b9e53e90c844e75
ALL,DCS-5605,1.01.7812,ftp://ftp.dlink.ca/PRODUCTS/DCS-5605/DCS-5605_FIRMWARE_1.01.7812.ZIP,2013-05-01 00:00:00,,4eca74c5874763adb63fe24f884a3dca803c28da,fe2f5273b09c594b69a26d7b4c9c2c68
A,DCS-5615,1.04.01,ftp://ftp.dlink.ca/PRODUCTS/DCS-5615/DCS-5615_REVA_FIRMWARE_1.04.01.pkg,2015-10-15 00:00:00,,bfa57b69ff4fb15093c68a14e624569c7fcbe679,2c07e921a76013c162adaed1f7a10413
ALL,DCS-5635,1.01.7812,ftp://ftp.dlink.ca/PRODUCTS/DCS-5635/DCS-5635_FIRMWARE_1.01.7812.ZIP,2013-05-01 00:00:00,,59e23cbaf38b8c56ba989f0a79dc1267cd64d7b0,c10d808ceadf1a31a8259c7bbf22c090
ALL,DCS-6010L,1.14,ftp://ftp.dlink.ca/PRODUCTS/DCS-6010L/DCS-6010L_REVA_FIRMWARE_1.14.00.BIN,2015-10-15 00:00:00,,5ee0ece06ff041c9e269aa9cbd62f68cc7578d3f,1a66b8d32eacdf2b210606e06f76fd76
A,DCS-6004L,1.03.02,ftp://ftp.dlink.ca/PRODUCTS/DCS-6004l/DCS-6004L_REVA_FIRMWARE_1.03.02.bin,2015-10-15 00:00:00,,cd8478404b74632af7f22db9924c4cf85e6c86bd,61ad69a79f56e82fded399df93bbc9e4
A,DCS-6210,1.05,ftp://ftp.dlink.ca/PRODUCTS/dcs-6210/DCS-6210_REVA_FIRMWARE_1.05.00.bin,2015-10-26 00:00:00,,e07292f59176253ce3a750a363f2b77019e95c04,906a4e332dc8b4049c8713900d36952c
B,DCS-6113,2.02.04,ftp://ftp.dlink.ca/PRODUCTS/DCS-6113/DCS-6113_REVB_FIRMWARE_2.02.04.pkg,2015-10-15 00:00:00,,0bc6707267a2afe8775970e6f9c849b9a8c24f72,8cc85eb8bf47327054b77bade8d53819
A,DCS-6314,1.03,ftp://ftp.dlink.ca/PRODUCTS/DCS-6314/DCS-6314_REVA_FIRMWARE_1.03.00.bin,2015-10-15 00:00:00,,5d174ccd1066ad0ac827ccd7e4cd9740d12553cb,483bc526eb55246bb1ffe6be9ea64720
ALL,DCS-6510,1.00,ftp://ftp.dlink.ca/PRODUCTS/DCS-6510/DCS-6510_FIRMWARE_1.00.BIN,2013-05-01 00:00:00,,c5e2872af787b9689ac5dcdbf99f9c6adeb3c11e,1a89d5af107b0aa0dedbee90ced4389a
ALL,DCS-6112,1.20,ftp://ftp.dlink.ca/PRODUCTS/DCS-6112/DCS-6112_REVA_FIRMWARE_1.20.RAR,2013-05-01 00:00:00,,71035a4f5627abd40f0ed3910557a4731fd2e968,c314a200b016445189d1802fbf3a5eca
ALL,DCS-6511,1.16,ftp://ftp.dlink.ca/PRODUCTS/DCS-6511/DCS-6511_REVA_FIRMWARE_1.16.bin,2015-10-15 00:00:00,,94cca925075611de6934b8c6539d1cd3c5223be4,f516b7bd699df46d04cdfaea508ee825
A,DCS-6513,1.04,ftp://ftp.dlink.ca/PRODUCTS/DCS-6513/DCS-6513_REVA_FIRMWARE_1.04.00.bin,2015-10-16 00:00:00,,c8d8cc566ea68c66f8d8992e151e53d5d2d48809,5084de6cb38665d03919a7f5f84dd210
A,DCS-6113,1.20,ftp://ftp.dlink.ca/PRODUCTS/DCS-6113/DCS-6113_REVA_FIRMWARE_1.20.RAR,2013-05-01 00:00:00,,71035a4f5627abd40f0ed3910557a4731fd2e968,c314a200b016445189d1802fbf3a5eca
A,DCS-6517,1.10.01,ftp://ftp.dlink.ca/PRODUCTS/DCS-6517/DCS-6517_REVA_FIRMWARE_1.10.01_WW.ZIP,2016-06-16 00:00:00,,b60189f56d9d3bf498b3a15aebcfe3954395bc29,efe3fe8bdf6187d6e8befdb760b85485
ALL,DCS-6620G,1.05,ftp://ftp.dlink.ca/PRODUCTS/DCS-6620G/DCS-6620G_FIRMWARE_1.05.PKG,2013-05-01 00:00:00,,1f91ce4f3160c27cef3f231ca468462945f9abf6,25590378c5b6ef59bb4db7ae96b810ce
ALL,DCS-7010L,1.07,ftp://ftp.dlink.ca/PRODUCTS/DCS-7010L/DCS-7010L_REVA_FIRMWARE_1.07.00.BIN,2015-10-16 00:00:00,,1863a3900fbc1a693af96cd67ba772f77a1908ab,1f39e4f76b2146203050606c7fdd4b56
B,DCS-7110,3.02.01,ftp://ftp.dlink.ca/PRODUCTS/DCS-7110/DCS-7110_REVB_FIRMWARE_3.02.01.pkg,2016-03-29 00:00:00,,87a57c4ce8e5c24bef6b0ef7fd6fc7f2dba2b301,b6d9851b144e0afcc7293b160a5fa6db
A,DCS-7110,2.10,ftp://ftp.dlink.ca/PRODUCTS/DCS-7110/DCS-7110_REVA_FIRMWARE_2.10.03.zip,2015-04-20 00:00:00,,7c9e73ba1e7fb7c336344bfac91249313068bc52,d71d8dffbfd9b6397d15c66185fa52be
A,DCS-7413,1.12,ftp://ftp.dlink.ca/PRODUCTS/dcs-7413/DCS-7413_REVA_FIRMWARE_1.12.00.bin,2015-10-26 00:00:00,,b2e1786caba1c37bcc20cc3e9ee7dbbf715335c9,7e8272008c803bcec98cb6fa30c78b4a
A,DCS-800L,1.01b03,ftp://ftp.dlink.ca/PRODUCTS/DCS-800L/DCS-800L_REVA_FIRMWRE_1.01.B3.BIN,2015-01-16 00:00:00,,c25dbac55e03681a9270d6de22b972e536a5d611,596422499b13c0e22d99a3157048e2a7
ALL,DCS-7513,1.12,ftp://ftp.dlink.ca/PRODUCTS/DCS-7513/DCS-7513_REVA_FIRMWARE_1.12.00.bin,2015-10-15 00:00:00,,2258f7b6ed7ac91ea4f795e380fa146a66397599,fb02c7120978d2fd04e2fe7a28c4c65e
A,DCS-7517,1.10.01,ftp://ftp.dlink.ca/PRODUCTS/DCS-7517/DCS-7517_REVA_FIRMWARE_1.10_WW.ZIP,2016-06-16 00:00:00,,aed365c3ac9c788e53e38c50bee3148dc716ca1d,01bc084c6f74bf8218169dfc183436f3
A,DCS-6915,1.11,ftp://ftp.dlink.ca/PRODUCTS/DCS-6915/DCS-6915_A1_V1.11.00,2016-01-29 00:00:00,,d9defed34a9e998f90bcb850a892d24934a77824,3844b63adcb1f72987c653953deb1193
A,DCS-850L,1.00,ftp://ftp.dlink.ca/PRODUCTS/DCS-850L/DCS-850L_FIRMWARE_100_B7.BIN,2015-01-28 00:00:00,,23a122c6cf3e6582bdb60df1279e62e13d96ae7d,71e42ae4998ee1092fcd22182988c957
B,DCS-6915,2.01.00,ftp://ftp.dlink.ca/PRODUCTS/DCS-6915/DCS-6915_REVB_FIRMWARE_2.01.00,2016-02-02 00:00:00,,1bc8ffdbcc9ca39391014a7b72e656172df56e71,790513bc01d6e013313b9c5f1cf9b1f2
A,DCS-900,2.51,ftp://ftp.dlink.ca/PRODUCTS/DCS-900/DCS-900_REVA_FIRMWARE_2.51.BIN,2013-05-01 00:00:00,,881f519cf0ec94e9f91205fc95a0467351d744ae,8270a7679afedb34a9e67c4970fe0acb
A,DCS-820L,1.02,ftp://ftp.dlink.ca/PRODUCTS/DCS-820L/DCS-820L_FIRMWARE_1.02.ZIP,2014-08-18 00:00:00,,314f0e5cf0ad9a3b30b91a8c5f8cb4590944a819,1513b632ca5f6d01ecb5bb675cdc26d5
B,DCS-900,3.22,ftp://ftp.dlink.ca/PRODUCTS/DCS-900/DCS-900_REVB_FIRMWARE_3.22.BIN,2013-05-01 00:00:00,,967c06adfa8bee6bc0909c08a91218478358c989,509690f11ffdd99eef9a892e628ed4aa
ALL,DCS-900W,2.51,ftp://ftp.dlink.ca/PRODUCTS/DCS-900W/DCS-900W_FIRMWARE_2.51.BIN,2013-05-01 00:00:00,,ffa1dc60381127e5a9039ebd5ac2f041fe01c8a7,c65a6e1343dea26c3a30396b17f8a785
ALL,DCS-920,1.04,ftp://ftp.dlink.ca/PRODUCTS/DCS-920/DCS-920_FIRMWARE_1.04.BIN,2013-05-01 00:00:00,,6d51812f8ba98d6d591e1e2fc5a8e6edfd6c47d4,6e7d0588fc617b1a2b3559aa74a85825
A,DCS-855L,1.00,ftp://ftp.dlink.ca/PRODUCTS/DCS-855L/DCS-855L_REVA_FIRMWARE_1.00_4312.BIN,2015-01-16 00:00:00,,39ebb5c042bfd54e9c620ad4347583a803cb0b19,fa06a3072aae18a25fd76a9b3ed141d5
A,DCS-930L,1.14,ftp://ftp.dlink.ca/PRODUCTS/DCS-930L/DCS-930L_FIRMWARE_1.14.02.BIN,2016-07-28 00:00:00,,4bbefc1d875c096a641630b8f82fead7b415e281,97a7c7fdb4a858e169cb09468bdf749e
B,DCS-930L,2.12,ftp://ftp.dlink.ca/PRODUCTS/DCS-930L/DCS-930L_REVB_FIRMWARE_2.12.01.BIN,2015-10-15 00:00:00,,e5c6c90e745be281b1b3c50f372e37240ffca4ae,1d9fa3a4f3c2f949f4486a199136a849
ALL,DCS-932L,1.13,ftp://ftp.dlink.ca/PRODUCTS/DCS-932L/DCS-932L_REVA_FIRMWARE_1.13.04.BIN,2016-07-28 00:00:00,,8c120110bd8cbc2a21283c6f4362f5c06339d6d8,02c6cd02e9299308ca1e086aecc732f1
ALL,DCS-931L,1.13,ftp://ftp.dlink.ca/PRODUCTS/DCS-931L/DCS-931L_REVA_FIRMWARE_1.13.05.BIN,2016-01-29 00:00:00,,96ea777d98119ed5592ae2bc14804fb9fea4f1a3,8039cd4d893fac831e2d037c400a136b
ALL,DCS-933L,1.13,ftp://ftp.dlink.ca/PRODUCTS/DCS-933L/DCS-933L_REVA_FIRMWARE_1.13.05.BIN,2016-01-29 00:00:00,,7bb23399e7c4434cd7723d27d7ced15264316453,bb889a21f1057c93b6fcfef40fa6b5a6
A,DCS-935L,1.09,ftp://ftp.dlink.ca/PRODUCTS/DCS-935L/DCS-935L_REVA_FIRMWARE_1.09.BIN,2016-08-18 00:00:00,,686bbace7146fa599fdb2f9461f7519ff25e35be,6ea3357af4577a8b7b4e0a182b63da61
ALL,DCS-950,1.08,ftp://ftp.dlink.ca/PRODUCTS/DCS-950/DCS-950_FIRMWARE_1.08,2013-05-01 00:00:00,,7a5014e2bfde69b6954097b204945176c4b803bf,a753d9cab3c7df0afda370828551eb02
ALL,DCS-950G,1.08,ftp://ftp.dlink.ca/PRODUCTS/DCS-950G/DCS-950G_FIRMWARE_1.08,2013-05-01 00:00:00,,d9898dc838d59d935efc687f6bfb5126068e4261,312309b2ec120f99b73839952ba9ad2e
A,DCS-942L,1.26,ftp://ftp.dlink.ca/PRODUCTS/DCS-942L/DCS-942L_REVA_FIRMWARE_1.26.ZIP,2015-10-15 00:00:00,,3cc3175f57fef8c1c99aefd8a4581bff5a7723a7,79aef862ab9c93fc6adee305e5bfdc95
A,DCS-936L,1.03,ftp://ftp.dlink.ca/PRODUCTS/DCS-936L/DCS-936L_REVA_FIRMWARE_1.03_BETA.BIN,2016-08-26 00:00:00,,25bf2529933405e1f8dd321b9c587753de8799f3,5012f6869f9ca90e67f0ddd6e1c6c3c7
A,DCS-936L,1.01,ftp://ftp.dlink.ca/PRODUCTS/DCS-936L/DCS-936L_REVA_FIRMWARE_1.01.05.BIN,2016-06-28 00:00:00,,972a792d40a6e0f5cd20f71be3c28dd4903a56bd,d68a51af06b02b380337357ecda50bea
B,DCS-942L,2.10,ftp://ftp.dlink.ca/PRODUCTS/DCS-942L/DCS-942L_REVB_FIRMWARE_2.10.07.ZIP,2016-03-18 00:00:00,,d909d7a86ad841f5ede87045ba5dc3049b2f96a9,265423b1167a945cb3a41699e3f92bc3
A,DCS-960L,1.03,ftp://ftp.dlink.ca/PRODUCTS/DCS-960L/DCS-960L_REVA_FIRMWARE_1.03.BIN,2016-04-11 00:00:00,,daa3daec96d8113c0ca7e8d7023268f65e614de3,1e30b302cd0b99abb99148f2bd1f1608
A,DES-1210-28,2.02A005,ftp://ftp.dlink.ca/PRODUCTS/DES-1210-28/DES-1210-28_REVA_FIRMWARE_2.02A005.HEX,2013-05-01 00:00:00,,ec1bf88ad441bd533d3344a899c156a6022905cd,588a6f0a97fc8b958776466f48c675d2
C,DES-1210-28,4.10.004,ftp://ftp.dlink.ca/PRODUCTS/DES-1210-28/DES-1210-28_REVC_FIRMWARE_4.10.004.zip,2016-02-02 00:00:00,,20fec70ff756158b796e1f74e725f5ddd34b0a70,156a236db04ff49fe5854d7311030143
A,DES-1210-28P,2.05A005,ftp://ftp.dlink.ca/PRODUCTS/DES-1210-28P/DES-1210-28P_REVA_FIRMWARE_2.02.A005.HEX,2013-05-01 00:00:00,,f7759cbbab91b344e9d4d57c34d84546db608fc5,187bae0dbccef7f6aeb10ec0201ed5dc
B,DES-1210-28,3.12.015,ftp://ftp.dlink.ca/PRODUCTS/DES-1210-28/DES-1210-28_REVB_FIRMWARE_3.12.015.ZIP,2014-08-19 00:00:00,,e35a7735aa8f2f36552b5c61a01489afd096d453,7a2581eb68f6e692d4b289a6141787d4
C,DES-1210-28P,4.10.004,ftp://ftp.dlink.ca/PRODUCTS/DES-1210-28P/DES-1210-28P_REVC_FIRMWARE_4.10.004.zip,2016-02-02 00:00:00,,f0e82114697d133a023413afb7d4b1405c761b01,c7fe15c722dea3bdad6f9a114a8d1e6d
B,DES-1210-28P,3.12.015,ftp://ftp.dlink.ca/PRODUCTS/DES-1210-28P/DES-1210-28P_REVB_FIRMWARE_3.12.015.ZIP,2014-08-19 00:00:00,,ab8f748fe7f754b406e101d02ae326b638f392f2,16d552be4bd073ea4cd0aed4c625ba8e
A,DES-1210-52,2.05A005,ftp://ftp.dlink.ca/PRODUCTS/DES-1210-52/DES-1210-52_REVA_FIRMWARE_2.02.A005.HEX,2013-05-01 00:00:00,,0ccb9d84e49ef2cd1b7efb584e78331ce951a774,2c64e7cf692479017e6fd65610bc2a19
B,DES-1226G,3.00.13,ftp://ftp.dlink.ca/PRODUCTS/DES-1226G/DES-1226G_FIRMWARE_3.00.13.ZIP,2013-05-01 00:00:00,,b2a91bbb44e2cb0c817ba98e1500efbb6856e49d,ad7761de725863d857ac00cd80e7befa
B,DES-1210-52,3.12.015,ftp://ftp.dlink.ca/PRODUCTS/DES-1210-52/DES-1210-52_REVB_FIRMWARE_3.12.015.ZIP,2014-08-19 00:00:00,,a7850625935e150b2be0042792edb02922349180,48cf516c3debab06d1973ade59fca339
C,DES-1210-52,4.10.004,ftp://ftp.dlink.ca/PRODUCTS/DES-1210-52/DES-1210-52_REVC_FIRMWARE_4.10.004.zip,2016-02-02 00:00:00,,679b3cf9fe64cfd22c927a9e1d636894e94f8aae,ec08f6f2b5ffdfb4094d0215d0c8aee0
ALL,DES-1228,1.11.02,ftp://ftp.dlink.ca/PRODUCTS/DES-1228/DES-1228_FIRMWARE_11102.ZIP,2013-05-01 00:00:00,,e80de2c673ab34a4870550bec363589d6e0730f3,e0a6f50ed23b46bfe7ba927d29f64200
ALL,DES-1228P,1.31.02,ftp://ftp.dlink.ca/PRODUCTS/DES-1228P/DES-1228P_FIRMWARE_1.31.02.ZIP,2013-05-01 00:00:00,,e63a6e80d892787e0163c55b1f3e822db13fc54b,0b93b79d4784b0eab1b4973a1dd79f1a
ALL,DES-1228,1.11.01,ftp://ftp.dlink.ca/PRODUCTS/DES-1228/DES-1228_FIRMWARE_11101.ZIP,2013-05-01 00:00:00,,2500850ecec0c6d2a47415efdcd917e4efa57aa9,358e16face2cd3e1af7d4f092c3565d1
ALL,DES-1252,1.11.01,ftp://ftp.dlink.ca/PRODUCTS/DES-1252/DES-1252_FIRMWARE_1.11.01.ZIP,2013-05-01 00:00:00,,bb94b1fe56d1a4c2b27426427a10f0ed62c9ddd3,4d60067f130602d98ebc60b1729a6acb
ALL,DES-1316,1.01,ftp://ftp.dlink.ca/PRODUCTS/DES-1316/DES-1316_FIRMWARE_1.01.HEX,2013-05-01 00:00:00,,d673b21f943f400e6d74e6a81ad56131ef491b4f,16df8f9660a12430d27a39734a2b45b9
ALL,DES-3010FA,1.0.1.4,ftp://ftp.dlink.ca/PRODUCTS/DES-3010FA/DES-3010FA_FIRMWARE_1.0.1.4.ROS,2013-05-01 00:00:00,,e9b4b5b9e1aaf9419303ac03d2ae0becc610b8d3,cc4e93cfea913b36b64c31be90b93e90
ALL,DES-3010GA,1.0.1.4,ftp://ftp.dlink.ca/PRODUCTS/DES-3010GA/DES-3010GA_FIRMWARE_1.0.1.4.ROS,2013-05-01 00:00:00,,e9b4b5b9e1aaf9419303ac03d2ae0becc610b8d3,cc4e93cfea913b36b64c31be90b93e90
ALL,DES-3010PA,1.00.26,ftp://ftp.dlink.ca/PRODUCTS/DES-3010PA/DES-3010PA_FIRMWARE_1.00.26.ROS,2013-05-01 00:00:00,,e6894a8a7baf997964eb820a44226738bd144a5c,72159cd087ced70e6c892f90cf2a002b
A,DES-3028,2.00B27,ftp://ftp.dlink.ca/PRODUCTS/DES-3028/DES-3028_REVA_FIRMWARE_2.00B27.ZIP,2013-05-01 00:00:00,,6e4b4e1b5d4e239c216a938a97662032f3e2ad5e,6a512ea6ba7985498e6bda1d1c6856ce
A,DES-3028P,2.00B27,ftp://ftp.dlink.ca/PRODUCTS/DES-3028P/DES-3028P_REVA_FIRMWARE_2.00B27.ZIP,2013-05-01 00:00:00,,6e4b4e1b5d4e239c216a938a97662032f3e2ad5e,6a512ea6ba7985498e6bda1d1c6856ce
A,DES-3052,2.00B27,ftp://ftp.dlink.ca/PRODUCTS/DES-3052/DES-3052_REVA_FIRMWARE_2.00B27.ZIP,2013-05-01 00:00:00,,6e4b4e1b5d4e239c216a938a97662032f3e2ad5e,6a512ea6ba7985498e6bda1d1c6856ce
A,DES-3052P,2.00B27,ftp://ftp.dlink.ca/PRODUCTS/DES-3052P/DES-3052P_REVA_FIRMWARE_2.00B27.ZIP,2013-05-01 00:00:00,,6e4b4e1b5d4e239c216a938a97662032f3e2ad5e,6a512ea6ba7985498e6bda1d1c6856ce
C,DES-3200-28,4.00.024,ftp://ftp.dlink.ca/PRODUCTS/DES-3200-28/DES-3200-28_REVC_FIRMWARE_4.00.024.had,2013-05-16 00:00:00,,7b809d3164eeeb72ec8fa1714291460612da5481,e84491670a2a708b82813e3adac00462
C,DES-3200-28P,4.00.024,ftp://ftp.dlink.ca/PRODUCTS/DES-3200-28P/DES-3200-28P_REVC_FIRMWARE_4.00.024.had,2013-05-16 00:00:00,,7b809d3164eeeb72ec8fa1714291460612da5481,e84491670a2a708b82813e3adac00462
C,DES-3200-52,4.00.024,ftp://ftp.dlink.ca/PRODUCTS/DES-3200-52/DES-3200-52_REVC_FIRMWARE_4.00.024.had,2013-05-16 00:00:00,,7b809d3164eeeb72ec8fa1714291460612da5481,e84491670a2a708b82813e3adac00462
C,DES-3200-52P,4.00.024,ftp://ftp.dlink.ca/PRODUCTS/DES-3200-52P/DES-3200-52P_REVC_FIRMWARE_4.00.024.had,2013-05-16 00:00:00,,7b809d3164eeeb72ec8fa1714291460612da5481,e84491670a2a708b82813e3adac00462
ALL,DES-3250TG,3.00B09,ftp://ftp.dlink.ca/PRODUCTS/DES-3250TG/DES-3250TG_FIRMWARE_3.00B09.HAD,2013-05-01 00:00:00,,5b1a8e852b49ba9ced381f7ece9e2820b037f6bf,e9ee22a873cdf4250cb758322678cd24
ALL,DES-3350SR,3.02B12,ftp://ftp.dlink.ca/PRODUCTS/DES-3350SR/DES-3350SR_FIRMWARE_3.02B12.HAD,2013-05-01 00:00:00,,09c6575d75da84a6ee056b74de507a28c9adbda2,3ffb121f55d95877c9f30f61a0231f8c
ALL,DES-3526,5.01B65,ftp://ftp.dlink.ca/PRODUCTS/DES-3526/DES-3526_FIRMWARE_5.01B65.ZIP,2013-05-01 00:00:00,,3fe3d04d22856946fded8b8f22888857b5996330,296278140f009ec922a8c03e504fdac5
A,DES-3528,3.00.012,ftp://ftp.dlink.ca/PRODUCTS/DES-3528/DES-3528_REVA_FIRMWARE_3.00.012.HAD,2013-05-01 00:00:00,,f0938d88843b2ba09238d4d38dee951b3ed2c54d,3adcfaa6bf173334c170df5a6d5ed1aa
ALL,DES-3550,5.01B65,ftp://ftp.dlink.ca/PRODUCTS/DES-3550/DES-3550_FIRMWARE_5.01B65.ZIP,2013-05-01 00:00:00,,3a3378e8c2f1fa2752602bdaee7429eca5e7b2eb,1070c8b0b7be0ea46671377bff075f02
A,DES-3552,3.00.012,ftp://ftp.dlink.ca/PRODUCTS/DES-3552/DES-3552_REVA_FIRMWARE_3.00.012.HAD,2013-05-01 00:00:00,,f0938d88843b2ba09238d4d38dee951b3ed2c54d,3adcfaa6bf173334c170df5a6d5ed1aa
ALL,DES-3828,4.50B12,ftp://ftp.dlink.ca/PRODUCTS/DES-3828/DES-3828_FIRMWARE_4.50B12.HAD,2013-05-01 00:00:00,,04cb95a856102383691aa25e9952ec9ecd773fb7,9bd1d20460e5ee88ddda9046ae584906
ALL,DES-3828P,4.50B12,ftp://ftp.dlink.ca/PRODUCTS/DES-3828P/DES-3828P_FIRMWARE_4.50B12.HAD,2013-05-01 00:00:00,,04cb95a856102383691aa25e9952ec9ecd773fb7,9bd1d20460e5ee88ddda9046ae584906
ALL,DES-3852,4.50B12,ftp://ftp.dlink.ca/PRODUCTS/DES-3852/DES-3852_FIRMWARE_4.50B12.HAD,2013-05-01 00:00:00,,056d3b06e72932d2a5a9d41fdf27fc6e0187c6fc,fcdbbf964cdbc087a12f8a68944c1c1a
A,DFL-1100,1.34,ftp://ftp.dlink.ca/PRODUCTS/DFL-1100/DFL-1100_REVA_FIRMWARE_1.34.IMG,2013-05-01 00:00:00,,730d677fa42f5aec97152f56024aeecbb4e76cd3,bc25756acb87b34a921aacc756dfe4e3
A,DFL-200,1.34,ftp://ftp.dlink.ca/PRODUCTS/DFL-200/DFL-200_REVA_FIRMWARE_1.34.IMG,2013-05-01 00:00:00,,29b54756e19259c0635f074541da025fecd3ebf5,5156189d6a6ec169cb627046c3a302b7
A,DFL-210,2.20,ftp://ftp.dlink.ca/PRODUCTS/DFL-210/DFL-210_REVA_FIRMWARE_2.20.IMG,2013-05-01 00:00:00,,4bb94b271cc678b3336b1c2bdfa4075c2459cc86,679ef5ae3ab818801f3ec2e1660b9288
A,DFL-700,1.34,ftp://ftp.dlink.ca/PRODUCTS/DFL-700/DFL-700_REVA_FIRMWARE_1.34.IMG,2013-05-01 00:00:00,,f2ea0594f8ca3b1915dbfdda4af91ffd1cbd7132,ded238af57d01d9154e405c9803b0632
A,DFL-80,2.37,ftp://ftp.dlink.ca/PRODUCTS/DFL-80/DFL-80_REVA_FIRMWARE_2.37.IMG,2013-05-01 00:00:00,,1d1dc15d77d5d42b3535fd9163035181b4d3da2d,fa9156e9ddb7d752d515c7f6bebdfa62
A,DFL-800,2.20,ftp://ftp.dlink.ca/PRODUCTS/DFL-800/DFL-800_REVA_FIRMWARE_2.20.IMG,2013-05-01 00:00:00,,4a4cb87a738bd09c30d4098a62cd4e57edc27a06,f64c2f5765231702e43da10dbceee850
ALL,DGL-3420,1.03,ftp://ftp.dlink.ca/PRODUCTS/DGL-3420/DGL-3420_FIRMWARE_1.03.BIN,2013-05-01 00:00:00,,7f268a16d687b5776f50fad7526de57eac478a32,a8ca310cef0c4e8cfea4b6f1310210b1
A,DGL-4100,1.70,ftp://ftp.dlink.ca/PRODUCTS/DGL-4100/DGL-4100_REVA_FIRMWARE_1.70.BIN,2013-05-01 00:00:00,,87366385701f3857d82c35b0b666cb10054673ea,91cdf62aefd745d74562aa5eca48ba2b
A,DGL-4300,1.90,ftp://ftp.dlink.ca/PRODUCTS/DGL-4300/DGL-4300_REVA_FIRMWARE_1.90.BIN,2013-05-01 00:00:00,,847c4e15dd042f7ab137aff47f8cf3dce5c47bc9,54c937b821fa31f4aff838e986dbcb71
A,DGL-4500,1.23,ftp://ftp.dlink.ca/PRODUCTS/DGL-4500/DGL-4500_REVA_FIRMWARE_1.23.BIN,2013-05-01 00:00:00,,33dff642920431d9b5172dd1044f6f799eda4d01,5e1b977766f1cfb093d9288505a1b05c
A,DGL-5500,1.13b04,ftp://ftp.dlink.ca/PRODUCTS/DGL-5500/DGL-5500_REVA_FIRMWARE_1.13B04.BIN,2015-05-07 00:00:00,,008bac694a68b974a7264a36258745d9ca53b988,272676fff74fce4b483887072656b1e7
A,DGS-1100-05,1.10.23,ftp://ftp.dlink.ca/PRODUCTS/DGS-1100-05/DGS-1100-05_REVA_FIRMWARE_1.10.023.bin,2016-04-20 00:00:00,,2a83e8dcd9eda61a63ea69e3363de0083bfde9fa,dcc411b3e002f41c2c2811c9ae766b21
A,DGS-1100-08,1.10.039,ftp://ftp.dlink.ca/PRODUCTS/DGS-1100-08/DGS-1100-08_REVA_FIRMWARE_1.10.039.bin,2016-04-20 00:00:00,,197f7f49fc5be595cd8addb1b308de6e39967c28,6f2869f2ee6151aafe1876e1941e37a9
A,DGS-1100-08P,1.10.027,ftp://ftp.dlink.ca/PRODUCTS/DGS-1100-08P/DGS-1100-08P_REVA_FIRMWARE_1.10.027.bin,2016-04-20 00:00:00,,713b188f72f83b6af20242bf8067d09ad781ce80,51fff4299e569471bfc1c4228750d5ea
A,DGS-1100-16,1.10.016,ftp://ftp.dlink.ca/PRODUCTS/DGS-1100-24/DGS-1100-16-24_REVA_FIRMWARE_1.10.016.ZIP,2015-02-24 00:00:00,,7bed77e6b7921f79cf4720e41a5a7253eed15dca,189c519597aaaecd494ed44203ed3e14
B,DGS-1100-10MP,1.00.002,ftp://ftp.dlink.ca/PRODUCTS/DGS-1100-10MP/DGS-1100MP_REVB_FIRMWARE_1.00.002.flash,2016-03-07 00:00:00,,890134cd7af2bc4df648afd38f1ad45923a09c5a,ac93c165feefbf053d2b60e5f931ff16
B,DGS-1100-16,1.01.018,ftp://ftp.dlink.ca/PRODUCTS/DGS-1100-16/DGS-1100_REVB_FIRMWARE_1.01.018_WW.zip,2015-08-02 00:00:00,,58e36d88b2783ab00dfd302d34c617c73d4f74bc,e897323df5e23ada5f67e0bf63f1b20e
A,DGS-1100-24,1.10.016,ftp://ftp.dlink.ca/PRODUCTS/DGS-1100-24/DGS-1100-16-24_REVA_FIRMWARE_1.10.016.ZIP,2015-02-24 00:00:00,,7bed77e6b7921f79cf4720e41a5a7253eed15dca,189c519597aaaecd494ed44203ed3e14
B,DGS-1100-24,1.01.018,ftp://ftp.dlink.ca/PRODUCTS/DGS-1100-24/DGS-1100_REVB_FIRMWARE_1.01.018_WW.zip,2015-08-02 00:00:00,,58e36d88b2783ab00dfd302d34c617c73d4f74bc,e897323df5e23ada5f67e0bf63f1b20e
B,DGS-1100-24P,1.01.018,ftp://ftp.dlink.ca/PRODUCTS/DGS-1100-24P/DGS-1100_REVB_FIRMWARE_1.01.018_WW.zip,2015-08-02 00:00:00,,58e36d88b2783ab00dfd302d34c617c73d4f74bc,e897323df5e23ada5f67e0bf63f1b20e
B,DGS-1100-26MP,1.00.002,ftp://ftp.dlink.ca/PRODUCTS/DGS-1100-26MP/DGS-1100MP_REVB_FIRMWARE_1.00.002.flash,2016-03-07 00:00:00,,890134cd7af2bc4df648afd38f1ad45923a09c5a,ac93c165feefbf053d2b60e5f931ff16
A,DGS-1210-10P,2.02A005,ftp://ftp.dlink.ca/PRODUCTS/DGS-1210-10P/DGS-1210-10P_FIRMWARE_2.02A005.ZIP,2013-05-01 00:00:00,,5b1547c1a6c353e1fa3af7fce32af2beb90e75e8,54da8a65e8293c0266d90a9795a57cb1
C,DGS-1210-10,4.10.004,ftp://ftp.dlink.ca/PRODUCTS/DGS-1210-10/DGS-1210-10_REVC_FIRMWARE_4.10.004.hex,2016-03-07 00:00:00,,dadbeffde30fc471c05eab5776c205f2027a5528,cd3b529d898d7d59722aab40fc54d765
B,DGS-1210-10P,3.12.015,ftp://ftp.dlink.ca/PRODUCTS/DGS-1210-10P/DGS-1210-10P_REVB_FIRMWARE_3.12.015.hex,2014-08-27 00:00:00,,0cc1dcc43e0edff11d06b709c1f1f21c2f76354c,2a16090650569dcb167c4527a99357a5
A,DGS-1210-16,2.02A005,ftp://ftp.dlink.ca/PRODUCTS/DGS-1210-16/DGS-1210-16_FIRMWARE_2.02A005.ZIP,2013-05-01 00:00:00,,e3612b1c3ae3464912022b75521882e0cf94a67a,1dc0aeb27747441ff7b241086f01152b
C,DGS-1210-10P,4.10.004,ftp://ftp.dlink.ca/PRODUCTS/DGS-1210-10P/REV_C/DGS-1210-10P_REVC_FIRMWARE_4.10.004.hex,2016-03-07 00:00:00,,78b92e4bd9278242cebf27be60d15ed2b636aba2,fb12adda4f7e913e1bd711cac06a3f5f
B,DGS-1210-20,3.10.013,ftp://ftp.dlink.ca/PRODUCTS/DGS-1210-20/DGS-1210-20_REVB_FIRMWARE_3.10.013.HEX,2013-05-01 00:00:00,,9c4f70e77c2d8fc157585cc598c4cde553adeba8,85c4b725e9adf4c4f08fdc5087bb36ec
C,DGS-1210-20,4.10.004,ftp://ftp.dlink.ca/PRODUCTS/DGS-1210-20/REVC/DGS-1210-20_REVC_FIRMWARE_4.10.004.hex,2016-03-07 00:00:00,,a8b84a8cab16e3ef9158786f9cefb200c651e0dd,c1bcd6533cac7464cd106a77cbf61def
A,DGS-1210-24,2.02A005,ftp://ftp.dlink.ca/PRODUCTS/DGS-1210-24/DGS-1210-24_FIRMWARE_2.02A005.ZIP,2013-05-01 00:00:00,,3dac9340ad76e79f9316fb926f92a4dcc68239da,ebc773ed8095c323608da158e58686a0
B,DGS-1210-28,3.10.013,ftp://ftp.dlink.ca/PRODUCTS/DGS-1210-28/DGS-1210-28_REVB_FIRMWARE_3.10.013.HEX,2013-05-01 00:00:00,,b5061f732b8d8e5167babc3682deae9464af894b,357237fe0838618bc11184feec5b0efb
C,DGS-1210-28,4.10.004,ftp://ftp.dlink.ca/PRODUCTS/DGS-1210-28/REVC/DGS-1210-28_REVC_FIRMWARE_4.10.004.hex,2016-03-07 00:00:00,,126ad546581b94b603b48146dffbf3ac57b65a0d,54da6d75869a009345237947e6d6a2b0
B,DGS-1210-28P,3.10.0.13,ftp://ftp.dlink.ca/PRODUCTS/DGS-1210-28P/DGS-1210-28P_REVB_FIRMWARE_3.10.013.hex,2013-05-16 00:00:00,,22ac4c40cd7abcb1c2208f9d41a67f54f6a622f7,ba70e0c46389cdd10289efea1e561f07
A,DGS-1210-48,2.02A005,ftp://ftp.dlink.ca/PRODUCTS/DGS-1210-48/DGS-1210-48_FIRMWARE_2.02A005.ZIP,2013-05-01 00:00:00,,26499e03bd196eddc52fb0890242c3cdb8b153b9,89b5604da3c92634ca9e8df1f596e42e
C,DGS-1210-28P,4.10.004,ftp://ftp.dlink.ca/PRODUCTS/DGS-1210-28P/REVC/DGS-1210-28P_REVC_FIRMWARE_4.10.004.hex,2016-03-07 00:00:00,,1d4ae96c3bfcd99b13f6275b47612392ed87f001,4cf8b6d6f729ebe3960c13f286b929cf
B,DGS-1210-52,3.10.013,ftp://ftp.dlink.ca/PRODUCTS/DGS-1210-52/DGS-1210-52_REVB_FIRMWARE_3.10.013.HEX,2013-05-01 00:00:00,,e552568ae701780ab3000b2ce39322994a83bc57,6ad097d4661ccdd513ac7e7334e23681
C,DGS-1210-52,4.10.004,ftp://ftp.dlink.ca/PRODUCTS/DGS-1210-52/REVC/DGS-1210-52_REVC_FIRMWARE_4.10.004.hex,2016-03-07 00:00:00,,fad0fdaf2f8aa8730161262f6ca401b6687a80ec,1e5eccc741b550d740c20888570263e5
C,DGS-1210-52MP,4.10.004,ftp://ftp.dlink.ca/PRODUCTS/DGS-1210-52MP/DGS-1210-52MP_REVC_FIRMWARE_4.10.004.hex,2016-03-07 00:00:00,,a9446934311bafb748bd070aff8f8ccffddd61f7,5c47c3cf491f4061f130253b84440647
D,DGS-1224T,4.21.01,ftp://ftp.dlink.ca/PRODUCTS/DGS-1224T/DGS-1224T_REVD_FIRMWARE_4.21.01.ZIP,2013-05-01 00:00:00,,531d65ffb93380ef21cac3f605b4da9537d7e501,09da6b88a9b855415404d1b876c13034
A,DGS-1224TP,1.01.03,ftp://ftp.dlink.ca/PRODUCTS/DGS-1224TP/DGS-1224TP_REVA_FIRMWARE_1.01.03.HEX,2013-05-01 00:00:00,,117340adce6edfdfbef879dfee1422b7a63b6e75,fb9a0cbd49c22c5ebdd94694438102db
D,DGS-1216T,4.21.01,ftp://ftp.dlink.ca/PRODUCTS/DGS-1216T/DGS-1216T_REVD_FIRMWARE_4.21.01.ZIP,2013-05-01 00:00:00,,725e116f4cab949df9cd68aa435364c2fd20f611,330f8326e9bd6c8dc460c1f1a39baaca
D,DGS-1216T,4.21.02,ftp://ftp.dlink.ca/PRODUCTS/DGS-1216T/DGS-1216T_REVD_FIRMWARE_4.21.02.ZIP,2013-05-01 00:00:00,,476b7fdb89417eda2da6f9889f1620ca73b26d51,d9a1aeab4a07aa7b15c709a12c7bcb78
B,DGS-1248T,3.11.02,ftp://ftp.dlink.ca/PRODUCTS/DGS-1248T/DGS-1248T_REVB_FIRMWARE_3.11.02.HEX,2013-05-01 00:00:00,,b352e1d86d5baa42d31084b2f82915c8db5e9db0,58f22e7fe325aefb2c0b2eeaf901b7a3
D,DGS-1224T,4.21.02,ftp://ftp.dlink.ca/PRODUCTS/DGS-1224T/DGS-1224T_REVD_FIRMWARE_4.21.02.ZIP,2013-05-01 00:00:00,,87ab05ee986e10198fe6b6ce7989aba39c7fbd49,9879dfedc423e64278ad36664cbf2653
A,DGS-1500-20,2.51.005,ftp://ftp.dlink.ca/PRODUCTS/DGS-1500-20/DGS-1500-20_FIRMWARE_2.51.005.ZIP,2014-11-17 00:00:00,,45c9a6e34e3c8d383528b590389050da421f43dc,6976e6bd8af266ffccc5500c4885639c
A,DGS-1500-28,2.51.005,ftp://ftp.dlink.ca/PRODUCTS/DGS-1500-28/DGS-1500-28_FIRMWARE_2.51.005.ZIP,2014-11-17 00:00:00,,cbe1daacf6e376ac5559e0f785221a44342b2a36,3ac00f46e2b377fca4f86038f4b5b127
A,DGS-1500-28P,2.51.005,ftp://ftp.dlink.ca/PRODUCTS/DGS-1500-28P/DGS-1500-28P_FIRMWARE_2.51.005.ZIP,2014-11-17 00:00:00,,7acfd3402f2441e6dca2d13f512a5050f69993d2,825a505ff0e33c72d408e5d8b6a95e4c
A,DGS-1500-52,2.51.005,ftp://ftp.dlink.ca/PRODUCTS/DGS-1500-52/DGS-1500-52_FIRMWARE_2.51.005.ZIP,2014-11-17 00:00:00,,3b446fab17e518b6cf1f1965c6d45c864ec7557f,7c5ea2e82d5e06f9cadf908aee23ea8b
A,DGS-1510-20,1.30.007,ftp://ftp.dlink.ca/PRODUCTS/DGS-1510-20/DGS-1510-SERIES_REVA_FIRMWARE_1.30.007_WW.ZIP,2016-01-28 00:00:00,,224e68621f2f14255d8db21009be7d0c898049d7,13c8903327d98aebabfab0f13eac3dfb
A,DGS-1510-28,1.30.007,ftp://ftp.dlink.ca/PRODUCTS/DGS-1500-28/DGS-1510-SERIES_REVA_FIRMWARE_1.30.007_WW.ZIP,2016-01-28 00:00:00,,224e68621f2f14255d8db21009be7d0c898049d7,13c8903327d98aebabfab0f13eac3dfb
A,DGS-1510-28P,1.30.007,ftp://ftp.dlink.ca/PRODUCTS/DGS-1500-28P/DGS-1510-SERIES_REVA_FIRMWARE_1.30.007_WW.ZIP,2016-01-28 00:00:00,,224e68621f2f14255d8db21009be7d0c898049d7,13c8903327d98aebabfab0f13eac3dfb
A,DGS-1510-28X,1.30.007,ftp://ftp.dlink.ca/PRODUCTS/DGS-1510-28X/DGS-1510-SERIES_REVA_FIRMWARE_1.30.007_WW.ZIP,2016-01-28 00:00:00,,224e68621f2f14255d8db21009be7d0c898049d7,13c8903327d98aebabfab0f13eac3dfb
A,DGS-1510-28XMP,1.30.007,ftp://ftp.dlink.ca/PRODUCTS/DGS-1510-28XMP/DGS-1510-SERIES_REVA_FIRMWARE_1.30.007_WW.ZIP,2016-01-28 00:00:00,,224e68621f2f14255d8db21009be7d0c898049d7,13c8903327d98aebabfab0f13eac3dfb
A,DGS-1510-52,1.30.007,ftp://ftp.dlink.ca/PRODUCTS/DGS-1500-52/DGS-1510-SERIES_REVA_FIRMWARE_1.30.007_WW.ZIP,2016-01-28 00:00:00,,224e68621f2f14255d8db21009be7d0c898049d7,13c8903327d98aebabfab0f13eac3dfb
A,DGS-1510-52X,1.30.007,ftp://ftp.dlink.ca/PRODUCTS/DGS-1510-52X/DGS-1510-SERIES_REVA_FIRMWARE_1.30.007_WW.ZIP,2016-01-28 00:00:00,,224e68621f2f14255d8db21009be7d0c898049d7,13c8903327d98aebabfab0f13eac3dfb
ALL,DGS-3024,4.01B01,ftp://ftp.dlink.ca/PRODUCTS/DGS-3024/DGS-3024_FIRMWARE_4.01B01.HAD,2013-05-01 00:00:00,,e40025171635097a89f58a88bbd9c52ee3444d49,52f78afe866f49906123b91dcab743f2
ALL,DGS-3048,1.00.24,ftp://ftp.dlink.ca/PRODUCTS/DGS-3048/DGS-3048_FIRMWARE_1.00.24.ROS,2013-05-01 00:00:00,,4cb64328732d1e631f514e75e9eb20ff9435a61d,edeb9428b417e142d545007e9d4b1233
ALL,DGS-3100-24,3.60.28,ftp://ftp.dlink.ca/PRODUCTS/DGS-3100-24/DGS-3100-24_FIRMWARE_3.60.28.ZIP,2013-05-01 00:00:00,,2e98ff30b977e894d07d2adb3e02f52c6e1dfe1b,72a1116b630800b53252e9453b82bab2
ALL,DGS-3100-24P,3.60.28,ftp://ftp.dlink.ca/PRODUCTS/DGS-3100-24P/DGS-3100-24P_FIRMWARE_3.60.28.ZIP,2013-05-01 00:00:00,,2e98ff30b977e894d07d2adb3e02f52c6e1dfe1b,72a1116b630800b53252e9453b82bab2
ALL,DGS-3100-48,3.60.28,ftp://ftp.dlink.ca/PRODUCTS/DGS-3100-48/DGS-3100-48_FIRMWARE_3.60.28.ZIP,2013-05-01 00:00:00,,2e98ff30b977e894d07d2adb3e02f52c6e1dfe1b,72a1116b630800b53252e9453b82bab2
ALL,DGS-3100-48P,3.60.28,ftp://ftp.dlink.ca/PRODUCTS/DGS-3100-48P/DGS-3100-48P_FIRMWARE_3.60.28.ZIP,2013-05-01 00:00:00,,2e98ff30b977e894d07d2adb3e02f52c6e1dfe1b,72a1116b630800b53252e9453b82bab2
A,DGS-3120-24PC,3.10.012,ftp://ftp.dlink.ca/PRODUCTS/DGS-3120-24PC/DGS-3120-24PC_REVA_FIRMWARE_3.10.012.ZIP,2013-08-20 00:00:00,,a1c10cf2702ff01b4266207562ae9eda48b9e3b0,2ae0e04360da5661670a8ffaeb6086e4
B,DGS-3120-24PC,3.10.512,ftp://ftp.dlink.ca/PRODUCTS/DGS-3120-24PC/DGS-3120-24PC_REVB_FIRMWARE_3.10.512.ZIP,2014-02-01 00:00:00,,450284286e577c7e39df3716308f715a790473db,c5f3f8425b045c05263f53a35becab30
B,DGS-3120-24PC,4.00.015,ftp://ftp.dlink.ca/PRODUCTS/DGS-3120-24PC/DGS-3120_SERIES_REVB_FIRMWARE_4.00.015.ZIP,2014-10-27 00:00:00,,65db8c5bf91f76c031d7ee5bbd30634853c594b7,7b0e02c1fd973aba0fa2df8a35f686de
A,DGS-3120-24TC,3.10.012,ftp://ftp.dlink.ca/PRODUCTS/DGS-3120-24TC/DGS-3120-24TC_REVA_FIRMWARE_3.10.012.ZIP,2014-03-28 00:00:00,,a1c10cf2702ff01b4266207562ae9eda48b9e3b0,2ae0e04360da5661670a8ffaeb6086e4
B,DGS-3120-24TC,3.10.512,ftp://ftp.dlink.ca/PRODUCTS/DGS-3120-24TC/DGS-3120-24TC_REVB_FIRMWARE_3.10.512.ZIP,2014-02-01 00:00:00,,450284286e577c7e39df3716308f715a790473db,c5f3f8425b045c05263f53a35becab30
B,DGS-3120-24TC,4.00.015,ftp://ftp.dlink.ca/PRODUCTS/DGS-3120-24TC/DGS-3120_SERIES_REVB_FIRMWARE_4.00.015.ZIP,2014-10-27 00:00:00,,65db8c5bf91f76c031d7ee5bbd30634853c594b7,7b0e02c1fd973aba0fa2df8a35f686de
A,DGS-3120-48PC,3.10.012,ftp://ftp.dlink.ca/PRODUCTS/DGS-3120-48PC/DGS-3120-48PC_REVA_FIRMWARE_3.10.012.ZIP,2014-03-28 00:00:00,,a1c10cf2702ff01b4266207562ae9eda48b9e3b0,2ae0e04360da5661670a8ffaeb6086e4
B,DGS-3120-48PC,3.10.512,ftp://ftp.dlink.ca/PRODUCTS/DGS-3120-48PC/DGS-3120-48PC_REVB_FIRMWARE_3.10.512.ZIP,2014-02-01 00:00:00,,450284286e577c7e39df3716308f715a790473db,c5f3f8425b045c05263f53a35becab30
B,DGS-3120-48PC,4.00.015,ftp://ftp.dlink.ca/PRODUCTS/DGS-3120-48PC/DGS-3120_SERIES_REVB_FIRMWARE_4.00.015.ZIP,2014-10-27 00:00:00,,65db8c5bf91f76c031d7ee5bbd30634853c594b7,7b0e02c1fd973aba0fa2df8a35f686de
A,DGS-3120-48TC,3.10.012,ftp://ftp.dlink.ca/PRODUCTS/DGS-3120-48TC/DGS-3120-48TC_REVA_FIRMWARE_3.10.012.ZIP,2014-03-28 00:00:00,,a1c10cf2702ff01b4266207562ae9eda48b9e3b0,2ae0e04360da5661670a8ffaeb6086e4
B,DGS-3120-48TC,3.10.512,ftp://ftp.dlink.ca/PRODUCTS/DGS-3120-48TC/DGS-3120-48TC_REVB_FIRMWARE_3.10.512.ZIP,2014-02-01 00:00:00,,450284286e577c7e39df3716308f715a790473db,c5f3f8425b045c05263f53a35becab30
A,DGS-3200-10,2.00.016,ftp://ftp.dlink.ca/PRODUCTS/DGS-3200-10/DGS-3200-10_FIRMWARE_2.00.016.HAD,2013-05-01 00:00:00,,0c07841c42bc035cc58d4efb44ceba1bcabb650c,582f09f8284ff342f07affa89e7253e7
B,DGS-3120-48TC,4.00.015,ftp://ftp.dlink.ca/PRODUCTS/DGS-3120-48TC/DGS-3120_SERIES_REVB_FIRMWARE_4.00.015.ZIP,2014-10-27 00:00:00,,65db8c5bf91f76c031d7ee5bbd30634853c594b7,7b0e02c1fd973aba0fa2df8a35f686de
ALL,DGS-3224SR,2.00B19,ftp://ftp.dlink.ca/PRODUCTS/DGS-3224SR/DGS-3224SR_FIRMWARE_2.00B19.HAD,2013-05-01 00:00:00,,4b59660eaa0e5257d9cd06a7a41b2a1008bfa525,ba22bbc70071ccb49f1df70aa33156d8
ALL,DGS-3224TG,1.03,ftp://ftp.dlink.ca/PRODUCTS/DGS-3224TG/DGS-3224TG_FIRMWARE_1.03.HAD,2013-05-01 00:00:00,,c772183e0751ae5b2c604c7895da2d5bbc6f9227,8145cef5cb17c34fd9342d40633feb05
ALL,DGS-3224TGR,301027,ftp://ftp.dlink.ca/PRODUCTS/DGS-3224TGR/DGS-3224TGR_FIRMWARE_301027.HAD,2013-05-01 00:00:00,,e5e1299d249c26e0945d085cc6ad54908406a717,d837f23222e1288b444fa0b1fb110d06
ALL,DGS-3312SR,3.50B10,ftp://ftp.dlink.ca/PRODUCTS/DGS-3312SR/DGS-3312SR_FIRMWARE_3.50B10.HAD,2013-05-01 00:00:00,,201e83ece4f385814c3fe9039fc494dbe895f3f9,81b40d8fdbc1e5fdc8e8326f8f399130
ALL,DGS-3324SR,4.40B04,ftp://ftp.dlink.ca/PRODUCTS/DGS-3324SR/DGS-3324SR_FIRMWARE_4.40B04.HAD,2013-05-01 00:00:00,,34146154b4cfa75b1655333a2d5723f2d0d02789,fea32c1735c1fa0bd34608b1ca342329
ALL,DGS-3324SRi,4.40B04,ftp://ftp.dlink.ca/PRODUCTS/DGS-3324SRI/DGS-3324SRI_FIRMWARE_4.40B04.HAD,2013-05-01 00:00:00,,34146154b4cfa75b1655333a2d5723f2d0d02789,fea32c1735c1fa0bd34608b1ca342329
A,DGS-3420-28PC,1.50.018,ftp://ftp.dlink.ca/PRODUCTS/DGS-3420-28PC/DGS-3420_SERIES_REVAB_FIRMWARE_1.50.018_WW.ZIP,2015-11-02 00:00:00,,3c1dea45d64116766bd452bc1d4a7b7e3ac2066b,8dfb1ce7d5715af04535a885826c1795
B,DGS-3420-28PC,1.50.018,ftp://ftp.dlink.ca/PRODUCTS/DGS-3420-28PC/DGS-3420_SERIES_REVAB_FIRMWARE_1.50.018_WW.ZIP,2015-11-02 00:00:00,,3c1dea45d64116766bd452bc1d4a7b7e3ac2066b,8dfb1ce7d5715af04535a885826c1795
A,DGS-3420-28SC,1.50.018,ftp://ftp.dlink.ca/PRODUCTS/DGS-3420-28SC/DGS-3420_SERIES_REVAB_FIRMWARE_1.50.018_WW.ZIP,2015-11-02 00:00:00,,3c1dea45d64116766bd452bc1d4a7b7e3ac2066b,8dfb1ce7d5715af04535a885826c1795
B,DGS-3420-28SC,1.50.018,ftp://ftp.dlink.ca/PRODUCTS/DGS-3420-28SC/DGS-3420_SERIES_REVAB_FIRMWARE_1.50.018_WW.ZIP,2015-11-02 00:00:00,,3c1dea45d64116766bd452bc1d4a7b7e3ac2066b,8dfb1ce7d5715af04535a885826c1795
A,DGS-3420-28TC,1.50.018,ftp://ftp.dlink.ca/PRODUCTS/DGS-3420-28TC/DGS-3420_SERIES_REVAB_FIRMWARE_1.50.018_WW.ZIP,2015-11-02 00:00:00,,3c1dea45d64116766bd452bc1d4a7b7e3ac2066b,8dfb1ce7d5715af04535a885826c1795
B,DGS-3420-28TC,1.50.018,ftp://ftp.dlink.ca/PRODUCTS/DGS-3420-28TC/DGS-3420_SERIES_REVAB_FIRMWARE_1.50.018_WW.ZIP,2015-11-02 00:00:00,,3c1dea45d64116766bd452bc1d4a7b7e3ac2066b,8dfb1ce7d5715af04535a885826c1795
A,DGS-3420-52P,1.50.018,ftp://ftp.dlink.ca/PRODUCTS/DGS-3420-52P/DGS-3420_SERIES_REVAB_FIRMWARE_1.50.018_WW.ZIP,2015-11-02 00:00:00,,3c1dea45d64116766bd452bc1d4a7b7e3ac2066b,8dfb1ce7d5715af04535a885826c1795
B,DGS-3420-52P,1.50.018,ftp://ftp.dlink.ca/PRODUCTS/DGS-3420-52P/DGS-3420_SERIES_REVAB_FIRMWARE_1.50.018_WW.ZIP,2015-11-02 00:00:00,,3c1dea45d64116766bd452bc1d4a7b7e3ac2066b,8dfb1ce7d5715af04535a885826c1795
A,DGS-3420-52T,1.50.018,ftp://ftp.dlink.ca/PRODUCTS/DGS-3420-52T/DGS-3420_SERIES_REVAB_FIRMWARE_1.50.018_WW.ZIP,2015-11-02 00:00:00,,3c1dea45d64116766bd452bc1d4a7b7e3ac2066b,8dfb1ce7d5715af04535a885826c1795
B,DGS-3420-52T,1.50.018,ftp://ftp.dlink.ca/PRODUCTS/DGS-3420-52T/DGS-3420_SERIES_REVAB_FIRMWARE_1.50.018_WW.ZIP,2015-11-02 00:00:00,,3c1dea45d64116766bd452bc1d4a7b7e3ac2066b,8dfb1ce7d5715af04535a885826c1795
A,DGS-3426,3.00B14,ftp://ftp.dlink.ca/PRODUCTS/DGS-3426/DGS-3426_REVA_FIRMWARE_3.00B14.HAD,2013-05-01 00:00:00,,da4304a965008b6ad12c195db4cf7320040e12cf,0a1c88d8fa79ddb9521ee19f80bf7597
A,DGS-3426P,3.00B14,ftp://ftp.dlink.ca/PRODUCTS/DGS-3426P/DGS-3426P_REVA_FIRMWARE_3.00B14.HAD,2013-05-01 00:00:00,,da4304a965008b6ad12c195db4cf7320040e12cf,0a1c88d8fa79ddb9521ee19f80bf7597
A,DGS-3427,3.00B14,ftp://ftp.dlink.ca/PRODUCTS/DGS-3427/DGS-3427_REVA_FIRMWARE_3.00B14.HAD,2013-05-01 00:00:00,,da4304a965008b6ad12c195db4cf7320040e12cf,0a1c88d8fa79ddb9521ee19f80bf7597
A,DGS-3450,3.00B14,ftp://ftp.dlink.ca/PRODUCTS/DGS-3450/DGS-3450_REVA_FIRMWARE_3.00B14.HAD,2013-05-01 00:00:00,,da4304a965008b6ad12c195db4cf7320040e12cf,0a1c88d8fa79ddb9521ee19f80bf7597
A,DGS-3612G,3.00B14,ftp://ftp.dlink.ca/PRODUCTS/DGS-3612G/DGS-3612G_REVA_FIRMWARE_3.00B14.HAD,2013-05-01 00:00:00,,9f4f77776ffa8b0282fcb96262377dfee780c336,eb5908bb204af9618820f9e823d26537
A,DGS-3620-28PC,2.60.016,ftp://ftp.dlink.ca/PRODUCTS/DGS-3620-28TC/DGS-3620_FIRMWARE_2.60.016.had,2014-02-13 00:00:00,,5edf2c2d734e68deba15e2498f81cc548f37cad6,766932846a7a08f985d1012abfd12858
B,DGS-3620-28PC,2.60.016,ftp://ftp.dlink.ca/PRODUCTS/DGS-3620-28TC/DGS-3620_FIRMWARE_2.60.016.had,2014-02-13 00:00:00,,5edf2c2d734e68deba15e2498f81cc548f37cad6,766932846a7a08f985d1012abfd12858
A,DGS-3620-28SC,2.60.016,ftp://ftp.dlink.ca/PRODUCTS/DGS-3620-28SC/DGS-3620_FIRMWARE_2.60.016.had,2014-02-13 00:00:00,,5edf2c2d734e68deba15e2498f81cc548f37cad6,766932846a7a08f985d1012abfd12858
B,DGS-3620-28SC,2.60.016,ftp://ftp.dlink.ca/PRODUCTS/DGS-3620-28SC/DGS-3620_FIRMWARE_2.60.016.had,2014-02-13 00:00:00,,5edf2c2d734e68deba15e2498f81cc548f37cad6,766932846a7a08f985d1012abfd12858
A,DGS-3620-28TC,2.60.016,ftp://ftp.dlink.ca/PRODUCTS/DGS-3620-28TC/DGS-3620_FIRMWARE_2.60.016.had,2014-02-13 00:00:00,,5edf2c2d734e68deba15e2498f81cc548f37cad6,766932846a7a08f985d1012abfd12858
B,DGS-3620-28TC,2.60.016,ftp://ftp.dlink.ca/PRODUCTS/DGS-3620-28TC/DGS-3620_FIRMWARE_2.60.016.had,2014-02-13 00:00:00,,5edf2c2d734e68deba15e2498f81cc548f37cad6,766932846a7a08f985d1012abfd12858
A,DGS-3620-52P,2.60.016,ftp://ftp.dlink.ca/PRODUCTS/DGS-3620-52P/DGS-3620_FIRMWARE_2.60.016.had,2014-02-13 00:00:00,,5edf2c2d734e68deba15e2498f81cc548f37cad6,766932846a7a08f985d1012abfd12858
B,DGS-3620-52P,2.60.016,ftp://ftp.dlink.ca/PRODUCTS/DGS-3620-52P/DGS-3620_FIRMWARE_2.60.016.had,2014-02-13 00:00:00,,5edf2c2d734e68deba15e2498f81cc548f37cad6,766932846a7a08f985d1012abfd12858
A,DGS-3620-52T,2.60.016,ftp://ftp.dlink.ca/PRODUCTS/DGS-3620-52T/DGS-3620_FIRMWARE_2.60.016.had,2014-02-13 00:00:00,,5edf2c2d734e68deba15e2498f81cc548f37cad6,766932846a7a08f985d1012abfd12858
A,DGS-3627,3.00B14,ftp://ftp.dlink.ca/PRODUCTS/DGS-3627/DGS-3627_REVA_FIRMWARE_3.00B14.HAD,2013-05-01 00:00:00,,9f4f77776ffa8b0282fcb96262377dfee780c336,eb5908bb204af9618820f9e823d26537
B,DGS-3620-52T,2.60.016,ftp://ftp.dlink.ca/PRODUCTS/DGS-3620-52T/DGS-3620_FIRMWARE_2.60.016.had,2014-02-13 00:00:00,,5edf2c2d734e68deba15e2498f81cc548f37cad6,766932846a7a08f985d1012abfd12858
A,DGS-3627G,3.00B14,ftp://ftp.dlink.ca/PRODUCTS/DGS-3627G/DGS-3627G_REVA_FIRMWARE_3.00B14.HAD,2013-05-01 00:00:00,,9f4f77776ffa8b0282fcb96262377dfee780c336,eb5908bb204af9618820f9e823d26537
A,DGS-3650,3.00B14,ftp://ftp.dlink.ca/PRODUCTS/DGS-3650/DGS-3650_REVA_FIRMWARE_3.00B14.HAD,2013-05-01 00:00:00,,9f4f77776ffa8b0282fcb96262377dfee780c336,eb5908bb204af9618820f9e823d26537
A,DHP-1320,1.01,ftp://ftp.dlink.ca/PRODUCTS/DHP-1320/DHP-1320_REVA_FIRMWARE_1.01.BIN,2013-05-22 00:00:00,,d6f170da2872f60b707d48bf0d56a191d22c57e4,7d22db7ee1cfdb1fe95d230cc47bc233
ALL,DHP-540,1.02B03,ftp://ftp.dlink.ca/PRODUCTS/DHP-540/DHP-540_FIRMWARE_1.02B03.BIN,2013-05-01 00:00:00,,92ead34427e0c960545db98f317141a4c515073d,249c623891ad88838c237c91c9670b84
ALL,DHP-W306AV,1.03,ftp://ftp.dlink.ca/PRODUCTS/DHP-W306AV/DHP-W306AV_FIRMWARE_1.03.BIN,2013-05-01 00:00:00,,1793f0ca1be1528a2b614e258d6184f5f4c9d8ff,5e9d2879532a2a8475004478a07a1772
A,DHP-W310AV,1.05,ftp://ftp.dlink.ca/PRODUCTS/DHP-W310AV/DHP-W310AV_REVA_FIRMWARE_1.05B02.BIN,2015-02-19 00:00:00,,4d336e1f3156f8744ed56d620b83bd19b6cae763,425c6221f18257fa0c2a5b1b22d124af
B,DHP-W310AV,2.00B17,ftp://ftp.dlink.ca/PRODUCTS/DHP-W310AV/DHP-W310AV_REVB_FIRMWARE_2.00NAB17.BIN,2015-03-30 00:00:00,,01f2b25c49e682c4ce59780b3a7febbe67f9f666,b8a9b5ec756aeb1cdcb69d5832bf89c4
B,DI-514,1.03,ftp://ftp.dlink.ca/PRODUCTS/DI-514/DI-514_REVB_FIRMWARE_1.03.DLF,2013-05-01 00:00:00,,933a4697cb3a64b913af5976bf2b2ae2945cdc48,b9959133b226d35b11b5b80f985de247
C,DI-514,2.04,ftp://ftp.dlink.ca/PRODUCTS/DI-514/DI-514_REVC_FIRMWARE_2.04.BIN,2013-05-01 00:00:00,,4e33b257f0ccdf22c903c91496a7c7d7616bdb24,373e6a2cde5686d5765e662199ab03e1
A,DI-524,1.23,ftp://ftp.dlink.ca/PRODUCTS/DI-524/DI-524_REVA_FIRMWARE_1.23.BIN,2013-05-01 00:00:00,,63968d726e81124ed95ab1fb969a2ba0d79edb70,1a92d6c5548e58cc92b4ab2279102dd3
C,DI-524,3.23,ftp://ftp.dlink.ca/PRODUCTS/DI-524/DI-524_REVC_FIRMWARE_3.23.BIN,2013-05-01 00:00:00,,36b1c521150cb984a8ef7f40a07edaa95e93b185,08dcf93fe6e7c133c337a31b00ddf7c8
D,DI-524,4.03,ftp://ftp.dlink.ca/PRODUCTS/DI-524/DI-524_REVD_FIRMWARE_4.03.BIN,2013-05-01 00:00:00,,1bc46f462a3172cad1548f172134796ae44954ac,cf048c9be21dd4b5007c5ffeea45870e
E,DI-524,5.13,ftp://ftp.dlink.ca/PRODUCTS/DI-524/DI-524_REVE_FIRMWARE_5.13.BIN,2013-11-28 00:00:00,,c2007809c965077a9f485895647f26ee5c56f751,70cc6af8df6a7551f4eec0df21d5ed17
E,DI-604,3.53,ftp://ftp.dlink.ca/PRODUCTS/DI-604/DI-604_REVE_FIRMWARE_3.53.BIN,2013-05-01 00:00:00,,a91402bebe8b716f770658e79eff17518d1a9816,d41049afec72099576596127e2c7bcf0
A,DI-614+,2.34,ftp://ftp.dlink.ca/PRODUCTS/DI-614PLUS/DI-614PLUS_REVA_FIRMWARE_2.34.BIN,2013-05-01 00:00:00,,696d45f04874e1ab9dde2cc0b19af2a56f1c46d7,7a5e3f025b81b414190ce07eeae96ab4
A,DI-604UP,1.04,ftp://ftp.dlink.ca/PRODUCTS/DI-604UP/DI-604UP_REVA_FIRMWARE_1.04.BIX,2013-11-28 00:00:00,,8128696901b2e036ffb5f47ac72b8ba6d09276fe,005e17acd34b8dd18372f3ae29a4fe39
B,DI-614+,3.44,ftp://ftp.dlink.ca/PRODUCTS/DI-614PLUS/DI-614PLUS_REVB_FIRMWARE_3.44.BIN,2013-05-01 00:00:00,,67fbf560bfa78c9676427193fd11046ea190c932,13b78190387c9c42358ccd389fbb2fe2
C,DI-624,2.76,ftp://ftp.dlink.ca/PRODUCTS/DI-624/DI-624_REVC_FIRMWARE_2.76.BIN,2013-05-01 00:00:00,,02db7e04d1237ff226d070f24d736fd494cec53d,d863d2b32cdd791bee6453639a8774d4
D,DI-624,4.04,ftp://ftp.dlink.ca/PRODUCTS/DI-624/DI-624_REVD_FIRMWARE_4.04.BIN,2013-05-01 00:00:00,,fd02e689936a88a40c158696071a904de90bbcfd,af2f30a9a0ac36fe8c5c65a9bf539293
D,DI-704P,3.15,ftp://ftp.dlink.ca/PRODUCTS/DI-704P/DI-704P_REVD_FIRMWARE_3.15.BIN,2013-05-01 00:00:00,,356337af15f07fca18178e8dea69af180f60bb35,d0bc735099238fb7488345f1b0a98380
A,DI-704UP,1.03,ftp://ftp.dlink.ca/PRODUCTS/DI-704UP/DI-704UP_REVA_FIRMWARE_1.03.BIN,2013-05-01 00:00:00,,1253eca04e413e191deac37eba141a6733e5c6d6,ace1cadc3ca290ed6e091f13f1d21ac6
A,DI-724GU,1.00,ftp://ftp.dlink.ca/PRODUCTS/DI-724GU/DI-724GU_REVA_FIRMWARE_1.00.BIN,2013-05-01 00:00:00,,f0e0bcf8a237308ee0c92049d64030fab600149e,1a5416d5cd0914cfa766cd0b20b51381
A,DI-724U,1.02,ftp://ftp.dlink.ca/PRODUCTS/DI-724U/DI-724U_REVA_FIRMWARE_1.02.BIN,2013-05-01 00:00:00,,a5f6be08a71390d7e078a204fbc1a0e883ce3712,1842b2494b4ade6d0d39c10bcd542aa4
A,DI-784,2.42,ftp://ftp.dlink.ca/PRODUCTS/DI-784/DI-784_REVA_FIRMWARE_2.42.BIN,2013-05-01 00:00:00,,117c2936199acada892704cfc387c2b8ee1b4d41,3c174929b9a5101aef22b67dfde25325
A,DI-804HV,1.51,ftp://ftp.dlink.ca/PRODUCTS/DI-804HV/DI-804HV_REVA_FIRMWARE_1.51.BIN,2013-05-01 00:00:00,,4bc24197d4cfc0da500530fc7b9216786dd1974c,96e7d206b7dfb663dd97547550903753
A,DI-808HV,1.51,ftp://ftp.dlink.ca/PRODUCTS/DI-808HV/DI-808HV_REVA_FIRMWARE_1.51.BIN,2013-05-01 00:00:00,,4bc24197d4cfc0da500530fc7b9216786dd1974c,96e7d206b7dfb663dd97547550903753
A,DI-824VUP,1.05,ftp://ftp.dlink.ca/PRODUCTS/DI-824VUP/DI-824VUP_REVA_FIRMWARE_1.05.BIN,2013-05-01 00:00:00,,5195c9343907b84a57cf79f29df0cbc83cbffa28,ce73381002f3e27ed3c480485aec2bf9
A,DI-LB604,1.01,ftp://ftp.dlink.ca/PRODUCTS/DI-LB604/DI-LB604_REVA_FIRMWARE_1.01.IMG,2013-05-01 00:00:00,,51c45b5c7286ed817089778f9256d77bd05e6177,83459a7e5f217f13b28d757d4a829fc9
A,DIR-130,1.23B18,ftp://ftp.dlink.ca/PRODUCTS/DIR-130/DIR-130_REVA_FIRMWARE_1.23B18.BIN,2013-05-01 00:00:00,,10e973e304d4279ea8edfb03e886ac14437678c0,8b7f90454e18dd6c563be7bc78dadd5f
A,DIR-330,1.20B44,ftp://ftp.dlink.ca/PRODUCTS/DIR-330/DIR-330_REVA_FIRMWARE_1.20B44.BIN,2013-05-01 00:00:00,,28c657df41543ffa43f792c1ac4dc3c90ad0ca85,96993d45dddea90288e2bc423fe8c88a
A,DIR-412,English,ftp://ftp.dlink.ca/PRODUCTS/DIR-412/DIR-412_REVA_FIRMWARE_1.09_EN.BIN,2013-05-01 00:00:00,,23a0d12669f7cf78cfcf9772fb7015fcc489c491,2bc6fcaf7c088c19d998b359ca6283e2
A,DIR-505,1.10,ftp://ftp.dlink.ca/PRODUCTS/DIR-505/DIR-505_REVA_FIRMWARE_1.10B02.BIN,2014-12-30 00:00:00,,73d012f915f1f588029865b4c20c55b8355b7321,cd13a30e3f971c23eace3ae94380f28b
A,DIR-506L,2.14,ftp://ftp.dlink.ca/PRODUCTS/DIR-506L/DIR-506L_REVA_FIRMWARE_2.14.BIN,2013-03-12 00:00:00,,6e29a6b5830c0002f56970831693f929d194013c,26f38ab1871f049a1ed7d7cf8e808072
A,DIR-600L,1.16,ftp://ftp.dlink.ca/PRODUCTS/DIR-600L/DIR-600L_REVA_FIRMWARE_1.16B01.BIN,2015-05-13 00:00:00,,a09e8c258a2bb5a3105a57e138a7cfbe0c1aa002,2aba5ad1648e5084d3fb9890267b0dc1
B,DIR-601,2.01,ftp://ftp.dlink.ca/PRODUCTS/DIR-601/DIR-601_REVB_FIRMWARE_2.01.BIN,2013-11-12 00:00:00,,c86da7fd7ce95418c68c7ec280d4c7badeea9e68,c81312b3fdab7d1e37011856093e61a6
A,DIR-601,1.04,ftp://ftp.dlink.ca/PRODUCTS/DIR-601/DIR-601_REVA_FIRMWARE_1.04.BIN,2013-05-01 00:00:00,,76b90a021bc542847df2cb869ff99b3d9e3e901a,770a358fe445e78a0c13aa76bbe53018
A,DIR-605L,1.16,ftp://ftp.dlink.ca/PRODUCTS/DIR-605L/DIR-605L_REVA_FIRMWARE_1.16B01.BIN,2015-05-13 00:00:00,,19fb1081abb6f9b2d54774edec5b6c5bb6c6f818,9b3802af503fe734df2b1f22cc8ee17f
B,DIR-601,2.02NAB01,ftp://ftp.dlink.ca/PRODUCTS/DIR-601/DIR-601_REVB_FIRMWARE_2.02NAB01.BIN,2014-11-12 00:00:00,,dc9b14b2b3f6c7948cad31b5b6faabb3e2483e43,66519e38786d95f33d1d1bfd6fbd1366
B,DIR-615,2.25,ftp://ftp.dlink.ca/PRODUCTS/DIR-615/DIR-615_REVB_FIRMWARE_2.25.BIN,2013-05-01 00:00:00,,0d7df3a896cdffda6248c114cbada5898858e89c,840fa2cdbb4b44fe25321e100aea9bae
A,DIR-510L,1.06,ftp://ftp.dlink.ca/PRODUCTS/DIR-510L/DIR-510L_REVA_FIRMWARE_106b02.BIN,2016-01-29 00:00:00,,444110827a170d684b90bfbca61c935228161a8c,0c023df7663a56e3025eb8d7447c91e7
B,DIR-605L,2.07UI,ftp://ftp.dlink.ca/PRODUCTS/DIR-605L/DIR-605L_REVB_FIRMWARE_2.07UIB01.BIN,2015-10-23 00:00:00,,5f39efa5e138f57ad14dcf28966e23ae44160ae8,47c571c7246bad9fd4f5eea8631dc3aa
A,DIR-625,1.09,ftp://ftp.dlink.ca/PRODUCTS/DIR-625/DIR-625_REVA_FIRMWARE_1.09.BIN,2013-05-01 00:00:00,,85133f4ebea8bb7210e7392322b15ac1bfc1aea9,2b42b4f9c84e56c4b02ce89a9c581258
E,DIR-615,5.12,ftp://ftp.dlink.ca/PRODUCTS/DIR-615/DIR-615_REVE_FIRMWARE_5.12B05.BIN,2013-05-01 00:00:00,,f68165c77d53948fb27744581c7a2b9bf0d5814c,839c2cfd4b68380351a79520a585ee28
C,DIR-615,3.13,ftp://ftp.dlink.ca/PRODUCTS/DIR-615/DIR-615_REVC_FIRMWARE_3.13.BIN,2013-05-01 00:00:00,,5c7815cd18a59983fd29c3694ff1e9622c6604cc,e05a9ccdd63d0294235ed7ec6674a48c
C,DIR-625,3.08,ftp://ftp.dlink.ca/PRODUCTS/DIR-625/DIR-625_REVC_FIRMWARE_3.08.BIN,2013-05-01 00:00:00,,88bcbb3a33fcf7ad52cda7e5a8e3f0e646c7b83b,455a9fb125c757d8b2483172862e07ea
E,DIR-615,5.01,ftp://ftp.dlink.ca/PRODUCTS/DIR-615/DIR-615_REVE_FIRMWARE_5.01.BIN,2011-03-30 00:00:00,,466ef2ab9d0fc81779c9854ea3098129b7818dfa,ffdd46197b12828ed392a160403f0f37
I,DIR-615,9.04,ftp://ftp.dlink.ca/PRODUCTS/DIR-615/DIR-615_REVI1_FIRMWARE_9.04NAB02.BIN,2014-09-29 00:00:00,,6fa665490873b00e081a2c9f81b42c4ee8dd40c0,6fdf46e57b8ba565866244c4eadc8bda
A,DIR-615,1.10,ftp://ftp.dlink.ca/PRODUCTS/DIR-615/DIR-615_REVA_FIRMWARE_1.10.BIN,2013-05-01 00:00:00,,2a50970af9d0adf7275f57e285501df1ad6b62bb,cc7fc2cd6055437819dad0b3b4157197
I,DIR-615,9.03,ftp://ftp.dlink.ca/PRODUCTS/DIR-615/DIR-615_REVI_FIRMWARE_9.03.BIN,2013-05-21 00:00:00,,d255767e1a0bcbd57c16c0885b96e2023b9b7759,6d08e30040650e5d45514179c7a63d26
A,DIR-628,1.25,ftp://ftp.dlink.ca/PRODUCTS/DIR-628/DIR-628_REVA_FIRMWARE_1.25.BIN,2013-05-01 00:00:00,,9916aa2e986c7c6163d3442888f5521bca243e8e,95e4f9e752ff56efdd32b1da85976959
A,DIR-632,1.03,ftp://ftp.dlink.ca/PRODUCTS/DIR-632/DIR-632_REVA_FIRMWARE_1.03.BIN,2013-05-01 00:00:00,,f38e6b85f480204b6994fb61233e365c228336c8,1f646daa20cf325ce83d09d74b13e3d8
A,DIR-651,1.11,ftp://ftp.dlink.ca/PRODUCTS/DIR-651/DIR-651_REVA_FIRMWARE_1.11B02.BIN,2013-05-01 00:00:00,,dba4650393c8b251ebb5c04beb72f5479bda426b,ef4aee40ac983ab1d02f4b5acd0fa9b2
A,DIR-636L,1.05B09beta,ftp://ftp.dlink.ca/PRODUCTS/DIR-636L/DIR-636L_REVA_FIRMWARE_1.05B09.BIN,2015-03-24 00:00:00,,77349eb3e5a63b21437a1b218aff3e1997169e4f,f9adafc223cba68f948a55fdac16eefd
A,DIR-645,1.05b01,ftp://ftp.dlink.ca/PRODUCTS/DIR-645/DIR-645_REVA_FIRMWARE_1.05B01.BIN,2015-04-20 00:00:00,,d6d20390cd90d87b6f6a1080d33dc32861ac27c5,5773a5514be0ce398f2bc95fba7788d2
A,DIR-636L,1.04,ftp://ftp.dlink.ca/PRODUCTS/DIR-636L/DIR-636L_REVA_FIRMWARE_1.04.BIN,2013-05-01 00:00:00,,e2201d4328beff2901bf7ba0abcc55ae6c41f41d,440253f50c0fb37364aba2f9163a7ab2
A,DIR-655,1.37,ftp://ftp.dlink.ca/PRODUCTS/DIR-655/DIR-655_REVA_FIRMWARE_1.37.BIN,2013-05-01 00:00:00,,31693edc8e120a4a16f1b62dd86824741bf87d40,1ea36b8854062074a62a7830e4827eb1
B,DIR-655,2.11,ftp://ftp.dlink.ca/PRODUCTS/DIR-655/DIR-655_REVB_FIRMWARE_2.11.bin,2013-11-15 00:00:00,,ebae220bb107e809c3df3f566ea1370abdbfa2cc,fc6aa2ced822422bed1d43901fb1ca66
ALL,DIR-665,1.00,ftp://ftp.dlink.ca/PRODUCTS/DIR-665/DIR-665_FIRMWARE_1.00.BIN,2013-05-01 00:00:00,,dd067c3ecc2eccf2e92e9b34513fb669c7df8da1,0379a3b198f9994690ae973f8254f08c
A,DIR-815,1.04,ftp://ftp.dlink.ca/PRODUCTS/DIR-815/DIR-815_REVA_FIRMWARE_1.04.BIN,2013-05-01 00:00:00,,95efc3dbfb37fdfdc9cf079a0778b499e33b4ea1,aaf6871e3b32c609e5dbd1d6d4fd220b
A,DIR-657,1.01B15,ftp://ftp.dlink.ca/PRODUCTS/DIR-657/DIR-657_REVA_FIRMWARE_1.01B15.BIN,2013-05-01 00:00:00,,e2e7ea6415302d9ad3228d4d0ba3949ba17d7dcb,22e0dcce766452c6cd33407f68dcc7f6
A,DIR-810L,1.03,ftp://ftp.dlink.ca/PRODUCTS/DIR-810L/DIR-810L_REVA_FIRMWARE_1.03B01.BIN,2015-03-05 00:00:00,,ad817e662d5a301c8b8110962162b9144268f856,7e0ead0a3162f3d4bd80c1f077476fe6
B,DIR-815,2.03,ftp://ftp.dlink.ca/PRODUCTS/DIR-815/DIR-815_REVB_FIRMWARE_2.03B08.BIN,2015-03-24 00:00:00,,836ea2faf4b44ab49b1d5cdf169a6b3e2a359da1,547832909c5d7326dc9770e920f8ea95
B,DIR-815,2.04b01,ftp://ftp.dlink.ca/PRODUCTS/DIR-815/DIR-815_REVB_FIRMWARE_2.04B01.BIN,2015-04-24 00:00:00,,c27dbfa512440ff993dd6217a51363e977c120b0,125204123747d65bf09e72115a164957
B,DIR-816L,2.06b01,ftp://ftp.dlink.ca/PRODUCTS/DIR-816L/DIR-816L_REVB_FIRMWARE_2.06B01.BIN,2015-04-21 00:00:00,,3e3b221b7632769952c2e3f696e1d62cb11dec3c,1c62e8c3d304c837b7f48619c3956be5
A,DIR-825,1.14,ftp://ftp.dlink.ca/PRODUCTS/DIR-825/DIR-825_REVA_FIRMWARE_1.14.BIN,2013-05-22 00:00:00,,d48538f30a4413fb40b6a176eb8810118f0c71ec,2c02e5f89495f8920dc617d0131f8d8f
A,DIR-820L,1.06B01,ftp://ftp.dlink.ca/PRODUCTS/DIR-820L/DIR-820L_REVA_FIRMWARE_1.06B01.BIN,2015-03-05 00:00:00,,5b882f52d322c494544f9ce6aee5ee78ab9b5182,cad2018e853650ec1cfd5c5adfccabe3
B,DIR-820L,2.03b01,ftp://ftp.dlink.ca/PRODUCTS/DIR-820L/DIR-820L_REVB_FIRMWARE_2.03B01.BIN,2015-04-24 00:00:00,,13df23de33f9075d830b9463f7f502e0e4357c67,3ab455684a74dd276fcf35d65decc7e1
A,DIR-818LW,1.05b01,ftp://ftp.dlink.ca/PRODUCTS/DIR-818LW/DIR-818LW_REVA_FIRMWARE_1.05B01.BIN,2015-04-21 00:00:00,,a5170770f5db255cddc871ec1279df32079a3097,4702d27fe142d1e2697c3bfc4910dbd1
A,DIR-822,1.03b03,ftp://ftp.dlink.ca/PRODUCTS/DIR-822/DIR-822_REVA_FIRMWARE_1.03B03.BIN,2016-03-28 00:00:00,,42926711efd89397d9bb875cb9a6e0d628209041,780636f5df86e69dcb6ef6e734769265
B,DIR-822,2.03,ftp://ftp.dlink.ca/PRODUCTS/DIR-822/DIR-822_REVB_FIRMWARE_2.03b01.BIN,2016-03-29 00:00:00,,35e22980bf6edcae0e08b5d01ade79eca2934f47,b666a447ebabdec1db7672048b8e6d0a
C,DIR-822,3.00,ftp://ftp.dlink.ca/PRODUCTS/DIR-822/DIR-822_REVC_FIRMWARE_3.01.BIN,2016-04-29 00:00:00,,9d999d4f3076ea98b22f31d43556bdadca50bd1e,1bff7ec8b4da0643f65b4d44c630e92b
B,DIR-825,2.09,ftp://ftp.dlink.ca/PRODUCTS/DIR-825/DIR-825_REVB_FIRMWARE_2.09.BIN,2013-05-01 00:00:00,,758e8d4c4c614b29a60dff0c2c788116a33b7a2f,18ace00ad92fbdd3c0292651657614fb
B,DIR-825,2.05,ftp://ftp.dlink.ca/PRODUCTS/DIR-825/DIR-825_REVB_FIRMWARE_2.05.ZIP,2013-06-10 00:00:00,,625695d53f30458008c0db608e8b4f45267d1a28,7b10a074120fabed172721daaf734003
A,DIR-826L,1.06B01,ftp://ftp.dlink.ca/PRODUCTS/DIR-826L/DIR-826L_REVA_FIRMWARE_1.06B01.BIN,2014-11-14 00:00:00,,d059b926e59dc8e4863b749960a7a0a871de5a9e,ed5280c16b7b4def069d74160ed6793c
B,DIR-842,2.02,ftp://ftp.dlink.ca/PRODUCTS/DIR-842/DIR-842_REVB_FIRMWARE_2.02.BIN,2016-07-18 00:00:00,,55f5b0bfa81c2be51eaf5658e19730d643fca6bd,a83ea5cecd54fd05b56d29534e869419
A,DIR-826L,1.04,ftp://ftp.dlink.ca/PRODUCTS/DIR-826L/DIR-826L_REVA_FIRMWARE_1.04.BIN,2013-04-29 00:00:00,,c940e81ec51b6399cdb9e256765dff49f3ef8483,d9491a7a704dba7f0f0a0f2f810ce0fa
C,DIR-825,3.01,ftp://ftp.dlink.ca/PRODUCTS/DIR-825/DIR-825_REVC_FIRMWARE_3.01.BIN,2013-05-01 00:00:00,,3f6a554f6181c73adbb70c7d026e6cc7067e40d3,de0455047bef5f8d1b77221316f65add
C,DIR-825,3.04B05beta03,ftp://ftp.dlink.ca/PRODUCTS/DIR-825/DIR_825_REVC_FIRMWARE_3.04B05BETA03.BIN,2014-09-25 00:00:00,,1e717d400480decdf7a90b6b204cfea24e5faaef,4e5de887a52ceb54196dda168bbeccd4
ALL,DIR-827,1.05B06,ftp://ftp.dlink.ca/PRODUCTS/DIR-827/DIR-827_REVA_FIRMWARE_1.05B06.BIN,2013-05-01 00:00:00,,2f124e68f6a5a4ef251b45453f7c72fc5c0fa9ab,a8dd1d41a181dac2163a9037a71c121f
A,DIR-845L,1.02,ftp://ftp.dlink.ca/PRODUCTS/DIR-845L/DIR-845L_REVA_FIRMWARE_1.02B05.BIN,2013-05-29 00:00:00,,c488fade543211803f619b3fd211802634bec82b,d45352833e36107b5aecdd9b70d2c4f9
ALL,DIR-835,1.04,ftp://ftp.dlink.ca/PRODUCTS/DIR-835/DIR-835_FIRMWARE_1.04.BIN,2013-05-01 00:00:00,,ef008162ef7e7f4c94de40609710c72dd3d5e95c,c69f252a26f0d38b9bac09a251be4f0c
A,DIR-850L,1.14,ftp://ftp.dlink.ca/PRODUCTS/DIR-850L/DIR-850L_REVA_FIRMWARE_1.14B07.BIN,2016-09-06 00:00:00,,cd5441e155dca0cba4747f4739c701beacb4049e,78dfc924ae98f37e019cb400742d7e71
B,DIR-850L,2.07,ftp://ftp.dlink.ca/PRODUCTS/DIR-850L/DIR-850L_REVB_FIRMWARE_2.07B05.BIN,2016-06-28 00:00:00,,2c9efe465f74f766f2a9ccefbf1cc93578aded58,06e6674f0bee45362d92afe744ad970a
A,DIR-859,1.04,ftp://ftp.dlink.ca/PRODUCTS/DIR-859/DIR-859_REVA_FIRMWARE_1.04.BIN,2015-12-09 00:00:00,,288c323b160d232a918a2597d20c341af6d3505c,b169862dcb5acbd2b6c39f67645f5944
A,DIR-857,1.04,ftp://ftp.dlink.ca/PRODUCTS/DIR-857/DIR-857_REVA_FIRMWARE_1.04B09.BIN,2013-02-05 00:00:00,,87a6daa6891bb8d1c21ac393693c8668deb2c691,a1009d0cf735b7a27b460a5e203035c3
A,DIR-857,1.04B09Beta03,ftp://ftp.dlink.ca/PRODUCTS/DIR-857/DIR-857_REVA_FIRMWARE_1.04B09BETA03.BIN,2014-11-20 00:00:00,,dc3c921cbf7cc810a24ab28fb8d877dc41aee9c4,fff31a30d0ad9dc9f889f2fbdc68edb2
A,DIR-855L,1.03,ftp://ftp.dlink.ca/PRODUCTS/DIR-855L/DIR-855L_REVA_FIRMWARE_1.03B01.BIN,2014-06-23 00:00:00,,2ee9b39aa1e2677cbfa101e2c09d4902ed957371,d26ac207c54c08a2e122cd598eb73fe9
ALL,DIR-860L,1.10,ftp://ftp.dlink.ca/PRODUCTS/DIR-860L/DIR-860L_REVA_FIRMWARE_1.10B04.BIN,2015-04-24 00:00:00,,c2d09dd591bad5bfbd37fa880cf32578d03475e9,eef4df354835237953bedc0601cd2770
A,DIR-865L,1.08,ftp://ftp.dlink.ca/PRODUCTS/DIR-865L/DIR-865L_REVA_FIRMWARE_1.08B01.BIN,2015-04-24 00:00:00,,00bff5cd2351c47aa9492fc72d906b40d5d34b96,dda4d94a268a66270f1cc43ea4987086
A,DIR-865L,1.07FB,ftp://ftp.dlink.ca/PRODUCTS/DIR-865L/DIR-865L_REVA_FIRMWARE_1.07FBB01.BIN,2015-04-24 00:00:00,,ef5de98433cce01684c8d23b98811e6d8e9ab824,ffc795485c534368cd04b05655a91a15
A,DIR-868L,1.10,ftp://ftp.dlink.ca/PRODUCTS/DIR-868L/DIR-868L_REVA_FIRMWARE_1.10FBB04.BIN,2015-04-24 00:00:00,,3949653645fe6d3e235d169fd3def55bd5672e37,b16f9ffc6f6585108025435a0c0f6d0c
A,DIR-868L,1.10b04,ftp://ftp.dlink.ca/PRODUCTS/DIR-868L/DIR-868L_REVA_FIRMWARE_1.10B04.BIN,2015-04-24 00:00:00,,9ffe31b7014725ad0916262a039d36a882d6c87c,220465bd49a85848775a58c064df9357
A,DIR-862L,1.02,ftp://ftp.dlink.ca/PRODUCTS/DIR-862L/DIR-862L_FIRMWARE_102B05.BIN,2016-01-07 00:00:00,,f9c6d9ff068a3b07274f4bb77666710ab24dae92,ea18ef7fc9f8267043da2b4a0f1fbf73
B,DIR-868L,2.04B04Beta,ftp://ftp.dlink.ca/PRODUCTS/DIR-868L/DIR-868L_REVB_FIRMWARE_2.04B04BETA.BIN,2016-07-26 00:00:00,,d3a0de9b89790ff96474de461e126102bf260738,45d6d9c1864943d4c43ea30226afc743
B,DIR-868L,2.00,ftp://ftp.dlink.ca/PRODUCTS/DIR-868L/DIR-868L_REVB_FIRMWARE_2.00FB.BIN,2015-12-02 00:00:00,,bea4329bc50b59300f066459cbe1bbf805b107f8,f05d7548cce01923f5e9551564f75297
B,DIR-868L,2.03,ftp://ftp.dlink.ca/PRODUCTS/DIR-868L/DIR-868L_REVB_FIRMWARE_2.03B01.BIN,2015-04-29 00:00:00,,e8c1e2def7ee416ee1e2ceccfe43f7c95cf58f05,02ea3100c968807007d8b141ec585599
A,DIR-880L,1.02b013,ftp://ftp.dlink.ca/PRODUCTS/DIR-880L/DIR-880L_REVA_FIRMWARE_1.02B13.BIN,2014-11-24 00:00:00,,ed6509741d56be206010479e0d41906da145ddd6,ada7ad9b5dd4ab41cff71e6ea0e19f24
A,DIR-880L,1.07,ftp://ftp.dlink.ca/PRODUCTS/DIR-880L/DIR-880L_REVA_FIRMWARE_1.07B08.BIN,2016-05-16 00:00:00,,4337355a05d031cbeb8eb9813553f7ca7a47ca9d,f9e489ca334411e465c90b5d5e9e5743
A,DIR-885L,1.11B07,ftp://ftp.dlink.ca/PRODUCTS/DIR-885L/DIR-885L_REVA_FIRMWARE_1.11B07_WPS.BIN,2016-09-08 00:00:00,,4622e6514b024aa44897090d14a72d6c525d25f9,c85317d923ea4ee93240a55fd9afe605
A,DIR-885L,1.11B07,ftp://ftp.dlink.ca/PRODUCTS/DIR-885L/DIR-885L_REVA_FIRMWARE_1.11B07.BIN,2016-07-13 00:00:00,,4622e6514b024aa44897090d14a72d6c525d25f9,c85317d923ea4ee93240a55fd9afe605
A,DIR-890L,1.03B07,ftp://ftp.dlink.ca/PRODUCTS/DIR-890L/DIR-890L_REVA_FIRMWARE_1.03B07.BIN,2015-02-17 00:00:00,,9118d897759f03410b8c873788c64e255760e74a,a02d0021c74e1cfea912958636675768
A,DIR-890L,1.09,ftp://ftp.dlink.ca/PRODUCTS/DIR-890L/DIR-890L_REVA_FIRMWARE_109B14.BIN,2016-08-23 00:00:00,,11b2f0653662f45307ded7037cac2c3dbcf461b3,bfe7e4f3bb4e50a97f8cf26bd9d45c2e
A,DIR-890L/R,1.09,ftp://ftp.dlink.ca/PRODUCTS/DIR-890L/DIR-890L_REVA_FIRMWARE_109B14.BIN,2016-08-23 00:00:00,,11b2f0653662f45307ded7037cac2c3dbcf461b3,bfe7e4f3bb4e50a97f8cf26bd9d45c2e
A,DIR-890L/R,1.03B07,ftp://ftp.dlink.ca/PRODUCTS/DIR-890LR/DIR-890LR_REVA_FIRMWARE_1.03B07.BIN,2015-02-17 00:00:00,,9118d897759f03410b8c873788c64e255760e74a,a02d0021c74e1cfea912958636675768
A,DIR-895L,1.02,ftp://ftp.dlink.ca/PRODUCTS/DIR-895L/DIR-895L_REVA_FIRMWARE_102B07.BIN,2016-04-07 00:00:00,,1d073ad02ddf67f422ccfabd21089762a7ef0737,75fe02b48b092a196f409a1483541780
A,DIR-895L,1.12,ftp://ftp.dlink.ca/PRODUCTS/DIR-895L/DIR-895L_REVA_FIRMWARE_1.12.BIN,2016-10-20 00:00:00,,c5c0d61da1ded5ef795483ab60b79280dfdfef3c,52b33243aab16d0fd75df3501f9a869d
A,DIR-895L,1.00,ftp://ftp.dlink.ca/PRODUCTS/DIR-895L/DIR-895L_REVA_FIRMWARE_100B11.BIN,2016-03-31 00:00:00,,289a428a0874e32525c0351a58920685855b64b5,dfa716ccd0f78305154746a12f423b3a
A,DNR-202L,1.00,ftp://ftp.dlink.ca/PRODUCTS/DNR-202L/DNR-202L_FW_NOTICE.PDF,2015-12-08 00:00:00,,f24c559eaf1908b34e0588812609cab2e3340b8d,21371433f048abd6775853dc24a79946
A,DNR-202L,2.04.03,ftp://ftp.dlink.ca/PRODUCTS/DNR-202L/DNR-202L_FIRMWARE_2.04.03.BIN,2016-10-14 00:00:00,,f20e496ffd528ceb3869b02acd79e70844e2caf2,e363cf9852ba12e7c5b369693d36d094
ALL,DNS-120,1.18,ftp://ftp.dlink.ca/PRODUCTS/DNS-120/DNS-120_FIRMWARE_1.18,2013-05-01 00:00:00,,fb4ca265798f7407c1ceef521359afbdbcdd8a00,09fb1545400d9b9cc0d290626455535e
A,DNR-312L,1.06.07,ftp://ftp.dlink.ca/PRODUCTS/DNR-312L/DNR-312L_REVA_FIRMWARE_1.06.07.BIN,2016-10-19 00:00:00,,5e409ed1beb9fda52ee4389007ca00da4489c174,55a449738d4f0057018793febb081b7f
A,DNR-312L,1.05.06,ftp://ftp.dlink.ca/PRODUCTS/DNR-312L/DNR-312L_REVA_FIRMWARE_1.05.06.BIN,2016-03-22 00:00:00,,7fef795627e3f5775de54f5aaa15cebe8fe91655,c4e6ebdd69dc31c812179191c5aa0936
ALL,DNS-323,1.10,ftp://ftp.dlink.ca/PRODUCTS/DNS-323/DNS-323_FIRMWARE_1.10.ZIP,2013-05-01 00:00:00,,9a3f61728f56d73de4d970b78d4771b6d24a8367,c9f7e5d6db405f1c45b23e01d720b4ab
ALL,DNS-321,1.03,ftp://ftp.dlink.ca/PRODUCTS/DNS-321/DNS-321_FIRMWARE_1.03,2013-05-01 00:00:00,,9f6369b146428880a92ef5ccee5938ded2378d5f,06a1f900cbe0189a564789cb03c9cd05
ALL,DNS-320,2.05,ftp://ftp.dlink.ca/PRODUCTS/DNS-320/DNS-320_A2_FIRMWARE_2.05B08.ZIP,2013-05-22 00:00:00,,a86d753f77b1cdb1b18f6d9b6d09460d92647cd7,0fe70fcd8686df74a331cf912ded695a
ALL,DNS-1100-04,1.01B11,ftp://ftp.dlink.ca/PRODUCTS/DNS-1100-04/DNS-1100-04_FIRMWARE_1.01B11,2013-05-01 00:00:00,,024a0d6328b46c3ac3d2e8159880ce9e347581c2,581d93d3fff5049eb2056db2b0221f6a
ALL,DNR-322L,2.40B03,ftp://ftp.dlink.ca/PRODUCTS/DNR-322L/DNR-322L_REVA_FIRMWARE_2.40.B03.ZIP,2015-10-20 00:00:00,,6d82d92609df18949b7975db21d1a46e98046591,e7f59230f47e9494bd794049e3d6d0b0
ALL,DNR-326,2.60B01,ftp://ftp.dlink.ca/PRODUCTS/DNR-326/DNR-326_FIRMWARE_2.60B01.zip,2016-04-01 00:00:00,,6bd1b5d61c16a64851abff3debdfecf464c43fea,c599d8c402910999c2b33f13a0a9c7a6
A,DP-300U,1.20,ftp://ftp.dlink.ca/PRODUCTS/DP-300U/DP-300U_REVA_FIRMWARE_1.20.BIN,2013-05-01 00:00:00,,097cc15040b844a0da214feddb8e8d35dd98a5b4,0d7ae6c23ef89f200608fe9357ec23b2
ALL,DNS-343,1.05,ftp://ftp.dlink.ca/PRODUCTS/DNS-343/DNS-343_FIRMWARE_1.05,2013-05-01 00:00:00,,92be1ae661bb633c484f3e214180f6f819e731c1,d8089e7f9591ee424dc8c70f213c0ffa
B,DP-300U,2.10,ftp://ftp.dlink.ca/PRODUCTS/DP-300U/DP-300U_REVB_FIRMWARE_2.10.BIN,2013-05-01 00:00:00,,38ccc3097b551123ccf2107372ae9a6c330792c8,4ad067fb920a86f6f04031848f7a55ff
ALL,DNS-325,1.03,ftp://ftp.dlink.ca/PRODUCTS/DNS-325/DNS-325_FIRMWARE_1.03,2013-05-01 00:00:00,,ae4f080c5891c43ca7e5471bfc371e2280de6c42,8d64437a85c32fc393ff199ac924b913
ALL,DNS-325,1.05,ftp://ftp.dlink.ca/PRODUCTS/DNS-325/DNS-325_FIRMWARE_1.05.ZIP,2014-06-17 00:00:00,,edeff133fde6e493cc8cf1944c1425aaa4e5df61,c190fc5ce61f49dcfa0639fa0eb1b1a3
ALL,DP-311U,2.00,ftp://ftp.dlink.ca/PRODUCTS/DP-311U/DP-311U_FIRMWARE_2.00.BIN,2013-05-01 00:00:00,,1acfff7373ad6b5c2930c1e15b1c57c53e182331,dfd36d4ec59fd1725c6d5e2ab19b52da
A,DP-301P+,3.50,ftp://ftp.dlink.ca/PRODUCTS/DP-301PPLUS/DP-301PPLUS_REVA_FIRMWARE_3.50.BIN,2013-05-01 00:00:00,,70c3272e2ef1e9d685d2b3a263f6eac338cc157c,5e78961e5d205b4e26524b2fbd2bb051
ALL,DNS-320L,1.08.08,ftp://ftp.dlink.ca/PRODUCTS/DNS-320L/DNS-320L_FIRMWARE_1.08B08.BIN,2016-09-13 00:00:00,,bba334323b6b1275f833f6d040efd982fb0dc404,5b084c538fb138ff9f16f0579fc9e148
ALL,DP-301U,2.10,ftp://ftp.dlink.ca/PRODUCTS/DP-301U/DP-301U_FIRMWARE_2.10.BIN,2013-05-01 00:00:00,,e957928c40d250582585a2a58162ee454f41dccf,94424e120052acfe1558d085333441ec
ALL,DNS-726-4,1.21,ftp://ftp.dlink.ca/PRODUCTS/DNS-726-4/DNS-726-4_FIRMWARE_1.21,2013-05-01 00:00:00,,149fabc685ff45322e3363134fd71912226c4956,aec0ca9875b8e1ddb3aea6c24a259129
ALL,DNS-1200-05,1.02B10,ftp://ftp.dlink.ca/PRODUCTS/DNS-1200-05/DNS-1200-05_FIRMWARE_1.02B10,2013-05-01 00:00:00,,fb0ea9d1acb31804a3278e5dc85769562fc8f07b,196f6f42999c8d9aa658c2979cc153e9
A,DNS-327L,1.07b06,ftp://ftp.dlink.ca/PRODUCTS/DNS-327L/DNS-327L_FIRMWARE_1.07B06.BIN,2016-09-13 00:00:00,,c925b4f37def68dfce05d4b1650ccf906567a9e4,95ec7988b0c0591897f5682f52af9d1a
ALL,DPH-128MS,1.15.10,ftp://ftp.dlink.ca/PRODUCTS/DPH-128MS/DPH-128MS_FIRMWARE_1.15.10.ZIP,2013-05-01 00:00:00,,9b6b2ad5c10325ba3566c94777b6ba6376a01d15,aa695e1d4886a5e8853b8f204df70996
ALL,DPR-1260,1.24,ftp://ftp.dlink.ca/PRODUCTS/DPR-1260/DPR-1260_FIRMWARE_1.24.BIN,2013-05-01 00:00:00,,5a213ae1186bf61d6b2224eceb479b751bce44b2,faac9577dbaafd86c090f18d3970a71e
A,DSA-3100,2.23,ftp://ftp.dlink.ca/PRODUCTS/DSA-3100/DSA-3100_REVA_FIRMWARE_2.23.ROM,2013-05-01 00:00:00,,5b1031206a89e6b7fd771b46345c34f3561a763f,423aafbc2182ea3df71220ef39540062
ALL,DNS-345,1.03,ftp://ftp.dlink.ca/PRODUCTS/DNS-345/DNS-345_FIRMWARE_1.03,2013-05-01 00:00:00,,4d802d8437bd5fc295d7b8229e69bb5bcaedf097,c2bfced643a6175352956fdb99a77a21
B,DSA-3100,3.10,ftp://ftp.dlink.ca/PRODUCTS/DSA-3100/DSA-3100_REVB_FIRMWARE_3.10.ROM,2013-05-01 00:00:00,,bd44450b089bd196ae092c406ff2c240c3d151d7,a622a92f5bda24056efb44cbc85ab542
A,DSA-3200,1.11,ftp://ftp.dlink.ca/PRODUCTS/DSA-3200/DSA-3200_REVA_FIRMWARE_1.11.ROM,2013-05-01 00:00:00,,faaa87d90f3a0c7c13bd94e83441ba5d5c150e6c,1dedd20d0522991384987e0291ff2ea9
ALL,DSL-2320B,Win2K,ftp://ftp.dlink.ca/PRODUCTS/DSL-2320B/DSL-2320B_FIRMWARE_1I00_WIN2KXP,2013-05-01 00:00:00,,db77ecedadf07451f628ac5c5587f09c5cdf4a69,42105e90a61f758d86077b31d9204791
ALL,DSL-2320B,Win2K,ftp://ftp.dlink.ca/PRODUCTS/DSL-2320B/DSL-2320B_FIRMWARE_2900_WIN2KXPVISTA,2013-05-01 00:00:00,,ab018e7a80fe1370a18d4870411584ed0117c5bc,8057d43c773ca707c8aea52b7351bac7
ALL,DSL-2740B,2.06,ftp://ftp.dlink.ca/PRODUCTS/DSL-2740B/DSL-2740B_FIRMWARE_2.06.BIN,2013-08-13 00:00:00,,c9312352a78c073cf010be65d2d3f5a47eb48a8e,de1870e148baef9b01d57754ac21cc03
ALL,DSL-520B,1.10,ftp://ftp.dlink.ca/PRODUCTS/DSL-520B/DSL-520B_REVA_FIRMWARE_1.10_NA.ZIP,2014-08-14 00:00:00,,68252b9c78f999f014e3371f0cdde07e94d1b9e2,a28067322d4cee747ec20a981c64e356
ALL,DSM-120,1.03,ftp://ftp.dlink.ca/PRODUCTS/DSM-120/DSM-120_FIRMWARE_1.03,2013-05-01 00:00:00,,33f75b52eafc60d4a37887241d14e0634ccfb6a9,aadb8db14e51985f287cbd44c9f336bb
ALL,DSM-320,1.06,ftp://ftp.dlink.ca/PRODUCTS/DSM-320/DSM-320_FIRMWARE_1.06,2013-05-01 00:00:00,,2316146b36cd9cebad7d723980e8076550511151,da97cffda7a6c9ce9c889ca314157475
A1,DSM-510,1.08,ftp://ftp.dlink.ca/PRODUCTS/DSM-510/DSM-510_REVA1_FIRMWARE_1.08.ZIP,2013-05-01 00:00:00,,9c131e911c234923f9ba746cb6b43a577b7845e1,d1ec68adeb3c21d20976a2c9dfad5f9a
A2,DSM-510,1.08,ftp://ftp.dlink.ca/PRODUCTS/DSM-510/DSM-510_REVA2_FIRMWARE_1.08.ZIP,2013-05-01 00:00:00,,b08a08c441e1dc30a3d65a1227d699fbcc182032,f726c93069960707ad8194699dce2ace
ALL,DSM-520,1.06,ftp://ftp.dlink.ca/PRODUCTS/DSM-520/DSM-520_FIRMWARE_1.06.01,2013-05-01 00:00:00,,c4a0a9598b0fc47eb1f89e2e0364aaf2389e3016,ee67316ae5c2fc44528949346e0d3245
A,DNS-1550-04,03.01.4800.01,ftp://ftp.dlink.ca/PRODUCTS/DNS-1550-04/DNS-1550-04_REVA_FIRMWARE_03.01.4800.01.UPG,2013-05-01 00:00:00,,5ffc9b3ede9337d3a7af35e894b2ee2725523697,2a8964aae8b1bf22c5a3eca17da70a3a
ALL,DSM-750,1.02,ftp://ftp.dlink.ca/PRODUCTS/DSM-750/DSM-750_FIRMWARE_1.02.09,2013-05-01 00:00:00,,eabffe4163187426abef726a7770adc582dc40bc,9ab76bab53bbfb0e0751d35d3b440946
ALL,DSN-1100-10,2.9.2.9,ftp://ftp.dlink.ca/PRODUCTS/DSN-1100-10/DSN-1100-10_FIRMWARE_2.9.2.9.ZIP,2013-05-01 00:00:00,,fc3f0cf8e90d4319c3c5f860a4f1d94c0c2a46d6,8b4d0697ec15204e93130bc1c4bc287c
ALL,DSN-2100-10,2.9.2.9,ftp://ftp.dlink.ca/PRODUCTS/DSN-2100-10/DSN-2100-10_FIRMWARE_2.9.2.9.ZIP,2013-05-01 00:00:00,,1bf23501ff37e69043d0aec468fa2e03fd53016e,54e5362695aa2976ba53c77b8ff65900
ALL,DSN-3200-10,2.9.2.9,ftp://ftp.dlink.ca/PRODUCTS/DSN-3200-10/DSN-3200-10_FIRMWARE_2.9.2.9.ZIP,2013-05-01 00:00:00,,1bf23501ff37e69043d0aec468fa2e03fd53016e,54e5362695aa2976ba53c77b8ff65900
ALL,DSN-4100,2.9.2.9,ftp://ftp.dlink.ca/PRODUCTS/DSN-4100/DSN-4100_FIRMWARE_2.9.2.9.ZIP,2013-05-01 00:00:00,,0a4594253ecb1666fd3dfe8f066ad7f24652ee7d,b2da6885b399a258ee99522103084df4
ALL,DSN-5110-10,2.9.2.9,ftp://ftp.dlink.ca/PRODUCTS/DSN-5110-10/DSN-5110-10_FIRMWARE_2.9.2.9.ZIP,2013-05-01 00:00:00,,15d75fc582916c3d7a37abd5fde812bbcc3da410,3b4dcff63f861a923e0050173e5a8811
ALL,DSN-5210-10,2.9.2.9,ftp://ftp.dlink.ca/PRODUCTS/DSN-5210-10/DSN-5210-10_FIRMWARE_2.9.2.9.ZIP,2013-05-01 00:00:00,,15d75fc582916c3d7a37abd5fde812bbcc3da410,3b4dcff63f861a923e0050173e5a8811
A2,DSR-150,2.11,ftp://ftp.dlink.ca/PRODUCTS/DSR-150/DSR-150_REVA2_FIRMWARE_2.11_WW.zip,2016-02-04 00:00:00,,525b8f93cf67367f0f449ad50b0f509e274ae849,67cd1c4e45a76043627c6808a81f1405
A1,DSR-150,1.09B32,ftp://ftp.dlink.ca/PRODUCTS/DSR-150/DSR-150_REVA1_FIRMWARE_1.09B32.ZIP,2014-06-20 00:00:00,,6769638a4b18c5cc6ac0370176f481b055954f39,89e2d761095a1ac9e8088adca728d81a
A1,DSR-250,2.11,ftp://ftp.dlink.ca/PRODUCTS/DSR-250/DSR-250_REVA1_FIRMWARE_2.11_WW.zip,2016-06-13 00:00:00,,58c070ead57f3b9310849568c917e4bd734ad4f1,e49d06d64bac7e0b697524afb361d7d2
A,DSR-150N,2.11,ftp://ftp.dlink.ca/PRODUCTS/DSR-150N/DSR-150N_REVA2_FIRMWARE_2.11_WW.zip,2016-02-04 00:00:00,,09dd4d6e0317311ce4418e115e98afb41e1a4552,d2a8d2ad4f7ed066dc6597ee343b7e48
A2,DSR-250,2.11,ftp://ftp.dlink.ca/PRODUCTS/DSR-250/DSR-250_REVA2_FIRMWARE_2.11_WW.zip,2016-02-04 00:00:00,,82cfe42a70ba6212d467aad9138a1ec70d57aadc,9af62627ca944345207818c851e011dc
A3,DSR-250,2.11,ftp://ftp.dlink.ca/PRODUCTS/DSR-250/DSR-250_REVA2_FIRMWARE_2.11_WW.zip,2016-02-04 00:00:00,,82cfe42a70ba6212d467aad9138a1ec70d57aadc,9af62627ca944345207818c851e011dc
A1,DSR-250N,2.11,ftp://ftp.dlink.ca/PRODUCTS/DSR-250N/DSR-250N_A1_FIRMWARE_2.11_WW.zip,2016-06-13 00:00:00,,c2b8ef20c354b292b3f2e3537ebfdf723b7c234d,4a267d34bdf9d5a2f8849d50bfd9ccbd
ALL,DSN-5410-10,2.9.2.9,ftp://ftp.dlink.ca/PRODUCTS/DSN-5410-10/DSN-5410-10_FIRMWARE_2.9.2.9.ZIP,2013-05-01 00:00:00,,15d75fc582916c3d7a37abd5fde812bbcc3da410,3b4dcff63f861a923e0050173e5a8811
A2,DSR-250N,2.11,ftp://ftp.dlink.ca/PRODUCTS/DSR-250N/DSR-250N_REVA2_FIRMWARE_2.11_WW.zip,2016-02-04 00:00:00,,415e51274621ecb735bb46da64647135518797b7,6ca0940b5a408b1458ceb688b9709060
B,DSR-250N,2.11,ftp://ftp.dlink.ca/PRODUCTS/DSR-250N/REVB/DSR-250N_REVB1_FIRMWARE_2.11_WW.zip,2016-02-04 00:00:00,,85d14e4086b5bd72840999ef0c0fa53256800afa,71c2b389c7fa48334d3e123bace55da0
A,DSR-500N,2.11B201C,ftp://ftp.dlink.ca/PRODUCTS/DSR-500N/DSR-500N_REVA_FIRMWARE_2.11B201C_WW,2016-04-20 00:00:00,,273d45784c132d87cf13b3393e5577cbce66f427,8d9d395408e6d07598ec07f7351468a9
A1,DSR-500AC,3.07,ftp://ftp.dlink.ca/PRODUCTS/DSR-500AC/DSR-500AC_REVA_FIRMWARE_3.07_WW,2016-07-13 00:00:00,,5ea56d6aa7f749c154a0f10ec3944b99bf9f4b32,856e17d62236d946621b6d4314d8c013
ALL,DVG-2001S,1.07,ftp://ftp.dlink.ca/PRODUCTS/DVG-2001S/DVG-2001S_FIRMWARE_1.07.TFP,2013-05-01 00:00:00,,be4fec224d256968bed0e652f501bfa1232c47f2,31ff33eb9bb02846435ea337a3c2c604
ALL,DWL-1750,1.00,ftp://ftp.dlink.ca/PRODUCTS/DWL-1750/DWL-1750_FIRMWARE_1.00.ZIP,2013-05-01 00:00:00,,efbbe78354c6d4334c2dd0a1ffe547651a5fb795,19109ffa405be55477d56aeff83f06e8
A,DWL-2000AP,1.58,ftp://ftp.dlink.ca/PRODUCTS/DWL-2000AP/DWL-2000AP_REVA_FIRMWARE_1.58.BIN,2013-05-01 00:00:00,,6a1f18690caabc0e5d374707c771ed78f197b2f6,d6053c8711105c3ffb9b5445099b5f32
B,DWL-2000AP,2.6,ftp://ftp.dlink.ca/PRODUCTS/DWL-2000AP/DWL-2000AP_REVB_FIRMWARE_2.60.BIN,2013-05-01 00:00:00,,3ae2648920c54bf1715b77e2723da180d4c52a3d,6b78dfea1bfa5ab8727c8145ae1618d7
C,DWL-2000AP,3.13,ftp://ftp.dlink.ca/PRODUCTS/DWL-2000AP/DWL-2000AP_REVC_FIRMWARE_3.13.BIN,2013-05-01 00:00:00,,301a97f56566e1d15398369f29a35f9ff5fd8fae,3991ea1b39cd678b38a5167384f3eec2
ALL,DWL-2100AP,2.13,ftp://ftp.dlink.ca/PRODUCTS/DWL-2100AP/DWL-2100AP_FIRMWARE_2.13.TFP,2013-05-01 00:00:00,,a665b3226cf41e2192e7697990f4873f2a3702c1,5bf70a8b613b0660a87b21ca669c3179
ALL,DWL-2200AP,2.00,ftp://ftp.dlink.ca/PRODUCTS/DWL-2200AP/DWL-2200AP_FIRMWARE_2.00.TFP,2013-05-01 00:00:00,,4ba3ebbd1553d65d93ba6ade0fdf45b9dd307ff3,bd838333a949f0355fe8ae06fb082300
B,DWC-1000,4.4.1.2,ftp://ftp.dlink.ca/PRODUCTS/DWC-1000/DWC-1000_REVB_FIRMWARE_4.4.1.2_WW,2015-10-28 00:00:00,,462354c2842d0bae9936f4d5894aa7d64165b9c3,5a001e3db21feeb178e2cbf77d1b292c
A,DWC-1000,4.4.1.2,ftp://ftp.dlink.ca/PRODUCTS/DWC-1000/DWC-1000_REVA_FIRMWARE_4.4.1.2_WW,2015-10-28 00:00:00,,ae901690116ee84d71831aa2ff6646580f55e528,8f3d6b41dc3a10d01252997350a0db65
A,DWC-2000,4.3.0.3,ftp://ftp.dlink.ca/PRODUCTS/DWC-2000/DWC-2000%20REVA_FIRMWARE_4.3.0.3.ZIP,2015-01-01 00:00:00,,7e9577b7d6258e372e9fbb0a7b40ac5fb000f94d,24792645263e2487ed31420274e8b8ba
A,DWL-2700AP,2.11,ftp://ftp.dlink.ca/PRODUCTS/DWL-2700AP/DWL-2700AP_REVA_FIRMWARE_2.11.TFP,2013-05-01 00:00:00,,4c96865dac4fc2786ec40ee53dd3e510f2daf939,f0b35e0f9def3436265e8f77852d9b2f
B,DWL-2700AP,3.30,ftp://ftp.dlink.ca/PRODUCTS/DWL-2700AP/DWL-2700AP_REVB_FIRMWARE_3.30.TFP,2013-05-01 00:00:00,,992997f39c9e7ae29741abddd2d72ad6d8185344,5543db6faeff924259c41f0dafddeace
ALL,DWL-3140AP,1.10,ftp://ftp.dlink.ca/PRODUCTS/DWL-3140AP/DWL-3140AP_FIRMWARE_1.10.ZIP,2013-05-01 00:00:00,,07240af195c33b2c2c3689c19125c00dc2b4b422,fa657898927fafbf4e68a45ad1ee723b
A,DWL-3200AP,2.40,ftp://ftp.dlink.ca/PRODUCTS/DWL-3200AP/DWL-3200AP_REVA_FIRMWARE_2.40.TFP,2013-05-01 00:00:00,,cb2b43bd3cbadcc5062e8d3121b8251df877ab76,9fa5135ab1432cdffc4adcc379b709b9
B,DWL-3200AP,2.55,ftp://ftp.dlink.ca/PRODUCTS/DWL-3200AP/DWL-3200AP_REVB_FIRMWARE_2.55.TFP,2013-05-01 00:00:00,,6ab7f2b90995fa5efbf33335122a0c7891df43e1,ec606c6d252846fa89664f0f1e4f6f1c
A,DWL-2600AP,4.2.0.10,ftp://ftp.dlink.ca/PRODUCTS/DWL-2600AP/DWL-2600AP_FIRMWARE_4.2.0.10.tar,2016-07-13 00:00:00,,d095520591e7419eee75a23eafa69226dfdf3432,f73679a0c4144774279e7345cabd1070
ALL,DWL-3500AP,3.0.0.16,ftp://ftp.dlink.ca/PRODUCTS/DWL-3500AP/DWL-3500AP_FIRMWARE_3.0.0.16.TAR,2013-05-01 00:00:00,,dbca1a885f963b75b0e1a79f24d0995791a8c0e1,68433ab68390b301ba66df6087c96d15
A,DWL-6000AP,1.07,ftp://ftp.dlink.ca/PRODUCTS/DWL-6000AP/DWL-6000AP_REVA_FIRMWARE_1.07.TFP,2013-05-01 00:00:00,,427125792f8877b8e73b62155f29b331cdbc9def,e8f8e3589ec5becb11870a9485fe512a
B,DWL-6000AP,2.12,ftp://ftp.dlink.ca/PRODUCTS/DWL-6000AP/DWL-6000AP_REVB_FIRMWARE_2.12.HAD,2013-05-01 00:00:00,,97c2f8b2473465e06fc086e816c741b9e5414a55,d9a113bf4ecdc56d34b152a6b25ebfd6
A,DWL-3600AP,4.2.0.10,ftp://ftp.dlink.ca/PRODUCTS/DWL-3600AP/DWL-3600AP_FIRMWARE_4.2.0.10.tar,2016-05-06 00:00:00,,eda65ba08e803e4a05f9e98a7a8f19538e713bed,7a78ea26ff61a535ff7a73c505cb99f5
A,DWL-6600AP,4.1.0.11,ftp://ftp.dlink.ca/PRODUCTS/DWL-6600AP/DWL-6600AP_FIRMWARE_41011.TAR,2013-05-01 00:00:00,,0415b0e14586abdcf7fd5867f88bcc0875b52ae6,3a8d2668309e47529a94c833de7eb788
ALL,DWL-7000AP,1.07,ftp://ftp.dlink.ca/PRODUCTS/DWL-7000AP/DWL-7000AP_FIRMWARE_1.07.TFP,2013-05-01 00:00:00,,141ac578220f896eb9c7bd8869e864231c445b82,f1797218d4e97bd6c118dab6864d1cf4
A,DWL-6600AP,4.2.0.10,ftp://ftp.dlink.ca/PRODUCTS/DWL-6600AP/DWL-6600AP_FIRMWARE_4.2.0.10.tar,2016-05-06 00:00:00,,eda65ba08e803e4a05f9e98a7a8f19538e713bed,7a78ea26ff61a535ff7a73c505cb99f5
ALL,DWL-700AP,2.02,ftp://ftp.dlink.ca/PRODUCTS/DWL-700AP/DWL-700AP_FIRMWARE_2.02.DLF,2013-05-01 00:00:00,,fa8a8408b2eb8cc58c85b7eb9ac8cffd8919e96f,d55f6d8fc10a6116e755dfa202d9c1aa
A2,DWL-6700AP,4.4.0.7,ftp://ftp.dlink.ca/PRODUCTS/DWL-6700AP/DWL-6700_FW_v4_4_0_7.bin,2015-10-01 00:00:00,,5ff770c1fecf336096f3b2fd16a0bd2f37d8721b,386bb3a8f012e9cde9276b8c4c1d1619
A,DWL-7100AP,1.03,ftp://ftp.dlink.ca/PRODUCTS/DWL-7100AP/DWL-7100AP_REVA_FIRMWARE_1.03.TFP,2013-05-01 00:00:00,,9a7753efeeaa172887b2fd5b4664c7b19acdb357,d29c0a29fc66223b676f0963bc3e3aee
B,DWL-7100AP,2.20,ftp://ftp.dlink.ca/PRODUCTS/DWL-7100AP/DWL-7100AP_REVB_FIRMWARE_2.20.TFP,2013-05-01 00:00:00,,a3c4cfa3343fc4e5f1b5dc213d381bfc32ed44a5,9302bdebc91aff75020795c204ed4723
A,DWL-6610AP,4.3.0.4,ftp://ftp.dlink.ca/PRODUCTS/DWL-6610AP/DWL-6610AP_FIRMWARE_4.3.0.4.tar,2016-05-06 00:00:00,,807cf6f1f9028db4da952955058aaa2b2e9292d4,43d2b99cc4f0fe8b1342cdcc4936af3d
ALL,DWL-7200AP,1.20,ftp://ftp.dlink.ca/PRODUCTS/DWL-7200AP/DWL-7200AP_FIRMWARE_1.20.TFP,2013-05-01 00:00:00,,469c537308b5240a80d8f9a1f181dbc2e70f0a33,2cfb678e9043b2602986f6d077810676
A,DWL-7700AP,2.00,ftp://ftp.dlink.ca/PRODUCTS/DWL-7700AP/DWL-7700AP_REVA_FIRMWARE_2.00.TFP,2013-05-01 00:00:00,,6993afb2b998994b2525bd80a5aa4f9d39ee3177,7fbbe103de26997e646fdc8eedaba14d
B,DWL-7700AP,3.00,ftp://ftp.dlink.ca/PRODUCTS/DWL-7700AP/DWL-7700AP_REVB_FIRMWARE_3.00.TFP,2013-05-01 00:00:00,,2ccd984b9ec180b11c485f6243f6045d7de20430,a5ca9f713e9d3427d33fe0d73a4c0b71
C,DWL-7700AP,3.30,ftp://ftp.dlink.ca/PRODUCTS/DWL-7700AP/DWL-7700AP_REVC_FIRMWARE_3.30.TFP,2013-05-01 00:00:00,,7fe05c0e3729c6c9149fce92917a39b50ab5317d,9c4a59c35cecdccb0e48aec3ffa2aa18
A,DWL-8200AP,1.20,ftp://ftp.dlink.ca/PRODUCTS/DWL-8200AP/DWL-8200AP_REVA_FIRMWARE_1.20.TFP,2013-05-01 00:00:00,,92d8a750d4fff19166ebe8440cf4a7b6c5e40c92,160761894889e388be642d1991fcbe3e
B,DWL-8200AP,2.10,ftp://ftp.dlink.ca/PRODUCTS/DWL-8200AP/DWL-8200AP_REVB_FIRMWARE_2.10.TFP,2013-05-01 00:00:00,,5c486a0d1e2396b89bef72b03c2b4575f2592383,9f828981f71ce8eaf35b3d64c26d2765
ALL,DWL-8500AP,3.0.0.16,ftp://ftp.dlink.ca/PRODUCTS/DWL-8500AP/DWL-8500AP_FIRMWARE_3.0.0.16.TAR,2013-05-01 00:00:00,,dbca1a885f963b75b0e1a79f24d0995791a8c0e1,68433ab68390b301ba66df6087c96d15
A,DWL-900AP+,2.61,ftp://ftp.dlink.ca/PRODUCTS/DWL-900APPLUS/DWL-900APPLUS_FIRMWARE_2.61.BIN,2013-05-01 00:00:00,,80fda176eb8cb8116bd458a3e41987721515d833,494dd781af12c187cdab891ebd8220c9
ALL,DWL-8600AP,3.0.0.16,ftp://ftp.dlink.ca/PRODUCTS/DWL-8600AP/DWL-8600AP_FIRMWARE_30016.ZIP,2013-05-01 00:00:00,,10bdfb69407d37497f307a62c3362abc344d26d7,a7abbe2ae3844d7fab50becc33f22ec2
C,DWL-900AP+,3.07B1,ftp://ftp.dlink.ca/PRODUCTS/DWL-900APPLUS/DWL-900APPLUS_REVC_FIRMWARE_3.07B1.BIN,2013-05-01 00:00:00,,2d0af3d74981aec5f41256ef5d79f213040fee97,f9aafc567f8828bfde840a240d05744e
ALL,DWL-8600AP,4.3.0.2,ftp://ftp.dlink.ca/PRODUCTS/DWL-8600AP/DWL-8600AP_FIRMWARE_4.3.0.2.zip,2015-08-01 00:00:00,,82e61aba3c73ace484bbad603c9b8d975f21be8d,c14c8ad9ff97566a9a779cf9079609cd
A,DWL-8610AP,4.3.0.2,ftp://ftp.dlink.ca/PRODUCTS/DWL-8610AP/DWL-8610AP_REVA_FIRMWARE_4.3.0.2.B042.ZIP,2015-08-13 00:00:00,,88fce39593aa19ab3140fa127c362f61c8a6c99a,5ab0e1b630f63f701eb10139d5c6026c
A1,DWL-8710AP,4.5.0.1,ftp://ftp.dlink.ca/PRODUCTS/DWL-8710AP/DWL-8710_FIRMWARE_4.5.0.1.tar,2016-07-13 00:00:00,,23d9338a306e05436eae0ba6fa7bd2b8360bf1a1,9d24906109a74baac0f2391760a0697d
A,DWL-G700AP,1.02,ftp://ftp.dlink.ca/PRODUCTS/DWL-G700AP/DWL-G700AP_REVA_FIRMWARE_1.02.BIN,2013-05-01 00:00:00,,4db7d6cc6af931149538baa39dc5fb4dd152088d,5d1180fd990b3e1097514e02906665e3
B,DWL-G700AP,2.20,ftp://ftp.dlink.ca/PRODUCTS/DWL-G700AP/DWL-G700AP_REVB_FIRMWARE_2.20.BIN,2013-05-01 00:00:00,,ca1f1a4c1b9c41781c909c816017401802078c50,09c16be42586aa7d12d491287633f9aa
ALL,DWL-G730AP,2.00,ftp://ftp.dlink.ca/PRODUCTS/DWL-G730AP/DWL-G730AP_REVB_FIRMWARE_2.00.BIN,2014-05-06 00:00:00,,4dedd36ff11af5a40565857212a9048f34941d62,68c3654a92a23b6009f9975461abe77e
ALL,DWL-G730AP,1.10,ftp://ftp.dlink.ca/PRODUCTS/DWL-G730AP/DWL-G730AP_REVA_FIRMWARE_1.10.BIN,2014-05-06 00:00:00,,ef8b251987dc35a5661bcd055cdca0d935f95460,da5c0e116e2472acbf75e2a34e790719
ALL,DWL-G800AP,1.05,ftp://ftp.dlink.ca/PRODUCTS/DWL-G800AP/DWL-G800AP_FIRMWARE_1.05.BIN,2013-05-01 00:00:00,,00e0df46dfc3330ae0cdd274f2e8b866df6baa9c,26beefdf15363031d09818dad883beee
ALL,DWL-G810,2.13,ftp://ftp.dlink.ca/PRODUCTS/DWL-G810/DWL-G810_FIRMWARE_2.13.BIN,2013-05-01 00:00:00,,3d5e7fd980ebfcf6880781146abfe466dbe016ca,29b73188a1352e5da91154b1d02f82d8
A,DWL-G820,1.00,ftp://ftp.dlink.ca/PRODUCTS/DWL-G820/DWL-G820_REVA_FIRMWARE_1.00.TFP,2013-05-01 00:00:00,,97b3ccdf1986507e7b92d433558bfd050cb02db1,0a47410a7ea97856fe9f2c9d495f1a5b
B,DWL-G820,2.20,ftp://ftp.dlink.ca/PRODUCTS/DWL-G820/DWL-G820_REVB_FIRMWARE_2.20.TFP,2013-05-01 00:00:00,,82f28099b7ba638ffea1d70c8cf48fad0ad2c7e2,3131f74b6ddd182a6fec77f8bd5a9207
ALL,DWS-1008,5.06.10,ftp://ftp.dlink.ca/PRODUCTS/DWS-1008/DWS-1008_FIRMWARE_5.06.10.REL,2013-05-01 00:00:00,,07ebf7c9d0805f4921a71483f517fc3b563bf4bf,04379cb16dbd01d829fed824a836b4a1
A,DWS-3024L,3.0.0.16,ftp://ftp.dlink.ca/PRODUCTS/DWS-3024L/DWS-3024L_REVA_FIRMWARE_3.0.0.16.OPR,2013-05-01 00:00:00,,d6f18fc5160802c5c5d5f5532c81f9f98249235b,505f75b155591b78bd03bd3814c5d1af
A,DWS-3026,3.0.0.16,ftp://ftp.dlink.ca/PRODUCTS/DWS-3026/DWS-3026_REVA_FIRMWARE_3.0.0.16.OPR,2013-05-01 00:00:00,,d6f18fc5160802c5c5d5f5532c81f9f98249235b,505f75b155591b78bd03bd3814c5d1af
A,DWS-3160-24PC,4.3.1.3,ftp://ftp.dlink.ca/PRODUCTS/DWS-3160-24PC/DWS-3160-24PC_REVA_FIRMWARE_4.3.1.3.had,2014-08-26 00:00:00,,954794aa1f120639088c56b58071db998f28cabd,f86b8a3850fa7b68e6b7d383f21c340e
A,DWS-3227,1.01.86,ftp://ftp.dlink.ca/PRODUCTS/DWS-3227/DWS-3227_FIRMWARE_10186.ZIP,2013-05-01 00:00:00,,93595f48ac6953b6767bb771d0cffacc03c11393,238ab154e0065e6c73b8d2e3f7daad89
A,DWS-3227P,1.01.86,ftp://ftp.dlink.ca/PRODUCTS/DWS-3227P/DWS-3227P_FIRMWARE_10186.ZIP,2013-05-01 00:00:00,,93595f48ac6953b6767bb771d0cffacc03c11393,238ab154e0065e6c73b8d2e3f7daad89
A,DWS-4026,4.3.0.3,ftp://ftp.dlink.ca/PRODUCTS/DWS-4026/DWS-4026_REVA_FIRMWARE_4.3.0.3_B028.stk,2016-05-06 00:00:00,,e83cd3968930049c2080bfba88be41ff5e287144,4ba3b34d315f5a6edbf111e54112ce81
A,DXS-3227,1.1.0.11,ftp://ftp.dlink.ca/PRODUCTS/DXS-3227/DXS-3227_FIRMWARE_1.1.0.11.ZIP,2013-05-01 00:00:00,,41c4dc37d7cd6c8b95221919e9393d80c0fda87c,ab4fecc934d6cd8c55ba2d5bf4b5b74c
A,DXS-1210-12SC,1.10.013,ftp://ftp.dlink.ca/PRODUCTS/dxs-1210-12sc/DXS-1210-12TC_FIRMWARE_1.10.013.hex,2016-01-13 00:00:00,,f368d117e96f40bf888cbb366ee857e7fabe124d,c2736e36b1cd5c7d4d8c3d3f6b2155f6
A,DXS-3227P,10186,ftp://ftp.dlink.ca/PRODUCTS/DXS-3227P/DXS-3227P_FIRMWARE_10186.ZIP,2013-05-01 00:00:00,,93595f48ac6953b6767bb771d0cffacc03c11393,238ab154e0065e6c73b8d2e3f7daad89
A,DXS-1210-12TC,1.10.013,ftp://ftp.dlink.ca/PRODUCTS/dxs-1210-12Tc/DXS-1210-12TC_FIRMWARE_1.10.013.hex,2016-01-13 00:00:00,,f368d117e96f40bf888cbb366ee857e7fabe124d,c2736e36b1cd5c7d4d8c3d3f6b2155f6
A,DXS-3250,1.1.0.11,ftp://ftp.dlink.ca/PRODUCTS/DXS-3250/DXS-3250_FIRMWARE_1.1.0.11.ROS,2013-05-01 00:00:00,,3103ff70d1be759e88eb41d2de19616418b3e1cb,178bfd86d22476f52d59d17fdfd38515
ALL,DXS-3326GSR,4.40B04,ftp://ftp.dlink.ca/PRODUCTS/DXS-3326GSR/DXS-3326GSR_FIRMWARE_4.40B04.HAD,2013-05-01 00:00:00,,34146154b4cfa75b1655333a2d5723f2d0d02789,fea32c1735c1fa0bd34608b1ca342329
ALL,DXS-3350SR,4.40B04,ftp://ftp.dlink.ca/PRODUCTS/DXS-3350SR/DXS-3350SR_FIRMWARE_4.40B04.HAD,2013-05-01 00:00:00,,34146154b4cfa75b1655333a2d5723f2d0d02789,fea32c1735c1fa0bd34608b1ca342329
A,EBR-2310,1.05,ftp://ftp.dlink.ca/PRODUCTS/EBR-2310/EBR-2310_REVA_FIRMWARE_1.05.BIN,2013-05-01 00:00:00,,5a81f9489ba79afe47baa0b096de3f08ccd9c0e3,0495bab04193dbe3b6c97f81aa3a100d
B,EBR-2310,2.01,ftp://ftp.dlink.ca/PRODUCTS/EBR-2310/EBR-2310_REVB_FIRMWARE_2.01.BIN,2013-05-01 00:00:00,,a9757485a5698b2aa9767acd57777add2ebfd6ec,36d8d92eaa8a521d71f9f1c71c7c31dc
C,EBR-2310,3.01,ftp://ftp.dlink.ca/PRODUCTS/EBR-2310/EBR-2310_REVC_FIRMWARE_3.01.BIN,2013-05-30 00:00:00,,469bfc108fc05eba2b0e4241b02c02fe2d38d777,5417632408c8bf98cc7547b9a48a79ba
B,DXS-3600-16S,2.40.046,ftp://ftp.dlink.ca/PRODUCTS/DXS-3600_SERIES/DXS-3600_REVB_FIRMWARE_2.40.046_WW.ZIP,2015-12-01 00:00:00,,50d314575cce197cd8d9ce889d66dd0d70812f25,97f4fef38ee533b9a851c27c24812369
B,DXS-3600-32S,2.40.046,ftp://ftp.dlink.ca/PRODUCTS/DXS-3600_SERIES/DXS-3600_REVB_FIRMWARE_2.40.046_WW.ZIP,2015-12-01 00:00:00,,50d314575cce197cd8d9ce889d66dd0d70812f25,97f4fef38ee533b9a851c27c24812369
B,WBR-1310,2.02,ftp://ftp.dlink.ca/PRODUCTS/WBR-1310/WBR-1310_REVB_FIRMWARE_2.02.BIN,2013-05-01 00:00:00,,1567991a83332164894de9652bbd0f144f2cedd1,85e4c8604c6fc600c9084eae9b29cd0e
D,WBR-1310,4.13,ftp://ftp.dlink.ca/PRODUCTS/WBR-1310/WBR-1310_REVD_FIRMWARE_4.13.BIN,2013-05-01 00:00:00,,ac9f527c7d58ed80aac9de536ca958cfbfe155c0,36787770a817498eeb7a2cdcdc7ec632
A,WBR-2310,1.05B15,ftp://ftp.dlink.ca/PRODUCTS/WBR-2310/WBR-2310_REVA_FIRMWARE_1.05B15.BIN,2013-05-01 00:00:00,,a1ecc04ac4fdf833968fa307bc53be3cf8501f2e,34c039e84861dc355abf08f7fe2b290b
B,WBR-2310,2.04,ftp://ftp.dlink.ca/PRODUCTS/WBR-2310/WBR-2310_REVB_FIRMWARE_2.04.BIN,2013-05-01 00:00:00,,4037bf67e634d6b1c51b7ad2968c6227f337481a,165ee472010f226993545c0c89c101c6
