model,fver,furl,fname,fdate,fsize,sha1,md5
DS-101,2.0.1-3,https://global.download.synology.com/download/DSM/release/Other/0371/synology_ixp420_1hd_0371.zip,synology_ixp420_1hd_0371.zip,2006-07-05 00:00:00,29819034,551988963b7fddca89b0abfbdae4c0ed0823caea,d2a6d187f06910fc4c9009a6486ffbc3
DS-101g+,2.0.3-0460,https://global.download.synology.com/download/DSM/release/Other/0460/DSM_DS-101g%2B_0460.zip,DSM_DS-101g%2B_0460.zip,2007-04-18 00:00:00,31494205,0461d0392edd94c6b3c25fd8caa0f8eaf4f12600,0d08b43a1fcdbabf5c0df52bb081ade4
DS-106,2.0-0731,https://global.download.synology.com/download/DSM/release/2.0/0731/DSM_DS-106_0731.zip,DSM_DS-106_0731.zip,2009-01-19 00:00:00,74971538,51c03effc7d49dd6b6aaf67e4e9c08788295f1e9,0f28deb8d7a3163fa6afc431d0026068
DS-106e,2.0-0731,https://global.download.synology.com/download/DSM/release/2.0/0731/DSM_DS-106e_0731.zip,DSM_DS-106e_0731.zip,2009-01-19 00:00:00,74976373,095c360ce9a3d6b816b24314f10954259bb3984f,114c34e4dfe4f3f09b992079c50fe5ee
DS109+,4.2-3256,https://global.download.synology.com/download/DSM/release/4.2/3256/DSM_DS109%2B_3256.pat,DSM_DS109%2B_3256.pat,2016-05-06 00:00:00,112588800,7d8444f8ba98456592f953bed4cf538886d0ba74,8cbd330ae38593a0e8dfbff4185c8279
DS-101j,2.0-0731,https://global.download.synology.com/download/DSM/release/2.0/0731/DSM_DS-101j_0731.zip,DSM_DS-101j_0731.zip,2009-01-19 00:00:00,43070485,6262b40b64c0d7ef9254a9fa68f56fa54b8496b5,9d2f9e32ab28281bdd15c9b171d1cd1e
DS109,4.2-3256,https://global.download.synology.com/download/DSM/release/4.2/3256/DSM_DS109_3256.pat,DSM_DS109_3256.pat,2016-05-06 00:00:00,111032320,3fa09c93886dad349e08c954f9b3e9fd0f8842de,158671e59dfa2f413eb042f69d22b4c2
DS108j,4.0-2265,https://global.download.synology.com/download/DSM/release/4.0/2265/DSM_DS108j_2265.pat,DSM_DS108j_2265.pat,2014-09-10 00:00:00,122808320,7af3a5a34e1f073a9949c0272e59b740072a3048,4d1e6100e3c65662a583079d1036b127
DS-106j,2.1-0844,https://global.download.synology.com/download/DSM/release/2.1/0844/DSM_DS-106j_0844.zip,DSM_DS-106j_0844.zip,2009-05-05 00:00:00,84552671,e7a9280d6aff42059e4809b491ee93ca03def4c9,884245c59263495348be2749429ecc71
DS109j,4.2-3256,https://global.download.synology.com/download/DSM/release/4.2/3256/DSM_DS109j_3256.pat,DSM_DS109j_3256.pat,2016-05-06 00:00:00,133857280,30217b9221b9161b9e3535a3bdd4fd2d545586cf,bf597baacb269062bde24600d8c44daa
DS107,3.1-1639,https://global.download.synology.com/download/DSM/release/3.1/1639/DSM_DS107_1639.pat,DSM_DS107_1639.pat,2014-09-10 00:00:00,157767680,7e73b754af7b27f4cc4960bca9ff065e595cbfb5,49abbd2cdde80998b305df7eb79fe5c9
DS107e,3.1-1639,https://global.download.synology.com/download/DSM/release/3.1/1639/DSM_DS107e_1639.pat,DSM_DS107e_1639.pat,2014-09-10 00:00:00,157777920,6040b1e08bef889fb249f7c3f327203f9fbb0cd2,78dcd90a01f0d073f1ec25af95d90d14
DS107+,3.1-1639,https://global.download.synology.com/download/DSM/release/3.1/1639/DSM_DS107%2B_1639.pat,DSM_DS107%2B_1639.pat,2014-09-10 00:00:00,158504960,02d7b9fa6fc41dcb91316bc56a0a58366419c8a5,70e5266dfdc6986bb0aa607260271813
DS214,6.1-15047,https://global.download.synology.com/download/DSM/release/6.1/15047/DSM_DS214_15047.pat,DSM_DS214_15047.pat,2017-02-21 00:00:00,170833920,99279f9e613371a2ff03ae6ff35b2ec907181077,08530a37457da66709999e9aa6efe183
DS214+,6.1-15047,https://global.download.synology.com/download/DSM/release/6.1/15047/DSM_DS214%2B_15047.pat,DSM_DS214%2B_15047.pat,2017-02-21 00:00:00,170854400,a0d02f8c37002edc58acca0983fb0a13fca3f25c,825ca8eb29cf2167ab6671348b4aaf25
DS216se,6.1-15047,https://global.download.synology.com/download/DSM/release/6.1/15047/DSM_DS216se_15047.pat,DSM_DS216se_15047.pat,2017-02-21 00:00:00,170311680,ed2a4c5acc9d3177a2bd7b5301d742f738806fce,d453b7868c090d3daa70385c55e2fb92
DS215+,6.1-15047,https://global.download.synology.com/download/DSM/release/6.1/15047/DSM_DS215%2B_15047.pat,DSM_DS215%2B_15047.pat,2017-02-21 00:00:00,177879040,c1001e4efe7063e99391c10350eefcc64ed0ce49,b47921e43ae0e227613f728c81dd6bd4
DS112j,6.1-15047,https://global.download.synology.com/download/DSM/release/6.1/15047/DSM_DS112j_15047.pat,DSM_DS112j_15047.pat,2017-02-21 00:00:00,179640320,2dde5a1f14582437af6f5122f10474f59ee0354b,a1d85773c1b4395a8e9416d172717869
RS214,6.1-15047,https://global.download.synology.com/download/DSM/release/6.1/15047/DSM_RS214_15047.pat,DSM_RS214_15047.pat,2017-02-21 00:00:00,170424320,bca33e584cfc9dcb3fdf76b0948ad884db71a59d,55f15155eec4406eea1dd77465a957e3
DS112+,6.1-15047,https://global.download.synology.com/download/DSM/release/6.1/15047/DSM_DS112%2B_15047.pat,DSM_DS112%2B_15047.pat,2017-02-21 00:00:00,179660800,40cc59b836d4b1e383a5851060ed63f649fced18,d4726dd95c694b1c3e6605e51b29f714
DS110+,5.2-5967,https://global.download.synology.com/download/DSM/release/5.2/5967/DSM_DS110%2B_5967.pat,DSM_DS110%2B_5967.pat,2016-04-28 00:00:00,168304640,32c06b472a2d2042b388c517785d4f69e6d5f1b5,36cc75611d8fd40179d1277512e3dfc9
DS215j,6.1-15047,https://global.download.synology.com/download/DSM/release/6.1/15047/DSM_DS215j_15047.pat,DSM_DS215j_15047.pat,2017-02-21 00:00:00,171356160,3ebcef991be38c54dcf588ff1c4fc7dfe5ce3698,46865a670ba22646fae37d9891cd734e
DS216j,6.1-15047,https://global.download.synology.com/download/DSM/release/6.1/15047/DSM_DS216j_15047.pat,DSM_DS216j_15047.pat,2017-02-21 00:00:00,189480960,ed1e5bf139e8c51fffacb54e47355c48f1aecfdd,0e2c3111fac892b453dc767e2b410e2d
DS112,6.1-15047,https://global.download.synology.com/download/DSM/release/6.1/15047/DSM_DS112_15047.pat,DSM_DS112_15047.pat,2017-02-21 00:00:00,179660800,8874dfbb4854170692c7bec73b794e4173a427bd,361246fa9590d3762d3b763a3896dd90
DS214se,6.1-15047,https://global.download.synology.com/download/DSM/release/6.1/15047/DSM_DS214se_15047.pat,DSM_DS214se_15047.pat,2017-02-21 00:00:00,170424320,21a84eefddbac9b08844fd983d8cd69fc0e12408,d88fbbb2767ea0ac3066fbaca3cce4e2
DS715,6.1-15047,https://global.download.synology.com/download/DSM/release/6.1/15047/DSM_DS715_15047.pat,DSM_DS715_15047.pat,2017-02-21 00:00:00,183541760,5a2d31382c056a69837f176a603c7b0948b60305,a938dafdc68dc4cbc1db30f9b99cc834
DS110j,5.2-5967,https://global.download.synology.com/download/DSM/release/5.2/5967/DSM_DS110j_5967.pat,DSM_DS110j_5967.pat,2016-04-28 00:00:00,168243200,16cd68be69b32d4a20508ea5ec4131e7598beedf,344b3c7daf515b709c0b4d370a7dc62a
RS212,6.1-15047,https://global.download.synology.com/download/DSM/release/6.1/15047/DSM_RS212_15047.pat,DSM_RS212_15047.pat,2017-02-21 00:00:00,180152320,eb4b329aa6c012709145531d9ae1f07ba6392881,c5620ab614cbba0ff721578b77d509c2
RS217,6.1-15047,https://global.download.synology.com/download/DSM/release/6.1/15047/DSM_RS217_15047.pat,DSM_RS217_15047.pat,2017-02-21 00:00:00,189501440,e41343589957abaa0d192986dc37dd6bb6df0830,5ecbb9a39f2a0b4c6aac7910e7edbd65
DS216,6.1-15047,https://global.download.synology.com/download/DSM/release/6.1/15047/DSM_DS216_15047.pat,DSM_DS216_15047.pat,2017-02-21 00:00:00,189491200,06bec335d3c3f9b0fc365132933e5bd801f3df65,cccace57174e10e0fcb7e40b9d5cfe74
DS716+II,6.1-15047,https://global.download.synology.com/download/DSM/release/6.1/15047/DSM_DS716%2BII_15047.pat,DSM_DS716%2BII_15047.pat,2017-02-21 00:00:00,213329920,12821711f22b8d1de5ae906232b8ef6c7cc19297,36b795532c10fd137b10785d11fb6f4f
DS214play,6.1-15047,https://global.download.synology.com/download/DSM/release/6.1/15047/DSM_DS214play_15047.pat,DSM_DS214play_15047.pat,2017-02-21 00:00:00,209960960,1318262a810f4a8ff74f83e1fc069ecf6a5af4f5,7c91b3630791a38c37a4d098dee5e04d
DS213+,6.1-15047,https://global.download.synology.com/download/DSM/release/6.1/15047/DSM_DS213%2B_15047.pat,DSM_DS213%2B_15047.pat,2017-02-21 00:00:00,182661120,f3954f5ef2aae20ff430201662dc77f30c3a16eb,4f54704f123889188dda9925e3f63914
DS111,6.1-15047,https://global.download.synology.com/download/DSM/release/6.1/15047/DSM_DS111_15047.pat,DSM_DS111_15047.pat,2017-02-21 00:00:00,179640320,3de625cca9b510a8955db39dec6125aba26b09d8,47d1a94b225c1dbe8db0886f726cfdf4
DS716+,6.1-15047,https://global.download.synology.com/download/DSM/release/6.1/15047/DSM_DS716%2B_15047.pat,DSM_DS716%2B_15047.pat,2017-02-21 00:00:00,213340160,af78ac5246187acc5c1818e583a8f85f59b4be52,77cdcfb4b8989bf69b2e9ab57b6db1d8
DS216play,6.1-15047,https://global.download.synology.com/download/DSM/release/6.1/15047/DSM_DS216play_15047.pat,DSM_DS216play_15047.pat,2017-02-21 00:00:00,209838080,95243286c138ae92b9c3bce2d2aca162f89dc453,7b3c2c03f2fcb9bf3244f6c00549f354
DS216+II,6.1-15047,https://global.download.synology.com/download/DSM/release/6.1/15047/DSM_DS216%2BII_15047.pat,DSM_DS216%2BII_15047.pat,2017-02-21 00:00:00,213309440,f3ac909ed4f1ab34e5abcb051a5d88f63466ef5a,a82e31cc1864c2525e69799c804d1f2d
DS213,6.1-15047,https://global.download.synology.com/download/DSM/release/6.1/15047/DSM_DS213_15047.pat,DSM_DS213_15047.pat,2017-02-21 00:00:00,182630400,8ccd78d08c0efb988e8b0ccd135544f946f3089c,e0f3346fc8a8c1ae9a91461fce73341e
DS216+,6.1-15047,https://global.download.synology.com/download/DSM/release/6.1/15047/DSM_DS216%2B_15047.pat,DSM_DS216%2B_15047.pat,2017-02-21 00:00:00,215961600,85cb58f2e2dc6e6f6a3c81f27ce67bd5c1747a4f,3988ce6333482a87dc2636634346d348
DS114,6.1-15047,https://global.download.synology.com/download/DSM/release/6.1/15047/DSM_DS114_15047.pat,DSM_DS114_15047.pat,2017-02-21 00:00:00,169973760,d9388fd7d01a1e5e44a07765439142804af264a9,e3f5da32d2484e2e866d5edb80ab5db8
DS713+,6.1-15047,https://global.download.synology.com/download/DSM/release/6.1/15047/DSM_DS713%2B_15047.pat,DSM_DS713%2B_15047.pat,2017-02-21 00:00:00,214200320,1a659e30f158ec32b672865b10267553b62ffb12,2a4514dbfc13dce2bdfa71840e3bb3ce
DS115,6.1-15047,https://global.download.synology.com/download/DSM/release/6.1/15047/DSM_DS115_15047.pat,DSM_DS115_15047.pat,2017-02-21 00:00:00,170895360,0f174135c986db87c512240059028820cd114620,103e51f75215d2ed90760d66c9e3c52f
DS213air,6.1-15047,https://global.download.synology.com/download/DSM/release/6.1/15047/DSM_DS213air_15047.pat,DSM_DS213air_15047.pat,2017-02-21 00:00:00,183521280,a57129c7afe6a5095c1551a90ee0f95aeacaf615,9b7b58d3f3b4993089360c89460a2c0b
DS115j,6.1-15047,https://global.download.synology.com/download/DSM/release/6.1/15047/DSM_DS115j_15047.pat,DSM_DS115j_15051.pat,2017-02-21 00:00:00,169994240,fae8048a246f666066fc8d38a3e79998e1b3bd1e,0267715249043ca15ba6b9bcafca8561
DS213j,6.1-15047,https://global.download.synology.com/download/DSM/release/6.1/15047/DSM_DS213j_15047.pat,DSM_DS213j_15047.pat,2017-02-21 00:00:00,170434560,7356fc4ce0b2c18f367e6274926de7c57f011abc,ee7bc79d3c69ccd5426da8c094e37400
DS209,4.2-3256,https://global.download.synology.com/download/DSM/release/4.2/3256/DSM_DS209_3256.pat,DSM_DS209_3256.pat,2016-05-06 00:00:00,110919680,315096e29949a12409ada3a51d4cebc5d0b315c3,d5ce2441c814e1036cb475243d6deb3c
DS209+,4.2-3256,https://global.download.synology.com/download/DSM/release/4.2/3256/DSM_DS209%2B_3256.pat,DSM_DS209%2B_3256.pat,2016-05-06 00:00:00,113244160,51c46a61c95439bfc95a5330a707971378a4d8fb,c00ab095f7672d88aa726a489013cbc4
DS212,6.1-15047,https://global.download.synology.com/download/DSM/release/6.1/15047/DSM_DS212_15047.pat,DSM_DS212_15047.pat,2017-02-21 00:00:00,180142080,27830ae1e4e7f042d59d96eb77ddc7379cba1913,604e1d8fa1bb89764e11e274394aac35
DS212+,6.1-15047,https://global.download.synology.com/download/DSM/release/6.1/15047/DSM_DS212%2B_15047.pat,DSM_DS212%2B_15047.pat,2017-02-21 00:00:00,180152320,51439023c2045b94574219e3fc1d07133da46801,d9d6b3087d1380b20233c51eda6e9f65
DS212j,6.1-15047,https://global.download.synology.com/download/DSM/release/6.1/15047/DSM_DS212j_15047.pat,DSM_DS212j_15047.pat,2017-02-21 00:00:00,180613120,b6539bb0b028b1a6c6577a73d9f33043bbaf4591,7f4bd2e579b5e08237a925aa5ccfa1f2
RS-406,2.0-0731,https://global.download.synology.com/download/DSM/release/2.0/0731/DSM_RS-406_0731.zip,DSM_RS-406_0731.zip,2009-01-19 00:00:00,76063296,2f7d7539f4fe931cbb1c0712171fbdd0aa503e0d,78e296e848d91ef49f508e24d8519692
DS209+II,4.2-3256,https://global.download.synology.com/download/DSM/release/4.2/3256/DSM_DS209%2BII_3256.pat,DSM_DS209%2BII_3256.pat,2016-05-06 00:00:00,113244160,c642a2cd367aefbd63d8f4c90ca4295cf66d44bb,8559a759cd0ef5a25559d717ff6a90b4
DS209j,4.2-3256,https://global.download.synology.com/download/DSM/release/4.2/3256/DSM_DS209j_3256.pat,DSM_DS209j_3256.pat,2016-05-06 00:00:00,140195840,cd4c3fb162ca9bdca649d9ef14530735c0dae9e8,d3cca19adeb4f68ddbb211abf05a7711
RS409+,4.2-3256,https://global.download.synology.com/download/DSM/release/4.2/3256/DSM_RS409%2B_3256.pat,DSM_RS409%2B_3256.pat,2016-05-06 00:00:00,113244160,6c62ee269b76ec7b6a9e532ae414525690c083b0,8012996adec8a6d356f8b02a528c982c
RS409,4.2-3256,https://global.download.synology.com/download/DSM/release/4.2/3256/DSM_RS409_3256.pat,DSM_RS409_3256.pat,2016-05-06 00:00:00,110929920,751135cebb45b549bc31974b972392b310b98096,67ff5dbb11db97d9565b91853842968c
RS409RP+,4.2-3256,https://global.download.synology.com/download/DSM/release/4.2/3256/DSM_RS409RP%2B_3256.pat,DSM_RS409RP%2B_3256.pat,2016-05-06 00:00:00,113233920,f720853fcf5c00ec6f6a35481dfa1df0d91f118c,43d9d03ce924e3223f9f0433cf0c965d
DS211,6.1-15047,https://global.download.synology.com/download/DSM/release/6.1/15047/DSM_DS211_15047.pat,DSM_DS211_15047.pat,2017-02-21 00:00:00,180152320,9a294466c02a0b3e7f0a3023a40e533d06f64d2b,32f1b4e4da306e07ecb4c2a0c974abe0
DS211+,6.1-15047,https://global.download.synology.com/download/DSM/release/6.1/15047/DSM_DS211%2B_15047.pat,DSM_DS211%2B_15047.pat,2017-02-21 00:00:00,180152320,ae2ade7c90fe73c0627a95b14162486457ce57d8,e58bc7ab39a4d64510a16422362bee72
DS207+,3.1-1639,https://global.download.synology.com/download/DSM/release/3.1/1639/DSM_DS207%2B_1639.pat,DSM_DS207%2B_1639.pat,2014-09-10 00:00:00,159129600,706d74c2ce63a5fbbcfce1e27983b835d63e857a,67c05f21038188e1bb324fecfcb2a8aa
DS211j,6.1-15047,https://global.download.synology.com/download/DSM/release/6.1/15047/DSM_DS211j_15047.pat,DSM_DS211j_15047.pat,2017-02-21 00:00:00,180152320,08782952d4c60dc8400d0a9ce60b37a4b7d97c4c,78fa6e6172c18f912c7bc65a2edb7566
DS207,3.1-1639,https://global.download.synology.com/download/DSM/release/3.1/1639/DSM_DS207_1639.pat,DSM_DS207_1639.pat,2014-09-10 00:00:00,162611200,a510728bdfac15e2836d5105bedb84d85d23dea9,743be18a901d395a2f5f53766721edc8
DS210+,5.2-5967,https://global.download.synology.com/download/DSM/release/5.2/5967/DSM_DS210%2B_5967.pat,DSM_DS210%2B_5967.pat,2016-04-28 00:00:00,168458240,d3d298a8303cb736533ca77325d856dcc7c0e0e5,edc75efb1a9911e1e1768ab604bd31f6
RS408,4.0-2265,https://global.download.synology.com/download/DSM/release/4.0/2265/DSM_RS408_2265.pat,DSM_RS408_2265.pat,2014-09-10 00:00:00,131287040,7d4bd69ebf3b202e7b8fe596531b813b106f97ae,c21c9cd7b5cf38da123dd25984c1356d
DS210j,5.2-5967,https://global.download.synology.com/download/DSM/release/5.2/5967/DSM_DS210j_5967.pat,DSM_DS210j_5967.pat,2016-04-28 00:00:00,168366080,d9ff2d49af4300ed5c7f6463d802459cf3142c6d,17216448ada2c0c08d366b73d65a80de
RS408RP,4.0-2265,https://global.download.synology.com/download/DSM/release/4.0/2265/DSM_RS408RP_2265.pat,DSM_RS408RP_2265.pat,2014-09-10 00:00:00,131297280,63894231af46826121e661fa51b98e3a1fec8716,d77cb76f49b21ca23f1c424dac0ced92
DS710+,5.2-5967,https://global.download.synology.com/download/DSM/release/5.2/5967/DSM_DS710%2B_5967.pat,DSM_DS710%2B_5967.pat,2016-04-28 00:00:00,195194880,e224d00e4f10d3de5aa9266aa4e42846df11f9e1,691be2c96610578493727a2ebe83a944
DS712+,6.1-15047,https://global.download.synology.com/download/DSM/release/6.1/15047/DSM_DS712%2B_15047.pat,DSM_DS712%2B_15047.pat,2017-02-21 00:00:00,200069120,c9a993868ee0041866cfd7aa0c49912008621450,243e72f02466def4af60902a04219dcd
RS814,6.1-15047,https://global.download.synology.com/download/DSM/release/6.1/15047/DSM_RS814_15047.pat,DSM_RS814_15047.pat,2017-02-21 00:00:00,170844160,4bd711c73c1b3f65794390a3440cb48ff953f09e,2b6eafc7b744041174830133897c6202
RS816,6.1-15047,https://global.download.synology.com/download/DSM/release/6.1/15047/DSM_RS816_15047.pat,DSM_RS816_15047.pat,2017-02-21 00:00:00,189491200,adc2fcf321d260f23dbb4fccd21f0ba36a465786,fecbff8667276d2be0441d0ca9241124
RS815,6.1-15047,https://global.download.synology.com/download/DSM/release/6.1/15047/DSM_RS815_15047.pat,DSM_RS815_15047.pat,2017-02-21 00:00:00,170844160,6bd835558d6bd4ffc007eee16796c0119b4c31fc,675616548b4e8915d60f96a8007c82fd
RS411,6.1-15047,https://global.download.synology.com/download/DSM/release/6.1/15047/DSM_RS411_15047.pat,DSM_RS411_15047.pat,2017-02-21 00:00:00,180152320,ee67f314ccfe93939387537564d9f2be1fa4686a,4f9ceefbc87232355f7552343e161c2f
RS407,3.1-1639,https://global.download.synology.com/download/DSM/release/3.1/1639/DSM_RS407_1639.pat,DSM_RS407_1639.pat,2014-09-10 00:00:00,159139840,0180bee7b10e41265667490e2db2b05b00d07763,b7f6c4ee81c5e8098ce5c198a83358fa
RS812,6.1-15047,https://global.download.synology.com/download/DSM/release/6.1/15047/DSM_RS812_15047.pat,DSM_RS812_15047.pat,2017-02-21 00:00:00,180142080,fa5464d7391e26a5d13742cedae10ae3d42df491,a18335fec75e319f8b65daa457e34eda
RS810+,5.2-5967,https://global.download.synology.com/download/DSM/release/5.2/5967/DSM_RS810%2B_5967.pat,DSM_RS810%2B_5967.pat,2016-04-28 00:00:00,195194880,a7d31e35ac4241e77be45aeee259af9b6cb17c08,f520d3af7e021112ac7cc8f9ae150b7d
RS810RP+,5.2-5967,https://global.download.synology.com/download/DSM/release/5.2/5967/DSM_RS810RP%2B_5967.pat,DSM_RS810RP%2B_5967.pat,2016-04-28 00:00:00,195184640,27392f75f2e1504d096cfe51c48d95978933a877,c7d00a0da3ec58d264c5e0b6bd9ec4b9
RS815RP+,6.1-15047,https://global.download.synology.com/download/DSM/release/6.1/15047/DSM_RS815RP%2B_15047.pat,DSM_RS815RP%2B_15047.pat,2017-02-21 00:00:00,223518720,8d98debea0f83650a0cd45c1c5b1c3978ce148bc,700f39a983bbfd2534840188f8b16d9f
CS-406,2.0-0731,https://global.download.synology.com/download/DSM/release/2.0/0731/DSM_CS-406_0731.zip,DSM_CS-406_0731.zip,2009-01-19 00:00:00,76057120,6a3393679d9c914dcfb6653350aec7a95c4756b6,c6f2c516e901998fec23f900b218f76e
RS814RP+,6.1-15047,https://global.download.synology.com/download/DSM/release/6.1/15047/DSM_RS814RP%2B_15047.pat,DSM_RS814RP%2B_15047.pat,2017-02-21 00:00:00,214200320,07431d60fe1d2693d7f1faf5921151d2cc0d86e9,22b9216678c308109e77030d783e9d0c
CS-406e,2.0-0731,https://global.download.synology.com/download/DSM/release/2.0/0731/DSM_CS-406e_0731.zip,DSM_CS-406e_0731.zip,2009-01-19 00:00:00,76058599,25cc7d9b3aaa35878500ac7316e7f87ca2c88185,e04fbd25a2aa049fa80eed5d829bd808
DS416,6.1-15047,https://global.download.synology.com/download/DSM/release/6.1/15047/DSM_DS416_15047.pat,DSM_DS416_15047.pat,2017-02-21 00:00:00,177879040,3548b7d2f9ca35bddca0c98656c071001d2e1df2,7ab0c5ad719fc25d7fea39e732811a81
RS814+,6.1-15047,https://global.download.synology.com/download/DSM/release/6.1/15047/DSM_RS814%2B_15047.pat,DSM_RS814%2B_15047.pat,2017-02-21 00:00:00,214200320,8b6c098a33729f7068b323819e6a25606c756b41,bf7156fe42a67355d2954a48531a9f45
RS812+,6.1-15047,https://global.download.synology.com/download/DSM/release/6.1/15047/DSM_RS812%2B_15047.pat,DSM_RS812%2B_15047.pat,2017-02-21 00:00:00,214200320,3dae437c28b24ab5d80ee0e2de731c2bcaf4e230,6c8784f6e99ab7482a1541cf83c26794
DS409,4.2-3256,https://global.download.synology.com/download/DSM/release/4.2/3256/DSM_DS409_3256.pat,DSM_DS409_3256.pat,2016-05-06 00:00:00,110940160,f5d7200c726e4fdee6a3ae8636304346838e383a,e02ccd91ebb8cf2f08a97d597f539f0e
RS812RP+,6.1-15047,https://global.download.synology.com/download/DSM/release/6.1/15047/DSM_RS812RP%2B_15047.pat,DSM_RS812RP%2B_15047.pat,2017-02-21 00:00:00,214210560,90dad02f3e4a8705d414e6a7978e17e18ea03720,bb46fb75698a24debdb6ba44932bee64
DS409slim,4.2-3256,https://global.download.synology.com/download/DSM/release/4.2/3256/DSM_DS409slim_3256.pat,DSM_DS409slim_3256.pat,2016-05-06 00:00:00,110940160,d4d3ef2173a1c44b67da683631d96e33cdedbbcf,283a8ba0fbd1902b63d9bf251adda274
DS409+,4.2-3256,https://global.download.synology.com/download/DSM/release/4.2/3256/DSM_DS409%2B_3256.pat,DSM_DS409%2B_3256.pat,2016-05-06 00:00:00,113233920,a3f9430c5fbd8612561d13565dc70c7ed2e12668,a8fadada27a1bb96045f1e7e7a894ecf
DS916+,6.1-15047,https://global.download.synology.com/download/DSM/release/6.1/15047/DSM_DS916%2B_15047.pat,DSM_DS916%2B_15047.pat,2017-02-21 00:00:00,213309440,5a5adb65d569aba845c142eb9a56e371a3a3801b,70a457fc8186ce7f9d7b960bcb83c856
DS414slim,6.1-15047,https://global.download.synology.com/download/DSM/release/6.1/15047/DSM_DS414slim_15047.pat,DSM_DS414slim_15047.pat,2017-02-21 00:00:00,170434560,9277711d682765d15774cab2e7b7c576ad98355d,7139cc12b4162fe44040e78c0a3a0f9d
DS414j,6.1-15047,https://global.download.synology.com/download/DSM/release/6.1/15047/DSM_DS414j_15047.pat,DSM_DS414j_15047.pat,2017-02-21 00:00:00,174366720,0165b766bb72ec9c36800201157f8416d396b016,fc971d325158b5e7f7225f2b71232d78
DS408,4.0-2265,https://global.download.synology.com/download/DSM/release/4.0/2265/DSM_DS408_2265.pat,DSM_DS408_2265.pat,2014-09-10 00:00:00,131276800,8cd5b23e6dd002c4f89bf3a620c9ea0fd8e455b7,3597df5f60446be60a7b030c566cb251
DS414,6.1-15047,https://global.download.synology.com/download/DSM/release/6.1/15047/DSM_DS414_15047.pat,DSM_DS414_15047.pat,2017-02-21 00:00:00,171683840,af11be99a7d297b938f5b0a5346efd547e5977ba,2e25550465d1d09a731ba8800c408180
DS116,6.1-15047,https://global.download.synology.com/download/DSM/release/6.1/15047/DSM_DS116_15047.pat,DSM_DS116_15047.pat,2017-02-21 00:00:00,188999680,8e0fc9f4aa81723178ba8ce57cf2261e1941ed14,7f74dd8831f2cd4926fa0d770a2bb132
DS416j,6.1-15047,https://global.download.synology.com/download/DSM/release/6.1/15047/DSM_DS416j_15047.pat,DSM_DS416j_15047.pat,2017-02-21 00:00:00,189470720,34e8411ad20fdffc073ff1a25ebcb18e8d912cb0,7246e7275652b47dd09e1162c1b6d4d2
DS416slim,6.1-15047,https://global.download.synology.com/download/DSM/release/6.1/15047/DSM_DS416slim_15047.pat,DSM_DS416slim_15047.pat,2017-02-21 00:00:00,189480960,1ab816ba4d78faba19e37aeb7fb93029df5412b6,5d36fbf4af95ca9f89d3cafc67617db7
DS416play,6.1-15047,https://global.download.synology.com/download/DSM/release/6.1/15047/DSM_DS416play_15047.pat,DSM_DS416play_15047.pat,2017-02-21 00:00:00,213329920,b42741bea1e8c6353be4163c474d9197a1e72b49,41164e9b030e131e43b7d4f90bc641f0
DS413,6.1-15047,https://global.download.synology.com/download/DSM/release/6.1/15047/DSM_DS413_15047.pat,DSM_DS413_15047.pat,2017-02-21 00:00:00,182671360,cd6b7ef9b832e0aed7f23e4e28f80842dede82e7,1fb68f4092fc944b1abf22f9fc18ef62
CS407,3.1-1639,https://global.download.synology.com/download/DSM/release/3.1/1639/DSM_CS407_1639.pat,DSM_CS407_1639.pat,2014-09-10 00:00:00,159119360,5f2b85e72925d02f3e2f5c0c4de2182fe958c1d0,5813d03ba10dfe7826f155ae52ebc20e
DS413j,6.1-15047,https://global.download.synology.com/download/DSM/release/6.1/15047/DSM_DS413j_15047.pat,DSM_DS413j_15047.pat,2017-02-21 00:00:00,182640640,e4b076cc1e23858d70e98f1a5f6804a099490602,733a2b0c53a9c36f04b040507f46c6af
CS407e,3.1-1639,https://global.download.synology.com/download/DSM/release/3.1/1639/DSM_CS407e_1639.pat,DSM_CS407e_1639.pat,2014-09-10 00:00:00,162631680,8012c74fd4d2f9a0e7ebeac9982ee5d284430f94,4637390dca3938c3dc26d2c6fc671d77
DS411slim,6.1-15047,https://global.download.synology.com/download/DSM/release/6.1/15047/DSM_DS411slim_15047.pat,DSM_DS411slim_15047.pat,2017-02-21 00:00:00,180162560,c7162fa2d1df0e92530a41942b1524a70800c9e9,6f01293d3707d2f9a8a5ae2d240c00f8
DS410,5.2-5967,https://global.download.synology.com/download/DSM/release/5.2/5967/DSM_DS410_5967.pat,DSM_DS410_5967.pat,2016-04-28 00:00:00,168458240,aa59137e60bcf07592848edd8ab879d205be7939,6ce455823ad7d731b9567157c2e623f2
DS410j,5.2-5967,https://global.download.synology.com/download/DSM/release/5.2/5967/DSM_DS410j_5967.pat,DSM_DS410j_5967.pat,2016-04-28 00:00:00,168376320,fffedfbe7ae03ff733dfe4c5152352c947ec351e,77f7e949082e7240e60ea7900692df82
RS815+,6.1-15047,https://global.download.synology.com/download/DSM/release/6.1/15047/DSM_RS815%2B_15047.pat,DSM_RS815%2B_15047.pat,2017-02-21 00:00:00,223508480,c5cf7a1f1a5a4ce65ba1e813c15cd96dfc9c966c,e0a7a488b50fed954ca9a4827ec9957e
DS411,6.1-15047,https://global.download.synology.com/download/DSM/release/6.1/15047/DSM_DS411_15047.pat,DSM_DS411_15047.pat,2017-02-21 00:00:00,180142080,39ccdce346b84c54c7c439863a5f5f6627ed3b80,2e7239833fbcb01505b8540864da61de
DS415+,6.1-15047,https://global.download.synology.com/download/DSM/release/6.1/15047/DSM_DS415%2B_15047.pat,DSM_DS415%2B_15047.pat,2017-02-21 00:00:00,223488000,12a333e06b133854bdd85ba4c9b7fc73f2b4897a,0c58c6932f88ded90c39a85e669fad5f
DS411j,6.1-15047,https://global.download.synology.com/download/DSM/release/6.1/15047/DSM_DS411j_15047.pat,DSM_DS411j_15047.pat,2017-02-21 00:00:00,180152320,bcddd0ec2d2b41779f47788f496e5413ba1edad6,f9bc3270c8454db091aef3088bffac6f
DS411+II,6.1-15047,https://global.download.synology.com/download/DSM/release/6.1/15047/DSM_DS411%2BII_15047.pat,DSM_DS411%2BII_15047.pat,2017-02-21 00:00:00,199925760,4f67d6a14114012fae025b91ba79eaaf2f619a4c,5a7cab10d8283473582335dea2940e0d
DS411+,6.1-15047,https://global.download.synology.com/download/DSM/release/6.1/15047/DSM_DS411%2B_15047.pat,DSM_DS411%2B_15047.pat,2017-02-21 00:00:00,199936000,a4fbca9562ef383f3ee00c90132c98db3bcdb89d,74f73e408ea7e0beb6b3620ea383d9f6
DS415play,6.1-15047,https://global.download.synology.com/download/DSM/release/6.1/15047/DSM_DS415play_15047.pat,DSM_DS415play_15047.pat,2017-02-21 00:00:00,209971200,0eaa80ff6dcf81a55a453fafa1a330971e4e8060,27d764d3d07adcf23e45fabe22a5bc0c
DS412+,6.1-15047,https://global.download.synology.com/download/DSM/release/6.1/15047/DSM_DS412%2B_15047.pat,DSM_DS412%2B_15047.pat,2017-02-21 00:00:00,214200320,c77f2bb1393e24a9d34ea98a356664066a570460,f6879719314824b2d8890ca7a5ffefd2
DS1515,6.1-15047,https://global.download.synology.com/download/DSM/release/6.1/15047/DSM_DS1515_15047.pat,DSM_DS1515_15047.pat,2017-02-21 00:00:00,182958080,aef70b9130038568d85d4fe007e00b1f3690882e,a0f84d877f57c4448e32e9a5451d382e
DS509+,4.2-3256,https://global.download.synology.com/download/DSM/release/4.2/3256/DSM_DS509%2B_3256.pat,DSM_DS509%2B_3256.pat,2016-05-06 00:00:00,113233920,b02b483bbb1ec2e7f33d71934aae54dd9d3b7292,0ce2d95e4e3b92b9cf16e73c291586cd
DS508,4.0-2265,https://global.download.synology.com/download/DSM/release/4.0/2265/DSM_DS508_2265.pat,DSM_DS508_2265.pat,2014-09-10 00:00:00,131276800,4abb293ffdd36d20c7d4b41a03495efdac7e66a3,cd97670befb9306a31a706872ab070f6
DS1513+,6.1-15047,https://global.download.synology.com/download/DSM/release/6.1/15047/DSM_DS1513%2B_15047.pat,DSM_DS1513%2B_15047.pat,2017-02-21 00:00:00,212080640,9c4220d70e9b00b2307525e566e9572a632e6ef2,368fe959bdbbb6aeacf6de6b13798c9f
DS1515+,6.1-15047,https://global.download.synology.com/download/DSM/release/6.1/15047/DSM_DS1515%2B_15047.pat,DSM_DS1515%2B_15047.pat,2017-02-21 00:00:00,223488000,41cb5acf346c3b0d6fee02f443ee6afbfa054160,5f74559d14f3bbb14850b900001fb836
DS1010+,5.2-5967,https://global.download.synology.com/download/DSM/release/5.2/5967/DSM_DS1010%2B_5967.pat,DSM_DS1010%2B_5967.pat,2016-04-28 00:00:00,195194880,fa220863dcf96c6fdac0fcd68527df0e72df12c7,d182d115d1617f53fc6011cbe4a9f7f8
VS360HD,4.1.0-4207,https://global.download.synology.com/download/VSF/release/4.1/4207/VS360HD_4207.pat,VS360HD_4207.pat,2017-01-18 00:00:00,69652480,5ae02bf9b5f3953fbd7360d8d1dcfe805bc4b64e,2fc597ee2dc47726f866e106b897aab2
RS2211+,6.1-15047,https://global.download.synology.com/download/DSM/release/6.1/15047/DSM_RS2211%2B_15047.pat,DSM_RS2211%2B_15047.pat,2017-02-21 00:00:00,199925760,59eab4cb092157e33dc1c7bfd2bbbdeae38284f0,4fb09e51e1ecc33ce35bcbc163feb046
DS1812+,6.1-15047,https://global.download.synology.com/download/DSM/release/6.1/15047/DSM_DS1812%2B_15047.pat,DSM_DS1812%2B_15047.pat,2017-02-21 00:00:00,212080640,6bd4d185ff0361e51b2b8e0653598f09de50cbb8,2bebce97e40ded2b123d2e3f907adc30
DS1813+,6.1-15047,https://global.download.synology.com/download/DSM/release/6.1/15047/DSM_DS1813%2B_15047.pat,DSM_DS1813%2B_15047.pat,2017-02-21 00:00:00,212101120,2e00fb0eb86bb468f626f953a6a1a7a1028c2f3a,4f4373bd61bf38b22d1ab4d9b02a3ea2
RS3617xs+,6.1-15047,https://global.download.synology.com/download/DSM/release/6.1/15047/DSM_RS3617xs%2B_15047.pat,DSM_RS3617xs%2B_15047.pat,2017-02-21 00:00:00,226754560,e64799bc9f85b3c73cb3b399a72918c051079b8d,40b9e8067897204a116c4f4aa4fea31b
RS2211RP+,6.1-15047,https://global.download.synology.com/download/DSM/release/6.1/15047/DSM_RS2211RP%2B_15047.pat,DSM_RS2211RP%2B_15047.pat,2017-02-21 00:00:00,199925760,b2405eed5bc0a01093f0a9f5b26390c007726d22,192af8a7c709c646604214692b528185
RS2416RP+,6.1-15047,https://global.download.synology.com/download/DSM/release/6.1/15047/DSM_RS2416RP%2B_15047.pat,DSM_RS2416RP%2B_15047.pat,2017-02-21 00:00:00,223488000,6a26cf1ae7b3209307e6a4d7b9204b15ef8f3680,beafe22a6b7d4bea9cc94a677f96a038
DS2015xs,6.1-15047,https://global.download.synology.com/download/DSM/release/6.1/15047/DSM_DS2015xs_15047.pat,DSM_DS2015xs_15047.pat,2017-02-21 00:00:00,181903360,b8e7a3a2b4c4152ea454a717519ee525071b0da9,410d551f2b349eb817702ecdb46749dd
RS3617RPxs,6.1-15047,https://global.download.synology.com/download/DSM/release/6.1/15047/DSM_RS3617RPxs_15047.pat,DSM_RS3617RPxs_15047.pat,2017-02-21 00:00:00,226785280,cbeb0020a6031aaf05760da85cf2ecfe0f5870d4,fad307512119ab90b289f768a44a819f
VS80,1.3-0316,https://global.download.synology.com/download/VSF/release/1.3/0316/VS80_0316.pat,VS80_0316.pat,2013-02-07 00:00:00,16076800,556060be659e7b7c2cea55ceb93bfe34e38e0964,708282b955bdd1e4964fecb7b804edcb
RS3617xs,6.1-15047,https://global.download.synology.com/download/DSM/release/6.1/15047/DSM_RS3617xs_15047.pat,DSM_RS3617xs_15047.pat,2017-02-21 00:00:00,225372160,753af57f8a83f0c736dfd79dd00c8ba1aad38386,5d841481f23057539e34625329191f8f
VS60,1.2-0145,https://global.download.synology.com/download/VSF/release/1.2/0145/VS60_0145.pat,VS60_0145.pat,2013-02-07 00:00:00,16097280,cf91e58658f119f2369093268d0404a9a6ec7580,90e8a86f2f3bb2e48b71e6e41eaf27ee
DS1511+,6.1-15047,https://global.download.synology.com/download/DSM/release/6.1/15047/DSM_DS1511%2B_15047.pat,DSM_DS1511%2B_15047.pat,2017-02-21 00:00:00,199925760,25848b20c5c5576c64a27be5fc3e00c919d1a6b8,fd4d7f7da0246ff1c633a8adcbdb766a
USB Station,1.0-1,https://global.download.synology.com/download/DSM/release/Other/0027/DSM_USB_Station_0027.zip,DSM_USB_Station_0027.zip,2007-05-02 00:00:00,3343954,029ee463c54400c7891dd6fc7818030f759ea92d,67e06eb20ef7533a81d9d9b78e4990f2
RS2414+,6.1-15047,https://global.download.synology.com/download/DSM/release/6.1/15047/DSM_RS2414%2B_15047.pat,DSM_RS2414%2B_15047.pat,2017-02-21 00:00:00,214190080,bd2a614bb8427e945c2e1785cdbadd9d9ec36d11,c5a43ac6df0c4697360b879dcfd54f07
VS240HD,2.4.0-1509,https://global.download.synology.com/download/VSF/release/2.4/1509/VS240HD_1509.pat,VS240HD_1509.pat,2016-10-21 00:00:00,83599360,3bc8f6ae28a446ea9fd4df41507ebea84368541c,5c33b67f7207d62f2b47a311d261c4f7
DS1815+,6.1-15047,https://global.download.synology.com/download/DSM/release/6.1/15047/DSM_DS1815%2B_15047.pat,DSM_DS1815%2B_15047.pat,2017-02-21 00:00:00,223488000,4bd80730fb34e093f0c539758c04135291e1f063,f2e6eb389f022caca48793fb5bcfab75
RS18016xs+,6.1-15047,https://global.download.synology.com/download/DSM/release/6.1/15047/DSM_RS18016xs%2B_15047.pat,DSM_RS18016xs%2B_15047.pat,2017-02-21 00:00:00,227205120,b4a717fa99a9c1721650309aaf05e0abfad076ea,0467b4c667ec4c6b771ef875b62cb841
RS2416+,6.1-15047,https://global.download.synology.com/download/DSM/release/6.1/15047/DSM_RS2416%2B_15047.pat,DSM_RS2416%2B_15047.pat,2017-02-21 00:00:00,223488000,5cb98554682dcbae3e3cd92d3d130ad7ba06b991,33098a3cbdd54c5bf46b597edcb0a750
RS3412xs,6.1-15047,https://global.download.synology.com/download/DSM/release/6.1/15047/DSM_RS3412xs_15047.pat,DSM_RS3412xs_15047.pat,2017-02-21 00:00:00,225003520,eb2863b022b9682852d721ce58200854efe79f4b,c1cda7abe008aeb6b4afd443485ea1de
RS2414RP+,6.1-15047,https://global.download.synology.com/download/DSM/release/6.1/15047/DSM_RS2414rp%2B_15047.pat,DSM_RS2414rp%2B_15047.pat,2017-02-21 00:00:00,214190080,4d23ec964a5b4d39becb5aa785876e4fc9f7a60f,55a7d7d3fa29998e20b5ab724464ad25
RS3413xs+,6.1-15047,https://global.download.synology.com/download/DSM/release/6.1/15047/DSM_RS3413xs%2B_15047.pat,DSM_RS3413xs%2B_15047.pat,2017-02-21 00:00:00,228003840,f54f7df63c50da3cdca16855765872afe39b79b6,48f76022957a02b8a65db30d346f2555
RS2212RP+,6.1-15047,https://global.download.synology.com/download/DSM/release/6.1/15047/DSM_RS2212RP%2B_15047.pat,DSM_RS2212RP%2B_15047.pat,2017-02-21 00:00:00,214190080,f3021de3178a1f2e757fe6510d83f82a46b5a7ff,09987cfb3ccc2c5e8d038fb8e891fc59
RS3412RPxs,6.1-15047,https://global.download.synology.com/download/DSM/release/6.1/15047/DSM_RS3412RPxs_15047.pat,DSM_RS3412RPxs_15047.pat,2017-02-21 00:00:00,225003520,529d00398906b7c572224ad5b6214f9a8cc24fef,7cf0961fd1d766f54931677fbb1bc61d
RS3614xs+,6.1-15047,https://global.download.synology.com/download/DSM/release/6.1/15047/DSM_RS3614xs%2B_15047.pat,DSM_RS3614xs%2B_15047.pat,2017-02-21 00:00:00,225372160,272f4b945f50fd00aa13593e989cb3458227a4e4,8bd6131aa3fa452c2ad5a134cb09a542
RS3614xs,6.1-15047,https://global.download.synology.com/download/DSM/release/6.1/15047/DSM_RS3614xs_15047.pat,DSM_RS3614xs_15047.pat,2017-02-21 00:00:00,226785280,54413501ecf421b03e129309fb95d7e1d1df4ebc,65038c62a1b60ffa33b7b511ae516cf3
RS3614RPxs,6.1-15047,https://global.download.synology.com/download/DSM/release/6.1/15047/DSM_RS3614RPxs_15047.pat,DSM_RS3614RPxs_15047.pat,2017-02-21 00:00:00,226785280,3f736645b82449bc8470df1c7c8118ed7a18ae55,814fa8a9f07531dc67b844d29bb66807
RS2212+,6.1-15047,https://global.download.synology.com/download/DSM/release/6.1/15047/DSM_RS2212%2B_15047.pat,DSM_RS2212%2B_15047.pat,2017-02-21 00:00:00,214200320,b8a639d7bccd1000386f88e7d4eaa5622e85b5b2,b24d2a2f382af7c45efd6232fe5d7f79
DS2415+,6.1-15047,https://global.download.synology.com/download/DSM/release/6.1/15047/DSM_DS2415%2B_15047.pat,DSM_DS2415%2B_15047.pat,2017-02-21 00:00:00,223488000,7c80469a7d05f00ade13a770c6a83522b13eb5ec,db32c2ecaedfb3e5a0fe2e309d043e0b
DS1512+,6.1-15047,https://global.download.synology.com/download/DSM/release/6.1/15047/DSM_DS1512%2B_15047.pat,DSM_DS1512%2B_15047.pat,2017-02-21 00:00:00,212101120,074294e119a0784d98ec3d60bde184ab4d127e16,56132e52a1b7abdf772bc1473ab73fd8
RS10613xs+,6.1-15047,https://global.download.synology.com/download/DSM/release/6.1/15047/DSM_RS10613xs%2B_15047.pat,DSM_RS10613xs%2B_15047.pat,2017-02-21 00:00:00,229969920,32e4924373b29b6d7f0f0aaa728c1ab3b04ee247,cd5dcfa849f75faa80a5f939a3ae1564
RS3411xs,6.1-15047,https://global.download.synology.com/download/DSM/release/6.1/15047/DSM_RS3411xs_15047.pat,DSM_RS3411xs_15047.pat,2017-02-21 00:00:00,224983040,0f1788d4b68d78273b0fe5b37c90bb1d006f8e89,587d0b42df886cf9cedd76a3495cca4f
RS18017xs+,6.1-15047,https://global.download.synology.com/download/DSM/release/6.1/15047/DSM_RS18017xs%2B_15047.pat,DSM_RS18017xs%2B_15047.pat,2017-02-21 00:00:00,228382720,d00a12253d52dca18dc7e013c5ed3fba9de0cb23,cae500329106f4a101d67a31f64f47f7
DS3615xs,6.1-15047,https://global.download.synology.com/download/DSM/release/6.1/15047/DSM_DS3615xs_15047.pat,DSM_DS3615xs_15047.pat,2017-02-21 00:00:00,226795520,bbb255a6a046f39dc6cae5df01b892c819c447dc,aa236642e97fe49e756c92ca60e46f1c
RS3411RPxs,6.1-15047,https://global.download.synology.com/download/DSM/release/6.1/15047/DSM_RS3411RPxs_15047.pat,DSM_RS3411RPxs_15047.pat,2017-02-21 00:00:00,224993280,3313c7702e2e25cd0338e4dc78c2434dba76c721,4e13d77c7d77699d1f1de1651316c46a
DS2413+,6.1-15047,https://global.download.synology.com/download/DSM/release/6.1/15047/DSM_DS2413%2B_15047.pat,DSM_DS2413%2B_15047.pat,2017-02-21 00:00:00,212101120,cbba44b14e7263268aa931b52c354c165f16116b,7a4312c3aeb9f2efe22fc3a10dac3196
DS2411+,6.1-15047,https://global.download.synology.com/download/DSM/release/6.1/15047/DSM_DS2411%2B_15047.pat,DSM_DS2411%2B_15047.pat,2017-02-21 00:00:00,199925760,18cbc02aa81cb04820d375b6086e7dffc6247121,c6bd8c2ef47dacc401da2ac7f89cd2e9
NVR216,6.1-15047,https://global.download.synology.com/download/DSM/release/6.1/15047/DSM_NVR216_15047.pat,DSM_NVR216_15047.pat,2017-02-21 00:00:00,183162880,4b80cdfca9c5e0f3d911aaa0ddd71191570d4863,e3fa7a975d9e95e86a17e2d24de06924
DS3617xs,6.1-15047,https://global.download.synology.com/download/DSM/release/6.1/15047/DSM_DS3617xs_15047.pat,DSM_DS3617xs_15047.pat,2017-02-21 00:00:00,226754560,6e75e01e445d6003dcf1e14223bcdc27a13aa2e1,58959f4ff6445e32a45ac5a1f4ed62cf
DS3612xs,6.1-15047,https://global.download.synology.com/download/DSM/release/6.1/15047/DSM_DS3612xs_15047.pat,DSM_DS3612xs_15047.pat,2017-02-21 00:00:00,224768000,b5d022344746d06246e166c2325bae3e8573ae3a,1e25f38d0bee43010862ce31230bf789
DS3611xs,6.1-15047,https://global.download.synology.com/download/DSM/release/6.1/15047/DSM_DS3611xs_15047.pat,DSM_DS3611xs_15047.pat,2017-02-21 00:00:00,224768000,0c519977dfa18d4d48f38a950ad70420cb91582d,73dd42bb0ad82c6654486cf65e2c06d3
FS3017,6.1-15047,https://global.download.synology.com/download/DSM/release/6.1/15047/DSM_FS3017_15047.pat,DSM_FS3017_15047.pat,2017-02-21 00:00:00,237568000,bf37667087e71711341f938c344c2de5f9b46476,a25fbee17316602b1eb3acd9da6ea2db
USB Station 2,3.2-1983,https://global.download.synology.com/download/DSM/release/3.2/1983/DSM_USB_Station_2_1983.pat,DSM_USB_Station_2_1983.pat,2014-11-19 00:00:00,95528960,466ea02231f8db01a5c60527b657f5d64629be1c,8c1735a782540ad512b80510c15fba9a
RS4017xs+,6.1-15047,https://global.download.synology.com/download/DSM/release/6.1/15047/DSM_RS4017xs%2B_15047.pat,DSM_RS4017xs%2B_15047.pat,2017-02-21 00:00:00,226785280,94e9b07b0a03a0f32aa931e408e64b0c9add51d1,c4618df1027fce24b5e313c200fc55a6
RC18015xs+,6.1-15047,https://global.download.synology.com/download/DSM/release/6.1/15047/DSM_RC18015xs%2B_15047.pat,DSM_RC18015xs%2B_15047.pat,2017-02-21 00:00:00,275988480,2d2eb98b26817f7bfb727c36e6f7243c01658f22,36fd4ee315af10444f437a4d39d7ff8c
RT1900ac,1.1.3-6447,https://global.download.synology.com/download/SRM/release/1.1.3/6447/SRM_RT1900ac_6447.pat,SRM_RT1900ac_6447.pat,2017-01-12 00:00:00,179128320,259084d680e5c2a0a757907d3b2552abe570597b,6d1f2ae1e7116736f5352e26c5c71279
RT2600ac,1.1.3-6447,https://global.download.synology.com/download/SRM/release/1.1.3/6447/SRM_RT2600ac_6447.pat,SRM_RT2600ac_6447.pat,2017-01-12 00:00:00,179128320,f1efe06b2bf1f83fbaa5b62a48063ebf330327cb,6eaadf52ea2d4ea23625edada3aebc5e
DockerDSM,6.1-15047,https://global.download.synology.com/download/DSM/release/6.1/15047/DSM_DockerDSM_15047.pat,DSM_DockerDSM_15047.pat,2017-02-21 00:00:00,180500480,f7ecab6286c35487c09e9af19fd33f2efe83c349,3b89b8b2d183276367e2fe52a828bf0f
EDS14,6.0.2-8451,https://global.download.synology.com/download/DSM/release/6.0.2/8451/DSM_EDS14_8451.pat,DSM_EDS14_8451.pat,2016-08-18 00:00:00,194160640,903059cc0c18b6844d7c4575ec22d8226dd90e05,7fbde0f1b3f0c7fe9e5e3340f0768c47
VirtualDSM,6.1-15047,https://global.download.synology.com/download/DSM/release/6.1/15047/DSM_VirtualDSM_15047.pat,DSM_VirtualDSM_15047.pat,2017-02-21 00:00:00,215746560,bab9e1f0ef5f520e7aea11061e8b6fe318e6d731,93220386f8f556edad7db9ec0fa1969c
