model,rev,fw_ver,fw_url,date
DAP-1120,A,1.00.B07,ftp://FTP2.DLINK.COM/PRODUCTS/DAP-1120/REVA/DAP-1120_REVA_FIRMWARE_1.00.B07.ZIP,2015-11-30 00:00:00
DAP-1320,A,1.21.B05,ftp://FTP2.DLINK.COM/PRODUCTS/DAP-1320/REVA/DAP-1320_REVA_FIRMWARE_1.21.B05_.ZIP,2015-02-12 00:00:00
DAP-1320,A,1.21.B01 REVA2,ftp://ftp2.dlink.com/PRODUCTS/DAP-1320/REVA/DAP-1320_A2_FIRMWARE_1.21B01.ZIP,2014-05-19 00:00:00
DAP-1320,A,1.21.B01 REVA1,ftp://ftp2.dlink.com/PRODUCTS/DAP-1320/REVA/DAP-1320_A1_FIRMWARE_1.21B01.ZIP,2014-05-21 00:00:00
DAP-1320,A,1.20B07 REVA1 ONLY,ftp://ftp2.dlink.com/PRODUCTS/DAP-1320/REVA/DAP-1320_A1_FIRMWARE_1.20B07.ZIP,2014-04-15 00:00:00
DAP-1320,A,1.11,ftp://FTP2.DLINK.COM/PRODUCTS/DAP-1320/REVA/DAP-1320_FIRMWARE_1.11B10.ZIP,2013-09-26 00:00:00
DAP-1320,A,1.10,ftp://ftp2.dlink.com/PRODUCTS/DAP-1320/REVA/DAP-1320_FIRMWARE_1.10.ZIP,2013-07-17 00:00:00
DAP-1320,A,1.00,ftp://ftp2.dlink.com/PRODUCTS/DAP-1320/REVA/DAP-1320_FIRMWARE_1.00.ZIP,2013-07-17 00:00:00
DAP-1320,B,2.03.B02,ftp://FTP2.DLINK.COM/PRODUCTS/DAP-1320/REVB/DAP-1320_REVB_FIRMWARE_2.03.B02.ZIP,2014-12-17 00:00:00
DAP-1330,A,1.00.B21,ftp://FTP2.DLINK.COM/PRODUCTS/DAP-1330/REVA/DAP-1330_REVA_FIRMWARE_1.00.B21.ZIP,2016-02-05 00:00:00
DAP-1350,A,1.14,ftp://ftp2.dlink.com/PRODUCTS/DAP-1350/REVA/DAP-1350_FIRMWARE_1.14B01.ZIP,2014-03-25 00:00:00
DAP-1350,A,1.13,ftp://ftp2.dlink.com/PRODUCTS/DAP-1350/REVA/DAP-1350_FIRMWARE_1.13.ZIP,2012-04-04 00:00:00
DAP-1350,A,1.11,ftp://FTP2.DLINK.COM/PRODUCTS/DAP-1350/REVA/DAP-1350_FIRMWARE_1.11.ZIP,2011-06-15 00:00:00
DAP-1350,A,1.10,ftp://FTP2.DLINK.COM/PRODUCTS/DAP-1350/REVA/DAP-1350_FIRMWARE_1.10.ZIP,2010-03-31 00:00:00
DAP-1360,A,1.10,ftp://ftp2.dlink.com/PRODUCTS/DAP-1360/REVA/DAP-1360_REVA_FIRMWARE_1.10.ZIP,2011-02-02 00:00:00
DAP-1360,B,2.11,ftp://FTP2.DLINK.COM/PRODUCTS/DAP-1360/REVB/DAP-1360_REVB_FIRMWARE_2.11.ZIP,2011-06-08 00:00:00
DAP-1360,B,2.10,ftp://FTP2.DLINK.COM/PRODUCTS/DAP-1360/REVB/DAP-1360_REVB_FIRMWARE_2.10.ZIP,2010-12-28 00:00:00
DAP-1360,C,3.06.B01,ftp://ftp2.dlink.com/PRODUCTS/DAP-1360/REVC/DAP-1360_REVC_FIRMWARE_3.06.B01.ZIP,2015-03-02 00:00:00
DAP-1360,C,3.03,ftp://ftp2.dlink.com/PRODUCTS/DAP-1360/REVC/DAP-1360_REVC_FIRMWARE_3.03.ZIP,2013-08-05 00:00:00
DAP-1360,C,3.02,ftp://FTP2.DLINK.COM/PRODUCTS/DAP-1360/REVC/DAP-1360_REVC_FIRMWARE_3.02.ZIP,2012-05-07 00:00:00
DAP-1513,A,1.01,ftp://FTP2.DLINK.COM/PRODUCTS/DAP-1513/REVA/DAP-1513_FIRMWARE_1.01.ZIP,2011-06-27 00:00:00
DAP-1513,A,1.00,ftp://FTP2.DLINK.COM/PRODUCTS/DAP-1513/REVA/DAP-1513_FIRMWARE_1.00.ZIP,2011-05-17 00:00:00
DAP-1520,A,1.09.B01_BETA04,ftp://FTP2.DLINK.COM/PRODUCTS/DAP-1520/REVA/DAP-1520_REVA_FIRMWARE_PATCH_1.09.B01_BETA04.ZIP,2016-08-02 00:00:00
DAP-1520,A,1.06.B04,ftp://FTP2.DLINK.COM/PRODUCTS/DAP-1520/REVA/DAP-1520_REVA_FIRMWARE_1.06.B04.ZIP,2015-09-15 00:00:00
DAP-1520,A,1.05.B02,ftp://ftp2.dlink.com/PRODUCTS/DAP-1520/REVA/DAP-1520_REVA_FIRMWARE_1.05.B02.ZIP,2014-11-19 00:00:00
DAP-1520,A,1.04.B02,ftp://ftp2.dlink.com/PRODUCTS/DAP-1520/REVA/DAP-1520_REVA_FIRMWARE_1.04B02.ZIP,2014-08-04 00:00:00
DAP-1520,A,1.02.B04,ftp://ftp2.dlink.com/PRODUCTS/DAP-1520/REVA/DAP-1520_REVA_FIRMWARE_1.02B04.ZIP,2014-04-15 00:00:00
DAP-1520,A,1.00.B21,ftp://ftp2.dlink.com/PRODUCTS/DAP-1520/REVA/DAP-1520_REVA_FIRMWARE_1.00.B21.ZIP,2014-02-05 00:00:00
DAP-1520,A,1.09.B01_BETA04,ftp://FTP2.DLINK.COM/PRODUCTS/DAP-1520/REVA/DAP-1520_REVA_FIRMWARE_PATCH_1.09.B01_BETA04.ZIP,2016-08-02 00:00:00
DAP-1520,A,1.06.B04,ftp://FTP2.DLINK.COM/PRODUCTS/DAP-1520/REVA/DAP-1520_REVA_FIRMWARE_1.06.B04.ZIP,2015-09-15 00:00:00
DAP-1520,A,1.05.B02,ftp://ftp2.dlink.com/PRODUCTS/DAP-1520/REVA/DAP-1520_REVA_FIRMWARE_1.05.B02.ZIP,2014-11-19 00:00:00
DAP-1520,A,1.04.B02,ftp://ftp2.dlink.com/PRODUCTS/DAP-1520/REVA/DAP-1520_REVA_FIRMWARE_1.04B02.ZIP,2014-08-04 00:00:00
DAP-1520,A,1.02.B04,ftp://ftp2.dlink.com/PRODUCTS/DAP-1520/REVA/DAP-1520_REVA_FIRMWARE_1.02B04.ZIP,2014-04-15 00:00:00
DAP-1520,A,1.00.B21,ftp://ftp2.dlink.com/PRODUCTS/DAP-1520/REVA/DAP-1520_REVA_FIRMWARE_1.00.B21.ZIP,2014-02-05 00:00:00
DAP-1522,A,1.42B01,ftp://FTP2.DLINK.COM/PRODUCTS/DAP-1522/REVA/DAP-1522_REVA_FIRWARE_1.42.B01.ZIP,2014-05-28 00:00:00
DAP-1522,A,1.41,ftp://FTP2.DLINK.COM/PRODUCTS/DAP-1522/REVA/DAP-1522_FIRMWARE_1.41.ZIP,2012-04-04 00:00:00
DAP-1522,A,1.40,ftp://FTP2.DLINK.COM/PRODUCTS/DAP-1522/REVA/DAP-1522_FIRMWARE_1.40.ZIP,2012-01-05 00:00:00
DAP-1522,A,1.31,ftp://FTP2.DLINK.COM/PRODUCTS/DAP-1522/REVA/DAP-1522_FIRMWARE_1.31.ZIP,2010-12-28 00:00:00
DAP-1522,A,1.21,ftp://FTP2.DLINK.COM/PRODUCTS/DAP-1522/REVA/DAP-1522_FIRMWARE_1.21.ZIP,2009-09-16 00:00:00
DAP-1522,A,1.20,ftp://FTP2.DLINK.COM/PRODUCTS/DAP-1522/REVA/DAP-1522_FIRMWARE_1.20.ZIP,2009-03-11 00:00:00
DAP-1522,A,1.10,ftp://FTP2.DLINK.COM/PRODUCTS/DAP-1522/REVA/DAP-1522_FIRMWARE_1.10.ZIP,2008-10-15 00:00:00
DAP-1522,A,1.02,ftp://FTP2.DLINK.COM/PRODUCTS/DAP-1522/REVA/DAP-1522_FIRMWARE_1.02.ZIP,2008-07-24 00:00:00
DAP-1522,A,1.01,ftp://FTP2.DLINK.COM/PRODUCTS/DAP-1522/REVA/DAP-1522_FIRMWARE_1.01.ZIP,2008-06-16 00:00:00
DAP-1522,A,1.00,ftp://FTP2.DLINK.COM/PRODUCTS/DAP-1522/REVA/DAP-1522_FIRMWARE_1.00.ZIP,2008-04-08 00:00:00
DAP-1522,B,2.07B01,ftp://ftp2.dlink.com/PRODUCTS/DAP-1522/REVB/DAP-1522_REVB_FIRMWARE_2.07B01.ZIP,2014-05-28 00:00:00
DAP-1522,B,2.03,ftp://ftp2.dlink.com/PRODUCTS/DAP-1522/REVB/DAP-1522_REVB_FIRMWARE_2.03.ZIP,2012-03-22 00:00:00
DAP-1522,B,2.01,ftp://FTP2.DLINK.COM/PRODUCTS/DAP-1522/REVB/DAP-1522_REVB_FIRMWARE_2.01.ZIP,2011-09-22 00:00:00
DAP-1522,B,2.00,ftp://FTP2.DLINK.COM/PRODUCTS/DAP-1522/REVB/DAP-1522_REVB_FIRMWARE_2.00.ZIP,2011-09-22 00:00:00
DAP-1525,A,1.02,ftp://FTP2.DLINK.COM/PRODUCTS/DAP-1525/REVA/DAP-1525_FIRMWARE_1.02.ZIP,2012-04-04 00:00:00
DAP-1525,A,1.01,ftp://FTP2.DLINK.COM/PRODUCTS/DAP-1525/REVA/DAP-1525_FIRMWARE_1.01.ZIP,2011-09-22 00:00:00
DAP-1533,A,1.02B,ftp://FTP2.DLINK.COM/PRODUCTS/DAP-1533/REVA/DAP-1533_FIRMWARE_1.02B.ZIP,2013-03-15 00:00:00
DAP-1533,A,1.01B,ftp://FTP2.DLINK.COM/PRODUCTS/DAP-1533/REVA/DAP-1533_FIRMWARE_1.01B.ZIP,2012-03-22 00:00:00
DAP-1562,A,1.10,ftp://FTP2.DLINK.COM/PRODUCTS/DAP-1562/REVA/DAP-1562_FIRMWARE_1.10.ZIP,2011-06-21 00:00:00
DAP-1562,A,1.00,ftp://FTP2.DLINK.COM/PRODUCTS/DAP-1562/REVA/DAP-1562_FIRMWARE_1.00.ZIP,2010-12-16 00:00:00
DAP-1620,A,1.04.B04,ftp://FTP2.DLINK.COM/PRODUCTS/DAP-1620/REVA/DIR-1620_REVA_FIRMWARE_1.04.B04.ZIP,2016-06-22 00:00:00
DAP-1620,A,1.03.B08,ftp://FTP2.DLINK.COM/PRODUCTS/DAP-1620/REVA/DAP-1620_REVA_FIRMWARE_1.03.B08.ZIP,2016-03-22 00:00:00
DAP-1620,A,1.01.B05,ftp://FTP2.DLINK.COM/PRODUCTS/DAP-1620/REVA/DAP-1620_REVA_FIRMWARE_1.01.B05.ZIP,2016-02-03 00:00:00
DAP-1650,A,1.03.B07,ftp://FTP2.DLINK.COM/PRODUCTS/DAP-1650/REVA/DAP-1650_REVA_FIRMWARE_1.03.B07_WW.ZIP,2016-05-18 00:00:00
DAP-1650,A,1.02B02,ftp://ftp2.dlink.com/PRODUCTS/DAP-1650/REVA/DAP-1650_REVA_FIRMWARE_1.02B02.ZIP,2014-04-01 00:00:00
DCH-M225,A,1.00.B27,ftp://ftp2.dlink.com/PRODUCTS/DCH-M225/REVA/DCH-M225_REVA_FIRMWARE_1.00B27.ZIP,2014-06-10 00:00:00
DCM-202,ALL,2.0003D2,ftp://FTP2.DLINK.COM/PRODUCTS/DCM-202/REVA/DCM-202_FIRMWARE_2.0003D2.ZIP,2013-07-16 00:00:00
DCS-1000,A,1.30,ftp://ftp2.dlink.com/PRODUCTS/DCS-1000/REVA/DCS-1000_FIRMWARE_1.30.ZIP,2003-07-09 00:00:00
DCS-1000,A,1.29,ftp://ftp2.dlink.com/PRODUCTS/DCS-1000/REVA/DCS-1000_FIRMWARE_1.29.ZIP,2003-05-01 00:00:00
DCS-1000,A,1.27,ftp://ftp2.dlink.com/PRODUCTS/DCS-1000/REVA/DCS-1000_FIRMWARE_1.27.ZIP,2003-04-29 00:00:00
DCS-1000,A,1.26,ftp://ftp2.dlink.com/PRODUCTS/DCS-1000/REVA/DCS-1000_FIRMWARE_1.26.ZIP,2003-04-29 00:00:00
DCS-1000,A,1.25,ftp://ftp2.dlink.com/PRODUCTS/DCS-1000/REVA/DCS-1000_FIRMWARE_1.25.ZIP,2003-04-29 00:00:00
DCS-1000,A,1.07,ftp://ftp2.dlink.com/PRODUCTS/DCS-1000/REVA/DCS-1000_FIRMWARE_1.07.EXE,2003-04-29 00:00:00
DCS-1000W,A,1.30,ftp://ftp2.dlink.com/PRODUCTS/DCS-1000W/REVA/DCS-1000W_FIRMWARE_1.30.ZIP,2003-07-09 00:00:00
DCS-1000W,A,1.29,ftp://ftp2.dlink.com/PRODUCTS/DCS-1000W/REVA/DCS-1000W_FIRMWARE_1.29.ZIP,2003-06-09 00:00:00
DCS-1000W,A,1.26,ftp://ftp2.dlink.com/PRODUCTS/DCS-1000W/REVA/DCS-1000W_FIRMWARE_1.26.EXE,2002-08-27 00:00:00
DCS-1000W,A,1.25,ftp://ftp2.dlink.com/PRODUCTS/DCS-1000W/REVA/DCS-1000W_FIRMWARE_1.25.ZIP,2002-08-20 00:00:00
DCS-1100,A,1.06,ftp://ftp2.dlink.com/PRODUCTS/DCS-1100/REVA/DCS-1100_FIRMWARE_1.06_US_8330.ZIP,2014-02-11 00:00:00
DCS-1100,A,1.04B7712,ftp://ftp2.dlink.com/PRODUCTS/DCS-1100/REVA/DCS-1100_FIRMWARE_1.04B7712.ZIP,2013-04-30 00:00:00
DCS-1100,A,1.04.4520,ftp://FTP2.DLINK.COM/PRODUCTS/DCS-1100/REVA/DCS-1100(L)_DCS-1130(L)_REVA_FIRMWARE_1.04.4520.ZIP,2010-12-02 00:00:00
DCS-1100,A,1.03,ftp://ftp2.dlink.com/PRODUCTS/DCS-1100/REVA/DCS-1100_FIRMWARE_1.03.ZIP,2010-09-17 00:00:00
DCS-1100,A,1.01,ftp://FTP2.DLINK.COM/PRODUCTS/DCS-1110/REVA/DCS-1110_FIRMWARE_1.01.ZIP,2010-07-13 00:00:00
DCS-1100,ALL,1.08.8707,ftp://FTP2.DLINK.COM/PRODUCTS/DCS-1100/REVA/DCS-1100_REVA_FIRMWARE_1.08.8707.ZIP,2015-05-04 00:00:00
DCS-1110,A,1.01,ftp://ftp2.dlink.com/PRODUCTS/DCS-1110/REVA/DCS-1110_FIRMWARE_1.01.ZIP,2013-12-09 00:00:00
DCS-1130,A,1.08.8707,ftp://FTP2.DLINK.COM/PRODUCTS/DCS-1130/REVA/DCS-1130_REVA_FIRMWARE_1.08.8707.ZIP,2015-05-04 00:00:00
DCS-1130,A,1.06,ftp://ftp2.dlink.com/PRODUCTS/DCS-1130/REVA/DCS-1130_FIRMWARE_1.06_US_8330.ZIP,2014-02-11 00:00:00
DCS-1130,A,1.04B7712,ftp://ftp2.dlink.com/PRODUCTS/DCS-1130/REVA/DCS-1130_FIRMWARE_1.04B7712.ZIP,2013-09-18 00:00:00
DCS-1130,A,1.04.4520,ftp://FTP2.DLINK.COM/PRODUCTS/DCS-1130/REVA/DCS-1130(L)_DCS-1100(L)_REVA_FIRMWARE_1.04.4520.ZIP,2010-12-02 00:00:00
DCS-1130,A,1.03,ftp://FTP2.DLINK.COM/PRODUCTS/DCS-1130/REVA/DCS-1130_FIRMWARE_1.03.ZIP,2010-09-17 00:00:00
DCS-1201,A,1.00.05,ftp://FTP2.DLINK.COM/PRODUCTS/DCS-1201/REVA/DCS-1201_REVA_FIRMWARE_1.00.05.ZIP,2016-07-18 00:00:00
DCS-2000,A,1.08,ftp://ftp2.dlink.com/PRODUCTS/DCS-2000/REVA/DCS-2000_FIRMWARE_1.08.ZIP,2004-11-05 00:00:00
DCS-2000,A,1.07,ftp://ftp2.dlink.com/PRODUCTS/DCS-2000/REVA/DCS-2000_FIRMWARE_1.07.ZIP,2004-08-26 00:00:00
DCS-2000,A,1.06,ftp://ftp2.dlink.com/PRODUCTS/DCS-2000/REVA/DCS-2000_FIRMWARE_1.06.ZIP,2004-04-23 00:00:00
DCS-2100+,A,1.06,ftp://ftp2.dlink.com/PRODUCTS/DCS-2100PLUS/REVA/DCS-2100PLUS_FIRMWARE_1.06.ZIP,2004-12-22 00:00:00
DCS-2100+,A,1.05,ftp://ftp2.dlink.com/PRODUCTS/DCS-2100PLUS/REVA/DCS-2100PLUS_FIRMWARE_1.05.ZIP,2004-09-02 00:00:00
DCS-2100+,A,1.04,ftp://ftp2.dlink.com/PRODUCTS/DCS-2100PLUS/REVA/DCS-2100PLUS_FIRMWARE_1.04.ZIP,2013-07-16 00:00:00
DCS-2100+,A,1.02,ftp://ftp2.dlink.com/PRODUCTS/DCS-2100PLUS/REVA/DCS-2100PLUS_FIRMWARE_1.02.ZIP,2013-07-16 00:00:00
DCS-2100+,A,1.01H,ftp://ftp2.dlink.com/PRODUCTS/DCS-2100PLUS/REVA/DCS-2100PLUS_FIRMWARE_1.01H.ZIP,2013-07-16 00:00:00
DCS-2100+,A,1.01F,ftp://ftp2.dlink.com/PRODUCTS/DCS-2100PLUS/REVA/DCS-2100PLUS_FIRMWARE_1.01F.ZIP,2013-07-16 00:00:00
DCS-2100+,A,1.00,ftp://ftp2.dlink.com/PRODUCTS/DCS-2100PLUS/REVA/DCS-2100PLUS_FIRMWARE_1.00.ZIP,2013-07-16 00:00:00
DCS-2120,A,1.03,ftp://ftp2.dlink.com/PRODUCTS/DCS-2120/REVA/DCS-2120_FIRMWARE_1.03.ZIP,2007-09-26 00:00:00
DCS-2120,A,1.00,ftp://ftp2.dlink.com/PRODUCTS/DCS-2120/REVA/DCS-2120_FIRMWARE_1.00.ZIP,2006-05-31 00:00:00
DCS-2132L,A,1.04.00,ftp://ftp2.dlink.com/PRODUCTS/DCS-2132L/REVA/DCS-2132L_REVA_FIRMWARE_1.04.00.ZIP,2015-02-12 00:00:00
DCS-2132L,A,1.02.00,ftp://ftp2.dlink.com/PRODUCTS/DCS-2132L/REVA/DCS-2132L_FIRMWARE_1.02.00.ZIP,2014-02-11 00:00:00
DCS-2132L,A,1.01.10,ftp://ftp2.dlink.com/PRODUCTS/DCS-2132L/REVA/DCS-2132L_FIRMWARE_1.01.10.ZIP,2013-07-26 00:00:00
DCS-2132L,A,1.00.06,ftp://ftp2.dlink.com/PRODUCTS/DCS-2132L/REVA/DCS-2132L_FIRMWARE_1.00.06.ZIP,2013-07-16 00:00:00
DCS-2132L,B,2.11.00,ftp://FTP2.DLINK.COM/PRODUCTS/DCS-2132L/REVB/DCS-2132L_REVB_FIRMWARE_2.11.00.ZIP,2015-12-15 00:00:00
DCS-2132L,B,2.10.11,ftp://FTP2.DLINK.COM/PRODUCTS/DCS-2132L/REVB/DCS-2132L_REVB_FIRMWARE_2.10.11.ZIP,2015-09-17 00:00:00
DCS-2132L,B,2.02.05,ftp://ftp2.dlink.com/PRODUCTS/DCS-2132L/REVB/DCS-2132L_REVB_FIRMWARE_2.02.05.ZIP,2015-02-17 00:00:00
DCS-2132L,B,2.00.05,ftp://ftp2.dlink.com/PRODUCTS/DCS-2132L/REVB/DCS-2132L_REVB_FIRMWARE_2.00.05.ZIP,2014-02-11 00:00:00
DCS-2136L,A,1.03.00,ftp://FTP2.DLINK.COM/PRODUCTS/DCS-2136L/REVA/DCS-2136L_REVA_FIRMWARE_1.03.00.ZIP,2016-01-06 00:00:00
DCS-2136L,A,1.01.07,ftp://FTP2.DLINK.COM/PRODUCTS/DCS-2136L/REVA/DCS-2136L_REVA_FIRMWARE_1.01.07.ZIP,2015-05-05 00:00:00
DCS-2136L,A,1.00,ftp://ftp2.dlink.com/PRODUCTS/DCS-2136L/REVA/DCS-2136L_FIRMWARE_1.00.13.ZIP,2014-05-01 00:00:00
DCS-2330L,A,1.12.00,ftp://FTP2.DLINK.COM/PRODUCTS/DCS-2330L/REVA/DCS-2330L_REVA_FIRMWARE_1.12.00.ZIP,2015-10-19 00:00:00
DCS-2330L,A,1.02.03,ftp://ftp2.dlink.com/PRODUCTS/DCS-2330L/REVA/DCS-2330L_REVA_FIRMWARE_1.02.03.ZIP,2015-02-05 00:00:00
DCS-2330L,A,1.00B04,ftp://ftp2.dlink.com/PRODUCTS/DCS-2330L/REVA/DCS-2330L_REVA_FIRMWARE_1.00B04.ZIP,2014-01-17 00:00:00
DCS-2332L,A,1.05.02,ftp://FTP2.DLINK.COM/PRODUCTS/DCS-2332L/REVA/DCS-2332L_REVA_FIRMWARE_1.05.02_EN.ZIP,2015-05-07 00:00:00
DCS-2332L,A,1.04.00,ftp://ftp2.dlink.com/PRODUCTS/DCS-2332L/REVA/DCS-2332L_REVA_FIRMWARE_1.04.00.ZIP,2015-02-11 00:00:00
DCS-2332L,A,1.03.06,ftp://ftp2.dlink.com/PRODUCTS/DCS-2332L/REVA/DCS-2332L_REVA_FIRMWARE_1.03.06.ZIP,2014-11-14 00:00:00
DCS-2332L,A,1.01.04,ftp://ftp2.dlink.com/PRODUCTS/DCS-2332L/REVA/DCS-2332L_FIRMWARE_1.01.04.ZIP,2013-09-09 00:00:00
DCS-2630L,A,1.03.03,ftp://FTP2.DLINK.COM/PRODUCTS/DCS-2630L/REVA/DCS-2630L_REVA_FIRMWARE_1.03.03.ZIP,2016-07-15 00:00:00
DCS-2630L,A,1.02.02,ftp://FTP2.DLINK.COM/PRODUCTS/DCS-2630L/REVA/DCS-2630L_REVA_FIRMWARE_1.02.02.ZIP,2016-02-04 00:00:00
DCS-2630L,A,1.01.02,ftp://FTP2.DLINK.COM/PRODUCTS/DCS-2630L/REVA/DCS-2630L_REVA_FIRMWARE_1.01.02.ZIP,2015-11-09 00:00:00
DCS-3220,A,1.04,ftp://ftp2.dlink.com/PRODUCTS/DCS-3220/REVA/DCS-3220_FIRMWARE_1.04.ZIP,2007-08-30 00:00:00
DCS-3220,A,1.02,ftp://ftp2.dlink.com/PRODUCTS/DCS-3220/REVA/DCS-3220_FIRMWARE_1.02.ZIP,2005-11-07 00:00:00
DCS-3220,A,1.01,ftp://ftp2.dlink.com/PRODUCTS/DCS-3220/REVA/DCS-3220_FIRMWARE_1.01.ZIP,2005-07-25 00:00:00
DCS-3220,A,1.00,ftp://ftp2.dlink.com/PRODUCTS/DCS-3220/REVA/DCS-3220_FIRMWARE_1.00.ZIP,2004-09-27 00:00:00
DCS-3220G,A,1.01,ftp://ftp2.dlink.com/PRODUCTS/DCS-3220G/REVA/DCS-3220G_FIRMWARE_1.01.PKG,2005-11-07 00:00:00
DCS-3220G,A,1.00,ftp://ftp2.dlink.com/PRODUCTS/DCS-3220G/REVA/DCS-3220G_FIRMWARE_1.00.PKG,2004-09-27 00:00:00
DCS-5009L,A,1.07.05,ftp://FTP2.DLINK.COM/PRODUCTS/DCS-5009L/REVA/DCS-5009L_REVA_FIRMWARE_1.07.05.ZIP,2016-01-14 00:00:00
DCS-5009L,A,1.03.01,ftp://ftp2.dlink.com/PRODUCTS/DCS-5009L/REVA/DCS-5009L_REVA_FIRMWARE_1.03.01.ZIP,2015-03-02 00:00:00
DCS-5009L,A,1.00.B1,ftp://ftp2.dlink.com/PRODUCTS/DCS-5009L/REVA/DCS-5009L_REVA_FIRMWARE_1.00.B1.ZIP,2014-08-21 00:00:00
DCS-5010L,A,1.12.03,ftp://FTP2.DLINK.COM/PRODUCTS/DCS-5010L/REVA/DCS-5010L_REVA_FIRMWARE_1.12.03.ZIP,2015-11-09 00:00:00
DCS-5010L,A,1.06.01,ftp://ftp2.dlink.com/PRODUCTS/DCS-5010L/REVA/DCS-5010L_REVA_FIRMWARE_1.06.01.ZIP,2015-02-25 00:00:00
DCS-5010L,A,1.04.B17,ftp://FTP2.DLINK.COM/PRODUCTS/DCS-5010L/REVA/DCS-5010L_REVA_FIRMWARE_1.04_B17.ZIP,2015-01-22 00:00:00
DCS-5010L,A,1.03B8,ftp://ftp2.dlink.com/PRODUCTS/DCS-5010L/REVA/DCS-5010L_FIRMWARE_1.03_B8.ZIP,2014-02-26 00:00:00
DCS-5010L,A,1.02B5,ftp://ftp2.dlink.com/PRODUCTS/DCS-5010L/REVA/DCS-5010L_FIRMWARE_1.02_B5.ZIP,2014-02-11 00:00:00
DCS-5010L,A,1.01B2,ftp://ftp2.dlink.com/PRODUCTS/DCS-5010L/REVA/DCS-5010L_FIRMWARE_1.01_B2.ZIP,2013-09-10 00:00:00
DCS-5020L,A,1.12.03,ftp://FTP2.DLINK.COM/PRODUCTS/DCS-5020L/REVA/DCS-5020L_REVA_FIRMWARE_1.12.03.ZIP,2015-10-16 00:00:00
DCS-5020L,A,1.10.02,ftp://FTP2.DLINK.COM/PRODUCTS/DCS-5020L/REVA/DCS-5020L_REVA_FIRMWARE_1.10.02.ZIP,2015-04-23 00:00:00
DCS-5020L,A,1.06.01,ftp://ftp2.dlink.com/PRODUCTS/DCS-5020L/REVA/DCS-5020L_REVA_FIRMWARE_1.06.01.ZIP,2015-03-02 00:00:00
DCS-5020L,A,1.03B8,ftp://ftp2.dlink.com/PRODUCTS/DCS-5020L/REVA/DCS-5020L_FIRMWARE_1.03_B8.ZIP,2014-02-26 00:00:00
DCS-5020L,A,1.02B5,ftp://ftp2.dlink.com/PRODUCTS/DCS-5020L/REVA/DCS-5020L_FIRMWARE_1.02_B5.ZIP,2014-02-11 00:00:00
DCS-5020L,A,1.01B2,ftp://ftp2.dlink.com/PRODUCTS/DCS-5020L/REVA/DCS-5020L_FIRMWARE_1.01_B2.ZIP,2013-09-10 00:00:00
DCS-5029L,A,1.11.00,ftp://FTP2.DLINK.COM/PRODUCTS/DCS-5029L/REVA/DCS-5029L_REVA_FIRMWARE_1.11.00.ZIP,2016-01-14 00:00:00
DCS-5029L,A,1.02.00,ftp://ftp2.dlink.com/PRODUCTS/DCS-5029L/REVA/DCS-5029L_REVA_FIRMWARE_1.02.00.ZIP,2015-02-12 00:00:00
DCS-5029L,A,1.01.04,ftp://ftp2.dlink.com/PRODUCTS/DCS-5029L/REVA/DCS-5029L_REVA_FIRMWARE_1.01.04.ZIP,2014-11-18 00:00:00
DCS-5029L,A,1.00.04,ftp://ftp2.dlink.com/PRODUCTS/DCS-5029L/REVA/DCS-5029L_REVA_FIRMWARE_1.00.04.ZIP,2014-08-21 00:00:00
DCS-5030L,A,1.01.06,ftp://FTP2.DLINK.COM/PRODUCTS/DCS-5030L/REVA/DCS-5030L_REVA_FIRMWARE_1.01.06.ZIP,2016-06-27 00:00:00
DCS-5030L,A,1.00.36,ftp://FTP2.DLINK.COM/PRODUCTS/DCS-5030L/REVA/DCS-5030L_REVA_FIRMWARE_1.00.36.ZIP,2016-06-27 00:00:00
DCS-5222L,A,1.14.05601,ftp://FTP2.DLINK.COM/PRODUCTS/DCS-5222L/REVA/DCS-5222L_REVA_FIRMWARE_1.14.5601.ZIP,2015-10-16 00:00:00
DCS-5222L,A,1.12.3404,ftp://ftp2.dlink.com/PRODUCTS/DCS-5222L/REVA/DCS-5222L_REVA_FIRMWARE_1.12.3404.ZIP,2014-05-01 00:00:00
DCS-5222L,A,1.11,ftp://ftp2.dlink.com/PRODUCTS/DCS-5222L/REVA/DCS-5222L_REVA_FIRMWARE_1.11.ZIP,2013-09-10 00:00:00
DCS-5222L,B,2.14.04,ftp://FTP2.DLINK.COM/PRODUCTS/DCS-5222L/REVB/DCS-5222L_REVB_FIRMWARE_2.14.04.ZIP,2016-09-12 00:00:00
DCS-5222L,B,2.13.01,ftp://FTP2.DLINK.COM/PRODUCTS/DCS-5222L/REVB/DCS-5222L_REVB_FIRMWARE_2.13.01.ZIP,2016-03-08 00:00:00
DCS-5222L,B,2.11.01,ftp://FTP2.DLINK.COM/PRODUCTS/DCS-5222L/REVB/DCS-5222L_REVB_FIRMWARE_2.11.01.ZIP,2015-11-03 00:00:00
DCS-5222L,B,2.03.01,ftp://ftp2.dlink.com/PRODUCTS/DCS-5222L/REVB/DCS-5222L_REVB_FIRMWARE_2.03.01.ZIP,2015-01-29 00:00:00
DCS-5300,A,1.06,ftp://ftp2.dlink.com/PRODUCTS/DCS-5300/REVA/DCS-5300_FIRMWARE_1.06.ZIP,2009-03-17 00:00:00
DCS-5300,A,1.05,ftp://ftp2.dlink.com/PRODUCTS/DCS-5300/REVA/DCS-5300_FIRMWARE_1.05.ZIP,2007-09-27 00:00:00
DCS-5300,A,1.04,ftp://ftp2.dlink.com/PRODUCTS/DCS-5300/REVA/DCS-5300_FIRMWARE_1.04.ZIP,2007-05-14 00:00:00
DCS-5300,A,1.03,ftp://ftp2.dlink.com/PRODUCTS/DCS-5300/REVA/DCS-5300_FIRMWARE_1.03.ZIP,2005-10-17 00:00:00
DCS-5300,A,1.02,ftp://ftp2.dlink.com/PRODUCTS/DCS-5300/REVA/DCS-5300_FIRMWARE_1.02.ZIP,2005-10-06 00:00:00
DCS-5300G,A,1.02,ftp://ftp2.dlink.com/PRODUCTS/DCS-5300G/REVA/DCS-5300G_FIRMWARE_1.02.ZIP,2006-04-06 00:00:00
DCS-5300G,A,1.00,ftp://ftp2.dlink.com/PRODUCTS/DCS-5300G/REVA/DCS-5300G_FIRMWARE_1.00.ZIP,2004-08-31 00:00:00
DCS-5300G,B,2.05,ftp://ftp2.dlink.com/PRODUCTS/DCS-5300G/REVB/DCS-5300G_REVB_FIRMWARE_2.05.ZIP,2009-03-17 00:00:00
DCS-5300G,B,2.03,ftp://ftp2.dlink.com/PRODUCTS/DCS-5300G/REVB/DCS-5300G_REVB_FIRMWARE_2.03.ZIP,2007-08-30 00:00:00
DCS-5300G,B,2.02,ftp://ftp2.dlink.com/PRODUCTS/DCS-5300G/REVB/DCS-5300G_REVB_FIRMWARE_2.02.ZIP,2006-07-24 00:00:00
DCS-5300W,A,1.04,ftp://ftp2.dlink.com/PRODUCTS/DCS-5300W/REVA/DCS-5300W_FIRMWARE_1.04.ZIP,2005-02-15 00:00:00
DCS-5300W,A,1.03,ftp://ftp2.dlink.com/PRODUCTS/DCS-5300W/REVA/DCS-5300W_FIRMWARE_1.03.ZIP,2004-09-02 00:00:00
DCS-5300W,A,1.02,ftp://ftp2.dlink.com/PRODUCTS/DCS-5300W/REVA/DCS-5300W_FIRMWARE_1.02.ZIP,2004-01-01 00:00:00
DCS-6045LKT,A,1.02.01,ftp://FTP2.DLINK.COM/PRODUCTS/DCS-6045L/REVA/DCS-6045L_REVA_FIRMWARE_1.02.01.ZIP,2016-01-20 00:00:00
DCS-6045LKT,A,1.01.02,ftp://ftp2.dlink.com/PRODUCTS/DCS-6045L/REVA/DCS-6045L_REVA_FIRMWARE_1.01.02.ZIP,2015-03-12 00:00:00
DCS-6045LKT,A,1.00.B14,ftp://ftp2.dlink.com/PRODUCTS/DCS-6045L/REVA/DCS-6045L_REVA_FIRMWARE_1.00.B14.ZIP,2014-12-16 00:00:00
DCS-6620,A,1.06,ftp://ftp2.dlink.com/PRODUCTS/DCS-6620/REVA/DCS-6620_FIRMWARE_1.06.ZIP,2009-03-17 00:00:00
DCS-6620,A,1.03,ftp://ftp2.dlink.com/PRODUCTS/DCS-6620/REVA/DCS-6620_FIRMWARE_1.03.PKG,2007-08-30 00:00:00
DCS-6620,A,1.02,ftp://ftp2.dlink.com/PRODUCTS/DCS-6620/REVA/DCS-6620_FIRMWARE_1.02.PKG,2006-07-13 00:00:00
DCS-6620,A,1.01,ftp://ftp2.dlink.com/PRODUCTS/DCS-6620/REVA/DCS-6620_FIRMWARE_1.01.PKG,2005-11-16 00:00:00
DCS-6620G,A,1.05,ftp://ftp2.dlink.com/PRODUCTS/DCS-6620G/REVA/DCS-6620G_FIRMWARE_1.05.ZIP,2009-03-17 00:00:00
DCS-6620G,A,1.04,ftp://ftp2.dlink.com/PRODUCTS/DCS-6620G/REVA/DCS-6620G_FIRMWARE_1.04.PKG,2007-08-30 00:00:00
DCS-6620G,A,1.03,ftp://ftp2.dlink.com/PRODUCTS/DCS-6620G/REVA/DCS-6620G_FIRMWARE_1.03.PKG,2006-08-08 00:00:00
DCS-6620G,A,1.02,ftp://ftp2.dlink.com/PRODUCTS/DCS-6620G/REVA/DCS-6620G_FIRMWARE_1.02.PKG,2005-11-16 00:00:00
DCS-700L,A,1.03.09,ftp://FTP2.DLINK.COM/PRODUCTS/DCS-700L/REVA/DCS-700L_REVA_RELEASENOTES_1.03.09.PDF,2015-08-31 00:00:00
DCS-700L,A,1.02.06,ftp://ftp2.dlink.com/PRODUCTS/DCS-700L/REVA/DCS-700L_REVA_RELEASENOTES_1.02.06_EN.PDF,2015-03-18 00:00:00
DCS-800L,A,1.05.01,ftp://FTP2.DLINK.COM/PRODUCTS/DCS-800L/REVA/DCS-800L_REVA_RELEASENOTES_1.05.01_EN.PDF,2016-01-20 00:00:00
DCS-800L,A,1.03.09,ftp://FTP2.DLINK.COM/PRODUCTS/DCS-800L/REVA/DCS-800L_REVA_RELEASENOTES_1.03.09_EN.PDF,2015-08-31 00:00:00
DCS-800L,A,1.02.06,ftp://ftp2.dlink.com/PRODUCTS/DCS-800L/REVA/DCS-800L_REVA_RELEASENOTES_1.02.06_EN.PDF,2015-03-18 00:00:00
DCS-8200LH,A,1.01.01,ftp://FTP2.DLINK.COM/PRODUCTS/DCS-8200LH/REVA/DCS-8200LH_REVA_FIRMWARE_1.01.01.ZIP,2016-07-12 00:00:00
DCS-820L,A,1.03.05,ftp://FTP2.DLINK.COM/PRODUCTS/DCS-820L/REVA/DCS-820L_REVA_RELEASENOTES_1.03.05_EN.PDF,2015-08-31 00:00:00
DCS-825L,A,1.06.06,ftp://FTP2.DLINK.COM/PRODUCTS/DCS-825L/REVA/DCS-825L_REVA_RELEASENOTES_1.06_EN.PDF,2015-07-09 00:00:00
DCS-825L,A,1.05.04,ftp://FTP2.DLINK.COM/PRODUCTS/DCS-825L/REVA/DCS-825L_REVA_RELEASENOTES_1.05_EN.PDF,2015-05-04 00:00:00
DCS-825L,A,1.04.4026,ftp://FTP2.DLINK.COM/PRODUCTS/DCS-825L/REVA/DCS-825L_REVA_RELEASENOTES_1.04.4026_EN.PDF,2014-09-04 00:00:00
DCS-825L,A,1.03.3725,ftp://ftp2.dlink.com/PRODUCTS/DCS-825L/REVA/DCS-825L_REVA_RELEASENOTES_1.03_3725_EN_US.PDF,2014-05-19 00:00:00
DCS-825L,A,1.02.B3427,ftp://FTP2.DLINK.COM/PRODUCTS/DCS-825L/REVA/DCS-825L_REVA_RELEASENOTES_1.02.B3427_EN_US.TXT,2014-01-28 00:00:00
DCS-825L,A,1.01,ftp://ftp2.dlink.com/PRODUCTS/DCS-825L/REVA/DCS-825L_REVA_RELEASENOTES_1.01_3327_EN_US.PDF,2013-12-26 00:00:00
DCS-850L,A,1.02.B09,ftp://FTP2.DLINK.COM/PRODUCTS/DCS-850L/REVA/DCS-850L_REVA_RELEASENOTES_1.02.B09_EN.PDF,2015-06-30 00:00:00
DCS-850L,A,1.01.06,ftp://FTP2.DLINK.COM/PRODUCTS/DCS-850L/REVA/DCS-850L_REVA_RELEASENOTES_1.01.06_EN.PDF,2015-04-13 00:00:00
DCS-850L,A,1.00.B7,ftp://ftp2.dlink.com/PRODUCTS/DCS-850L/REVA/DCS-850L_REVA_RELEASENOTES_1.00.B7_EN.PDF,2015-01-21 00:00:00
DCS-855L,A,1.01.03,ftp://FTP2.DLINK.COM/PRODUCTS/DCS-855L/REVA/DCS-855L_REA_RELEASENOTES_1.01.03_EN.PDF,2015-06-18 00:00:00
DCS-855L,A,1.00_4312,ftp://ftp2.dlink.com/PRODUCTS/DCS-855L/REVA/DCS-855L_REVA_RELEASENOTES_1.00_EN_US.PDF,2014-12-10 00:00:00
DCS-900,A,2.51,ftp://ftp2.dlink.com/PRODUCTS/DCS-900/REVA/DCS-900_FIRMWARE_2.51.ZIP,2007-01-18 00:00:00
DCS-900,A,2.28,ftp://ftp2.dlink.com/PRODUCTS/DCS-900/REVA/DCS-900_FIRMWARE_2.28.ZIP,2004-08-10 00:00:00
DCS-900,A,2.20,ftp://ftp2.dlink.com/PRODUCTS/DCS-900/REVA/DCS-900_FIRMWARE_2.20.ZIP,2003-12-25 00:00:00
DCS-900,A,2.10,ftp://ftp2.dlink.com/PRODUCTS/DCS-900/REVA/DCS-900_FIRMWARE_2.10.ZIP,2003-09-24 00:00:00
DCS-900,B,3.22,ftp://ftp2.dlink.com/PRODUCTS/DCS-900/REVB/DCS-900_REVB_FIRMWARE_3.22.ZIP,2007-01-18 00:00:00
DCS-900,B,3.00,ftp://ftp2.dlink.com/PRODUCTS/DCS-900/REVB/DCS-900_REVB_FIRMWARE_3.00.ZIP,2006-05-18 00:00:00
DCS-900W,A,2.51,ftp://ftp2.dlink.com/PRODUCTS/DCS-900W/REVA/DCS-900W_FIRMWARE_2.51.ZIP,2007-01-18 00:00:00
DCS-900W,A,2.28,ftp://ftp2.dlink.com/PRODUCTS/DCS-900W/REVA/DCS-900W_FIRMWARE_2.28.ZIP,2004-09-08 00:00:00
DCS-910,A,1.01,ftp://ftp2.dlink.com/PRODUCTS/DCS-910/REVA/DCS-910_FIRMWARE_1.01.ZIP,2008-07-24 00:00:00
DCS-920,A,1.04,ftp://ftp2.dlink.com/PRODUCTS/DCS-920/REVA/DCS-920_FIRMWARE_1.04.ZIP,2010-10-25 00:00:00
DCS-920,A,1.03,ftp://ftp2.dlink.com/PRODUCTS/DCS-920/REVA/DCS-920_FIRMWARE_1.03.ZIP,2009-09-01 00:00:00
DCS-920,A,1.02,ftp://ftp2.dlink.com/PRODUCTS/DCS-920/REVA/DCS-920_FIRMWARE_1.02.ZIP,2009-08-31 00:00:00
DCS-920,A,1.01,ftp://ftp2.dlink.com/PRODUCTS/DCS-920/REVA/DCS-920_FIRMWARE_1.01.ZIP,2008-07-24 00:00:00
DCS-930L,A,1.15.04,ftp://FTP2.DLINK.COM/PRODUCTS/DCS-930L/REVA/DCS-930L_REVA_FIRMWARE_1.15.04.ZIP,2016-07-20 00:00:00
DCS-930L,A,1.14.02,ftp://FTP2.DLINK.COM/PRODUCTS/DCS-930L/REVA/DCS-930L_REVA_FIRMWARE_1.14.02.ZIP,2015-10-19 00:00:00
DCS-930L,A,1.12.03,ftp://ftp2.dlink.com/PRODUCTS/DCS-930L/REVA/DCS-930L_REVA_FIRMWARE_1.12.B3.ZIP,2015-03-16 00:00:00
DCS-930L,A,1.11B1,ftp://ftp2.dlink.com/PRODUCTS/DCS-930L/REVA/DCS-930L_FIRMWARE_1.11B1.ZIP,2014-05-07 00:00:00
DCS-930L,A,1.09B2,ftp://ftp2.dlink.com/PRODUCTS/DCS-930L/REVA/DCS-930L_FIRMWARE_1.09_B2.ZIP,2014-02-11 00:00:00
DCS-930L,A,1.08,ftp://ftp2.dlink.com/PRODUCTS/DCS-930L/REVA/DCS-930L_FIRMWARE_1.08_B4.ZIP,2013-09-10 00:00:00
DCS-930L,B,2.12.01,ftp://FTP2.DLINK.COM/PRODUCTS/DCS-930L/REVB/DCS-930L_REVB_FIRMWARE_2.12.01.ZIP,2015-10-19 00:00:00
DCS-930L,B,2.01.03,ftp://ftp2.dlink.com/PRODUCTS/DCS-930L/REVB/DCS-930L_REVB_FIRMWARE_2.01.B3.ZIP,2015-03-16 00:00:00
DCS-930L,B,2.00B6,ftp://ftp2.dlink.com/PRODUCTS/DCS-930L/REVB/DCS-930L_REVB_FIRMWARE_2.00B6.ZIP,2014-08-21 00:00:00
DCS-931L,A,1.12.B03,ftp://FTP2.DLINK.COM/PRODUCTS/DCS-931L/REVA/DCS-931L_REVA_FIRMWARE_1.12.03.ZIP,2016-01-12 00:00:00
DCS-931L,A,1.07.B01,ftp://ftp2.dlink.com/PRODUCTS/DCS-931L/REVA/DCS-931L_REVA_FIRMWARE_1.07.B1.ZIP,2015-03-05 00:00:00
DCS-931L,A,1.06.B6,ftp://ftp2.dlink.com/PRODUCTS/DCS-931L/REVA/DCS-931L_REVA_FIRMWARE_1.06.B6.ZIP,2015-03-02 00:00:00
DCS-932L,A,1.13.04,ftp://FTP2.DLINK.COM/PRODUCTS/DCS-932L/REVA/DCS-932L_REVA_FIRMWARE_1.13.04.ZIP,2016-07-20 00:00:00
DCS-932L,A,1.12.02,ftp://FTP2.DLINK.COM/PRODUCTS/DCS-932L/REVA/DCS-932L_REVA_FIRMWARE_1.12.02.ZIP,2015-11-10 00:00:00
DCS-932L,A,1.10.B3,ftp://ftp2.dlink.com/PRODUCTS/DCS-932L/REVA/DCS-932L_REVA_FIRMWARE_1.10.B3.ZIP,2015-03-12 00:00:00
DCS-932L,A,1.09B1,ftp://ftp2.dlink.com/PRODUCTS/DCS-932L/REVA/DCS-932L_FIRMWARE_1.09B1.ZIP,2014-05-07 00:00:00
DCS-932L,A,1.08B2,ftp://ftp2.dlink.com/PRODUCTS/DCS-932L/REVA/DCS-932L_FIRMWARE_1.08_B2.ZIP,2014-04-14 00:00:00
DCS-932L,A,1.07B2,ftp://ftp2.dlink.com/PRODUCTS/DCS-932L/REVA/DCS-932L_FIRMWARE_1.07_B2.ZIP,2014-02-11 00:00:00
DCS-932L,A,1.06B4,ftp://ftp2.dlink.com/PRODUCTS/DCS-932L/REVA/DCS-932L_FIRMWARE_1.06_B4.ZIP,2013-09-10 00:00:00
DCS-932L,A,1.01,ftp://ftp2.dlink.com/PRODUCTS/DCS-932L/REVA/DCS-932L_FIRMWARE_1.01.ZIP,2013-09-10 00:00:00
DCS-932L,A,1.00,ftp://ftp2.dlink.com/PRODUCTS/DCS-932L/REVA/DCS-932L_FIRMWARE_1.00.ZIP,2013-09-10 00:00:00
DCS-932L,B,2.13.10 BETA,ftp://FTP2.DLINK.COM/SECURITY_ADVISEMENTS/DCS-932L/REVB/DCS-932L_REVB_FIRMWARE_PATCH_2.13.10.ZIP,2016-08-29 00:00:00
DCS-932L,B,2.12.01,ftp://FTP2.DLINK.COM/PRODUCTS/DCS-932L/REVB/DCS-932L_REVB_FIRMWARE_2.12.01.ZIP,2015-11-10 00:00:00
DCS-932L,B,2.01.B3,ftp://ftp2.dlink.com/PRODUCTS/DCS-932L/REVB/DCS-932L_REVB_FIRMWARE_2.01.B3.ZIP,2015-03-12 00:00:00
DCS-932L,B,2.00B6,ftp://ftp2.dlink.com/PRODUCTS/DCS-932L/REVB/DCS-932L_REVB_FIRMWARE_2.00B6.ZIP,2014-08-21 00:00:00
DCS-933L,A,1.12.03,ftp://FTP2.DLINK.COM/PRODUCTS/DCS-933L/REVA/DCS-933L_REVA_FIRMWARE_1.12.03.ZIP,2016-01-12 00:00:00
DCS-933L,A,1.07.01,ftp://ftp2.dlink.com/PRODUCTS/DCS-933L/REVA/DCS-933L_REVA_FIRMWARE_1.07.B1.ZIP,2015-03-05 00:00:00
DCS-934L,A,1.03.01,ftp://FTP2.DLINK.COM/PRODUCTS/DCS-934L/REVA/DCS-934L_REVA_FIRMWARE_1.03.01.ZIP,2016-02-04 00:00:00
DCS-934L,A,1.01.03,ftp://ftp2.dlink.com/PRODUCTS/DCS-934L/REVA/DCS-934L_REVA_FIRMWARE_1.01.03.ZIP,2015-03-16 00:00:00
DCS-934L,A,1.00.B2,ftp://ftp2.dlink.com/PRODUCTS/DCS-934L/REVA/DCS-934L_REVA_FIRMWARE_1.00.B2.ZIP,2015-01-28 00:00:00
DCS-935L,A,1.09.02,ftp://FTP2.DLINK.COM/PRODUCTS/DCS-935L/REVA/DCS-935L_REVA_FIRMWARE_1.09.02.ZIP,2016-08-22 00:00:00
DCS-935L,A,1.08.06,ftp://FTP2.DLINK.COM/PRODUCTS/DCS-935L/REVA/DCS-935L_REVA_FIRMWARE_1.08.06.ZIP,2016-04-27 00:00:00
DCS-935L,A,1.06.B02,ftp://FTP2.DLINK.COM/PRODUCTS/DCS-935L/REVA/DCS-935L_REVA_FIRMWARE_1.06.B02.ZIP,2015-08-05 00:00:00
DCS-935L,A,1.04.06,ftp://FTP2.DLINK.COM/PRODUCTS/DCS-935L/REVA/DCS-935L_REVA_FIRMWARE_1.04.06.ZIP,2015-06-15 00:00:00
DCS-936L,A,1.01.05,ftp://FTP2.DLINK.COM/PRODUCTS/DCS-936L/REVA/DCS-936L_REVA_FIRMWARE_1.01.05.ZIP,2016-06-27 00:00:00
DCS-936L,A,1.00.03,ftp://FTP2.DLINK.COM/PRODUCTS/DCS-936L/REVA/DCS-936L_REVA_FIRMWARE_1.00.03.ZIP,2016-06-27 00:00:00
DCS-940L,A,1.0.34,ftp://ftp2.dlink.com/PRODUCTS/DCS-940L/REVA/DCS-940L_FIRMWARE_1.034.ZIP,2013-09-10 00:00:00
DCS-942L,A,1.27.5809,ftp://FTP2.DLINK.COM/PRODUCTS/DCS-942L/REVA/DCS-942L_REVA_FIRMWARE_1.27.5809_WW.ZIP,2016-07-15 00:00:00
DCS-942L,A,1.25.4912,ftp://FTP2.DLINK.COM/PRODUCTS/DCS-942L/REVA/DCS-942L_REVA_FIRMWARE_1.25.ZIP,2015-04-29 00:00:00
DCS-942L,A,1.24,ftp://ftp2.dlink.com/PRODUCTS/DCS-942L/REVA/DCS-942L_REVA_FIRMWARE_1.24_4408.ZIP,2015-02-11 00:00:00
DCS-942L,A,1.23,ftp://ftp2.dlink.com/PRODUCTS/DCS-942L/REVA/DCS-942L_FIRMWARE_1.23_3404.ZIP,2014-02-11 00:00:00
DCS-942L,A,1.22.2825,ftp://ftp2.dlink.com/PRODUCTS/DCS-942L/REVA/DCS-942L_FIRMWARE_1.22.ZIP,2013-09-10 00:00:00
DCS-942L,A,1.20,ftp://FTP2.DLINK.COM/PRODUCTS/DCS-942L/REVA/DCS-942L_FIRMWARE_1.20.ZIP,2013-07-16 00:00:00
DCS-942L,A,1.01,ftp://FTP2.DLINK.COM/PRODUCTS/DCS-942L/REVA/DCS-942L_FIRMWARE_1.01.ZIP,2013-07-16 00:00:00
DCS-942L,A,1.00,ftp://FTP2.DLINK.COM/PRODUCTS/DCS-942L/REVA/DCS-942L_FIRMWARE_1.00.ZIP,2013-07-16 00:00:00
DCS-942L,B,2.00.4017,ftp://ftp2.dlink.com/PRODUCTS/DCS-942L/REVB/DCS-942L_REVB_FIRMWARE_2.00.4017.ZIP,2014-08-21 00:00:00
DCS-950,A,1.08,ftp://ftp2.dlink.com/PRODUCTS/DCS-950/REVA/DCS-950_FIRMWARE_1.08.ZIP,2007-10-10 00:00:00
DCS-950,A,1.07,ftp://ftp2.dlink.com/PRODUCTS/DCS-950/REVA/DCS-950_FIRMWARE_1.07.ZIP,2007-04-23 00:00:00
DCS-950,A,1.06,ftp://ftp2.dlink.com/PRODUCTS/DCS-950/REVA/DCS-950_FIRMWARE_1.06.ZIP,2006-05-10 00:00:00
DCS-950,A,1.02,ftp://ftp2.dlink.com/PRODUCTS/DCS-950/REVA/DCS-950_FIRMWARE_1.02.ZIP,2005-04-26 00:00:00
DCS-950G,A,1.08,ftp://ftp2.dlink.com/PRODUCTS/DCS-950G/REVA/DCS-950G_FIRMWARE_1.08.ZIP,2009-05-05 00:00:00
DCS-950G,A,1.07,ftp://ftp2.dlink.com/PRODUCTS/DCS-950G/REVA/DCS-950G_FIRMWARE_1.07.ZIP,2007-02-06 00:00:00
DCS-950G,A,1.06,ftp://ftp2.dlink.com/PRODUCTS/DCS-950G/REVA/DCS-950G_FIRMWARE_1.06.ZIP,2006-05-10 00:00:00
DCS-950G,A,1.02,ftp://ftp2.dlink.com/PRODUCTS/DCS-950G/REVA/DCS-950G_FIRMWARE_1.02.ZIP,2005-04-28 00:00:00
DCS-960L,A,1.03.B05,ftp://FTP2.DLINK.COM/PRODUCTS/DCS-960L/REVA/DCS-960L_REVA_FIRMWARE_1.03.B05.ZIP,2016-04-21 00:00:00
DCS-G900,A,1.22,ftp://ftp2.dlink.com/PRODUCTS/DCS-G900/REVA/DCS-G900_FIRMWARE_1.22.ZIP,2007-01-18 00:00:00
DGL-3420,A,1.02,ftp://ftp2.dlink.com/PRODUCTS/DGL-3420/REVA/DGL-3420_FIRMWARE_1.02.ZIP,2007-11-05 00:00:00
DGL-3420,A,1.01,ftp://ftp2.dlink.com/PRODUCTS/DGL-3420/REVA/DGL-3420_FIRMWARE_1.01.ZIP,2005-02-10 00:00:00
DGL-3420,A,1.00,ftp://ftp2.dlink.com/PRODUCTS/DGL-3420/REVA/DGL-3420_FIRMWARE_1.00.ZIP,2005-01-03 00:00:00
DGL-4100,A,1.7,ftp://ftp2.dlink.com/PRODUCTS/DGL-4100/REVA/DGL-4100_FIRMWARE_1.7.ZIP,2006-11-02 00:00:00
DGL-4100,A,1.6,ftp://ftp2.dlink.com/PRODUCTS/DGL-4100/REVA/DGL-4100_FIRMWARE_1.6.ZIP,2006-01-18 00:00:00
DGL-4100,A,1.5,ftp://ftp2.dlink.com/PRODUCTS/DGL-4100/REVA/DGL-4100_FIRMWARE_1.5.ZIP,2005-11-08 00:00:00
DGL-4100,A,1.4,ftp://ftp2.dlink.com/PRODUCTS/DGL-4100/REVA/DGL-4100_FIRMWARE_1.4.ZIP,2005-08-15 00:00:00
DGL-4100,A,1.3,ftp://ftp2.dlink.com/PRODUCTS/DGL-4100/REVA/DGL-4100_FIRMWARE_1.3.ZIP,2005-04-05 00:00:00
DGL-4100,A,1.2,ftp://ftp2.dlink.com/PRODUCTS/DGL-4100/REVA/DGL-4100_FIRMWARE_1.2.ZIP,2005-01-31 00:00:00
DGL-4300,A,1.9,ftp://ftp2.dlink.com/PRODUCTS/DGL-4300/REVA/DGL-4300_FIRMWARE_1.9.ZIP,2008-09-10 00:00:00
DGL-4300,A,1.7,ftp://ftp2.dlink.com/PRODUCTS/DGL-4300/REVA/DGL-4300_FIRMWARE_1.7.ZIP,2006-11-06 00:00:00
DGL-4300,A,1.6,ftp://ftp2.dlink.com/PRODUCTS/DGL-4300/REVA/DGL-4300_FIRMWARE_1.6.ZIP,2006-01-18 00:00:00
DGL-4300,A,1.5,ftp://ftp2.dlink.com/PRODUCTS/DGL-4300/REVA/DGL-4300_FIRMWARE_1.5.ZIP,2005-11-08 00:00:00
DGL-4300,A,1.4,ftp://ftp2.dlink.com/PRODUCTS/DGL-4300/REVA/DGL-4300_FIRMWARE_1.4.ZIP,2005-08-15 00:00:00
DGL-4300,A,1.3,ftp://ftp2.dlink.com/PRODUCTS/DGL-4300/REVA/DGL-4300_FIRMWARE_1.3.ZIP,2005-04-04 00:00:00
DGL-4300,A,1.2,ftp://ftp2.dlink.com/PRODUCTS/DGL-4300/REVA/DGL-4300_FIRMWARE_1.2.ZIP,2005-02-23 00:00:00
DGL-4500,A,1.24.B01 BETA,ftp://FTP2.DLINK.COM/BETA_FIRMWARE/DGL-4500/DGL-4500_REVA_FIRMWARE_1.24.B01_BETA_WW.ZIP,2016-05-26 00:00:00
DGL-4500,A,1.23NA,ftp://ftp2.dlink.com/PRODUCTS/DGL-4500/REVA/DGL-4500_FIRMWARE_1.23NA.ZIP,2010-08-05 00:00:00
DGL-4500,A,1.22NA,ftp://ftp2.dlink.com/PRODUCTS/DGL-4500/REVA/DGL-4500_FIRMWARE_1.22NA.ZIP,2010-01-28 00:00:00
DGL-4500,A,1.21NA,ftp://ftp2.dlink.com/PRODUCTS/DGL-4500/REVA/DGL-4500_FIRMWARE_1.21NA.ZIP,2009-07-29 00:00:00
DGL-4500,A,1.20,ftp://ftp2.dlink.com/PRODUCTS/DGL-4500/REVA/DGL-4500_FIRMWARE_1.20.ZIP,2009-05-11 00:00:00
DGL-4500,A,1.15,ftp://ftp2.dlink.com/PRODUCTS/DGL-4500/REVA/DGL-4500_FIRMWARE_1.15.ZIP,2008-11-10 00:00:00
DGL-4500,A,1.13,ftp://ftp2.dlink.com/PRODUCTS/DGL-4500/REVA/DGL-4500_FIRMWARE_1.13.ZIP,2008-10-01 00:00:00
DGL-4500,A,1.12,ftp://ftp2.dlink.com/PRODUCTS/DGL-4500/REVA/DGL-4500_FIRMWARE_1.12.ZIP,2008-08-07 00:00:00
DGL-4500,A,1.02,ftp://ftp2.dlink.com/PRODUCTS/DGL-4500/REVA/DGL-4500_FIRMWARE_1.02.ZIP,2007-11-21 00:00:00
DGL-5500,A,1.13.B04,ftp://ftp2.dlink.com/PRODUCTS/DGL-5500/REVA/DGL-5500_REVA_FIRMWARE_1.13.B04.ZIP,2015-02-23 00:00:00
DGL-5500,A,1.12B05,ftp://ftp2.dlink.com/PRODUCTS/DGL-5500/REVA/DGL-5500_REVA_FIRMWARE_1.12B05.ZIP,2014-06-24 00:00:00
DGL-5500,A,1.11B03,ftp://FTP2.DLINK.COM/PRODUCTS/DGL-5500/REVA/DGL-5500_REVA_FIRMWARE_1.11B03.ZIP,2013-10-25 00:00:00
DGL-5500,A,1.10,ftp://ftp2.dlink.com/PRODUCTS/DGL-5500/REVA/DGL-5500_REVA_FIRMWARE_1.10B04.ZIP,2013-09-04 00:00:00
DGL-5500,A,1.01,ftp://ftp2.dlink.com/PRODUCTS/DGL-5500/REVA/DGL-5500_REVA_FIRMWARE_1.01.ZIP,2013-07-16 00:00:00
DHP-1320,A,1.01,ftp://FTP2.DLINK.COM/PRODUCTS/DHP-1320/REVA/DHP-1320_FIRMWARE_1.01.ZIP,2013-07-16 00:00:00
DHP-1565,A,1.01,ftp://FTP2.DLINK.COM/PRODUCTS/DHP-1565/REVA/DHP-1565_FIRMWARE_1.01.ZIP,2013-07-16 00:00:00
DHP-306AV,A,6.02,ftp://FTP2.DLINK.COM/PRODUCTS/DHP-306AV/REVA/DHP-306AV_FIRMWARE_6.02.ZIP,2013-07-16 00:00:00
DHP-307AV,A,1.00,ftp://FTP2.DLINK.COM/PRODUCTS/DHP-307AV/REVA/DHP-307AV_FIRMWAREUPGRADE_UTILITY_WIN.ZIP,2013-07-16 00:00:00
DHP-500AV,A,1.0.2,ftp://ftp2.dlink.com/PRODUCTS/DHP-500AV/REVA/DHP-500AV_REVA_FIRMWARE_1.0.2.ZIP,2013-07-16 00:00:00
DHP-500AV,B,2.00,ftp://FTP2.DLINK.COM/PRODUCTS/DHP-500AV/REVB/DHP-500AV_REVB_FIRMWARE_2.00.ZIP,2013-07-16 00:00:00
DHP-540,A,1.02,ftp://FTP2.DLINK.COM/PRODUCTS/DHP-540/REVA/DHP-540_FIRMWARE_1.02.ZIP,2013-07-16 00:00:00
DHP-701AV,A,1.01.B01,ftp://FTP2.DLINK.COM/PRODUCTS/DHP-701AV/REVA/DHP-700AV_REVA_FIRMWARE_1.01.B01_NA.ZIP,2015-08-13 00:00:00
DHP-W306AV,A,1.0.1,ftp://FTP2.DLINK.COM/PRODUCTS/DHP-W306AV/REVA/DHP-W306AV_FIRMWARE_1.0.1.ZIP,2013-07-16 00:00:00
DHP-W311AV,A,1.04B01,ftp://ftp2.dlink.com/PRODUCTS/DHP-W311AV/REVA/DHP-W310AV_FIRMWARE_1.04B01.ZIP,2014-04-02 00:00:00
DHP-W311AV,A,1.03B01,ftp://ftp2.dlink.com/PRODUCTS/DHP-W311AV/REVA/DHP-W310AV_FIRMWARE_1.03B01.ZIP,2014-01-20 00:00:00
DHP-W311AV,A,1.01,ftp://ftp2.dlink.com/PRODUCTS/DHP-W311AV/REVA/DHP-W311AV_FIRMWARE_1.01.ZIP,2013-11-21 00:00:00
DI-514,A,1.03,ftp://ftp2.dlink.com/PRODUCTS/DI-514/REVA/DI-514_FIRMWARE_1.03.ZIP,2004-07-21 00:00:00
DI-514,B,2.04,ftp://ftp2.dlink.com/PRODUCTS/DI-514/REVB/DI-514_REVB_FIRMWARE_2.04.ZIP,2004-07-14 00:00:00
DI-524,A,1.23,ftp://FTP2.DLINK.COM/PRODUCTS/DI-524/REVA/DI-524_FIRMWARE_1.23.ZIP,2006-08-16 00:00:00
DI-524,C,3.23,ftp://ftp2.dlink.com/PRODUCTS/DI-524/REVC/DI-524_REVC_FIRMWARE_3.23.ZIP,2006-07-05 00:00:00
DI-524,C,3.20,ftp://ftp2.dlink.com/PRODUCTS/DI-524/REVC/DI-524_REVC_FIRMWARE_3.20.ZIP,2005-09-01 00:00:00
DI-524,D,4.03,ftp://ftp2.dlink.com/PRODUCTS/DI-524/REVD/DI-524_REVD_FIRMWARE_4.03.ZIP,2006-08-16 00:00:00
DI-524,D,4.00,ftp://ftp2.dlink.com/PRODUCTS/DI-524/REVD/DI-524_REVD_FIRMWARE_4.00.ZIP,2013-07-16 00:00:00
DI-524,E,H/W: E3/E4 ONLY) (5.13.B01,ftp://FTP2.DLINK.COM/PRODUCTS/DI-524/REVE/DIR-524_REVEx_FIRMWARE_5.13.B01.ZIP,2013-10-28 00:00:00
DI-524,E,5.10,ftp://ftp2.dlink.com/PRODUCTS/DI-524/REVE/DI-524_REVE_FIRMWARE_5.10.ZIP,2006-01-10 00:00:00
DI-604,E,3.53,ftp://ftp2.dlink.com/PRODUCTS/DI-604/REVE/DI-604_REVE_FIRMWARE_3.53.ZIP,2007-04-24 00:00:00
DI-604,E,3.52,ftp://ftp2.dlink.com/PRODUCTS/DI-604/REVE/DI-604_REVE_FIRMWARE_3.52.ZIP,2006-06-05 00:00:00
DI-604UP,ALL,1.04.B01,ftp://FTP2.DLINK.COM/PRODUCTS/DI-604UP/REVA/DI-604UP_REVA_FIRMWARE_1.04.B01_WW.ZIP,2013-11-06 00:00:00
DI-604UP,ALL,1.03 Beta,ftp://ftp2.dlink.com/PRODUCTS/DI-604UP/REVA/DI-604UP_BETA_FIRMWARE_1.03.ZIP,2013-10-03 00:00:00
DI-614+,A,2.34,ftp://ftp2.dlink.com/PRODUCTS/DI-614PLUS/REVA/DI-614PLUS_FIRMWARE_2.34.ZIP,2006-03-20 00:00:00
DI-614+,B,3.44,ftp://ftp2.dlink.com/PRODUCTS/DI-614PLUS/REVB/DI-614PLUS_REVB_FIRMWARE_3.44.ZIP,2006-03-20 00:00:00
DI-624,A,1.25,ftp://ftp2.dlink.com/PRODUCTS/DI-624/REVA/DI-624_AX_BETA_FIRMWARE_1.25.ZIP,2005-12-19 00:00:00
DI-624,B,1.25,ftp://ftp2.dlink.com/PRODUCTS/DI-624/REVB/DI-624_REVB_AX_BETA_FIRMWARE_1.25.ZIP,2005-12-19 00:00:00
DI-624,C,2.76,ftp://ftp2.dlink.com/PRODUCTS/DI-624/REVC/DI-624_REVC_FIRMWARE_2.76.ZIP,2006-09-05 00:00:00
DI-624,C,2.71 Beta,ftp://ftp2.dlink.com/PRODUCTS/DI-624/REVC/DI-624_REVC_BETA_FIRMWARE_2.71.ZIP,2013-07-16 00:00:00
DI-624,D,4.04,ftp://ftp2.dlink.com/PRODUCTS/DI-624/REVD/DI-624_REVD_FIRMWARE_4.04.ZIP,2007-06-13 00:00:00
DI-624,D,4.03 Air Plus,ftp://ftp2.dlink.com/PRODUCTS/DI-624/REVD/DI-624_REVD_AIR_PLUS_4.03_ROM.ZIP,2007-05-10 00:00:00
DI-624,D,4.02,ftp://ftp2.dlink.com/PRODUCTS/DI-624/REVD/DI-624_REVD_FIRMWARE_4.02.ZIP,2006-02-07 00:00:00
DI-624M,ALL,2.50,ftp://ftp2.dlink.com/PRODUCTS/DI-624M/REVA/DI-624M_FIRMWARE_2.50.ZIP,2007-02-12 00:00:00
DI-624M,ALL,1.20,ftp://ftp2.dlink.com/PRODUCTS/DI-624M/REVA/DI-624M_FIRMWARE_1.20.ZIP,2005-06-13 00:00:00
DI-624S,B,1.12.B01,ftp://ftp2.dlink.com/PRODUCTS/DI-624S/REVB/DI-624S_REVBx_FIRMWARE_1.12.B01_WW.ZIP,2013-10-28 00:00:00
DI-701,ALL,4.10,ftp://ftp2.dlink.com/PRODUCTS/DI-701/REVA/DI-701_FIRMWARE_4.1.0.ZIP,2002-06-24 00:00:00
DI-701,ALL,4.06,ftp://ftp2.dlink.com/PRODUCTS/DI-701/REVA/DI-701_FIRMWARE_4.0.6.ZIP,2002-05-03 00:00:00
DI-704,ALL,2.57B3,ftp://ftp2.dlink.com/PRODUCTS/DI-704/REVA/DI-704_FIRMWARE_2.57B3.ZIP,2013-07-16 00:00:00
DI-704,ALL,2.56B20,ftp://ftp2.dlink.com/PRODUCTS/DI-704/REVA/DI-704_FIRMWARE_2.56B20.ZIP,2013-07-16 00:00:00
DI-704,ALL,2.55B15,ftp://ftp2.dlink.com/PRODUCTS/DI-704/REVA/DI-704_FIRMWARE_2.55B15.ZIP,2013-07-16 00:00:00
DI-704,ALL,2.55B12,ftp://ftp2.dlink.com/PRODUCTS/DI-704/REVA/DI-704_FIRMWARE_2.55B12.EXE,2013-07-16 00:00:00
DI-704,ALL,2.53B6,ftp://ftp2.dlink.com/PRODUCTS/DI-704/REVA/DI-704_FIRMWARE_2.53B6.ZIP,2013-07-16 00:00:00
DI-704,ALL,2.52B6,ftp://ftp2.dlink.com/PRODUCTS/DI-704/REVA/DI-704_FIRMWARE_2.52B6.EXE,2013-07-16 00:00:00
DI-704P,D,3.15,ftp://ftp2.dlink.com/PRODUCTS/DI-704P/REVD/DI-704P_REVD_FIRMWARE_3.15.ZIP,2006-09-05 00:00:00
DI-704UP,ALL,1.03,ftp://ftp2.dlink.com/PRODUCTS/DI-704UP/REVA/DI-704UP_FIRMWARE_1.03.ZIP,2003-09-01 00:00:00
DI-707,ALL,2.57B3,ftp://ftp2.dlink.com/PRODUCTS/DI-707/REVA/DI-707_FIRMWARE_2.57B3.ZIP,2002-02-07 00:00:00
DI-707,ALL,2.56B20,ftp://ftp2.dlink.com/PRODUCTS/DI-707/REVA/DI-707_FIRMWARE_2.56B20.ZIP,2013-07-16 00:00:00
DI-707,ALL,2.55B15,ftp://ftp2.dlink.com/PRODUCTS/DI-707/REVA/DI-707_FIRMWARE_2.55B15.EXE,2013-07-16 00:00:00
DI-707,ALL,2.55B12,ftp://ftp2.dlink.com/PRODUCTS/DI-707/REVA/DI-707_FIRMWARE_2.55B12.EXE,2013-07-16 00:00:00
DI-707,ALL,2.53B6,ftp://ftp2.dlink.com/PRODUCTS/DI-707/REVA/DI-707_FIRMWARE_2.53B6.EXE,2013-07-16 00:00:00
DI-707P,A,2.70,ftp://ftp2.dlink.com/PRODUCTS/DI-707P/REVA/DI-707P_FIRMWARE_2.70.ZIP,2003-02-06 00:00:00
DI-707P,C,3.00,ftp://ftp2.dlink.com/PRODUCTS/DI-707P/REVC/DI-707P_REVC_FIRMWARE_3.00.ZIP,2003-09-17 00:00:00
DI-711,B,4.59,ftp://ftp2.dlink.com/PRODUCTS/DI-711/REVB/DI-711_REVB_FIRMWARE_4.59.ZIP,2013-07-16 00:00:00
DI-711,B,4.48,ftp://ftp2.dlink.com/PRODUCTS/DI-711/REVB/DI-711_REVB_FIRMWARE_4.48.ZIP,2013-07-16 00:00:00
DI-713,ALL,2.53B9,ftp://ftp2.dlink.com/PRODUCTS/DI-713/REVA/DI-713_FIRMWARE_2.53B9.ZIP,2013-10-04 00:00:00
DI-713,ALL,2.53B6,ftp://ftp2.dlink.com/PRODUCTS/DI-713/REVA/DI-713_FIRMWARE_2.53B6.ZIP,2013-07-16 00:00:00
DI-713,ALL,2.53B1,ftp://ftp2.dlink.com/PRODUCTS/DI-713/REVA/DI-713_FIRMWARE_2.53B1.ZIP,2013-07-16 00:00:00
DI-713P,ALL,260B6A,ftp://ftp2.dlink.com/PRODUCTS/DI-713P/REVA/DI-713P_FIRMWARE_2.60B6A.ZIP,2002-10-28 00:00:00
DI-713P,ALL,257B3A1,ftp://ftp2.dlink.com/PRODUCTS/DI-713P/REVA/DI-713P_FIRMWARE_2.57B3A1.ZIP,2002-05-09 00:00:00
DI-713P,ALL,2.60B2,ftp://ftp2.dlink.com/PRODUCTS/DI-713P/REVA/DI-713P_FIRMWARE_2.60B2.ZIP,2002-06-20 00:00:00
DI-714,ALL,4.64,ftp://ftp2.dlink.com/PRODUCTS/DI-714/REVA/DI-714_FIRMWARE_4.64.ZIP,2001-07-27 00:00:00
DI-714,ALL,4.59,ftp://ftp2.dlink.com/PRODUCTS/DI-714/REVA/DI-714_FIRMWARE_4.59.ZIP,2001-07-27 00:00:00
DI-714P+,ALL,1.33,ftp://ftp2.dlink.com/PRODUCTS/DI-714PPLUS/REVA/DI-714PPLUS_FIRMWARE_1.33.ZIP,2004-08-03 00:00:00
DI-714P+,ALL,1.31,ftp://ftp2.dlink.com/PRODUCTS/DI-714PPLUS/REVA/DI-714PPLUS_FIRMWARE_1.31.ZIP,2013-07-16 00:00:00
DI-804,ALL,4.68,ftp://ftp2.dlink.com/PRODUCTS/DI-804/REVA/DI-804_FIRMWARE_4.68.ZIP,2002-04-26 00:00:00
DI-804,ALL,4.67,ftp://ftp2.dlink.com/PRODUCTS/DI-804/REVA/DI-804_FIRMWARE_4.67.ZIP,2002-01-10 00:00:00
DI-804HV,ALL,1.51,ftp://ftp2.dlink.com/PRODUCTS/DI-804HV/REVA/DI-804HV_FIRMWARE_1.51.ZIP,2013-07-16 00:00:00
DI-804HV,ALL,1.45,ftp://ftp2.dlink.com/PRODUCTS/DI-804HV/REVA/DI-804HV_FIRMWARE_1.45.ZIP,2013-07-16 00:00:00
DI-804HV,ALL,1.44,ftp://ftp2.dlink.com/PRODUCTS/DI-804HV/REVA/DI-804HV_FIRMWARE_1.44.ZIP,2013-07-16 00:00:00
DI-804HV,ALL,1.43,ftp://ftp2.dlink.com/PRODUCTS/DI-804HV/REVA/DI-804HV_FIRMWARE_1.43.ZIP,2013-07-16 00:00:00
DI-804V,ALL,4.70,ftp://ftp2.dlink.com/PRODUCTS/DI-804V/REVA/DI-804V_FIRMWARE_4.70.ZIP,2002-07-17 00:00:00
DI-808HV,ALL,1.51,ftp://ftp2.dlink.com/PRODUCTS/DI-808HV/REVA/DI-808HV_FIRMWARE_1.51.ZIP,2008-08-13 00:00:00
DI-808HV,ALL,1.44,ftp://ftp2.dlink.com/PRODUCTS/DI-808HV/REVA/DI-808HV_FIRMWARE_1.44.ZIP,2007-03-08 00:00:00
DI-808HV,ALL,1.43,ftp://ftp2.dlink.com/PRODUCTS/DI-808HV/REVA/DI-808HV_FIRMWARE_1.43.ZIP,2006-03-20 00:00:00
DI-824VUP,ALL,1.05,ftp://ftp2.dlink.com/PRODUCTS/DI-824VUP/REVA/DI-824VUP_FIRMWARE_1.05.ZIP,2005-07-21 00:00:00
DI-824VUP,ALL,1.03,ftp://ftp2.dlink.com/PRODUCTS/DI-824VUP/REVA/DI-824VUP_FIRMWARE_1.03.ZIP,2004-08-23 00:00:00
DI-824VUP,ALL,1.01,ftp://ftp2.dlink.com/PRODUCTS/DI-824VUP/REVA/DI-824VUP_FIRMWARE_1.01.ZIP,2004-05-25 00:00:00
DI-824VUP,ALL,1.00,ftp://ftp2.dlink.com/PRODUCTS/DI-824VUP/REVA/DI-824VUP_FIRMWARE_1.00.ZIP,2013-07-16 00:00:00
DI-LB604,ALL,1.01,ftp://ftp2.dlink.com/PRODUCTS/DI-LB604/REVA/DI-LB604_FIRMWARE_1.01.ZIP,2006-12-18 00:00:00
DI-LB604,ALL,1.00,ftp://ftp2.dlink.com/PRODUCTS/DI-LB604/REVA/DI-LB604_FIRMWARE_1.00.ZIP,2006-12-07 00:00:00
DIR-450,A,1.03,ftp://FTP2.DLINK.COM/PRODUCTS/DIR-450/REVA/DIR-450_FIRMWARE_1.03.ZIP,2008-01-17 00:00:00
DIR-450,A,1.02,ftp://FTP2.DLINK.COM/PRODUCTS/DIR-450/REVA/DIR-450_FIRMWARE_1.02.ZIP,2007-11-27 00:00:00
DIR-450,A,1.01,ftp://FTP2.DLINK.COM/PRODUCTS/DIR-450/REVA/DIR-450_FIRMWARE_1.01.ZIP,2007-02-01 00:00:00
DIR-450,A,1.00,ftp://FTP2.DLINK.COM/PRODUCTS/DIR-450/REVA/DIR-450_FIRMWARE_1.00.ZIP,2006-11-02 00:00:00
DIR-451,A,1.03,ftp://FTP2.DLINK.COM/PRODUCTS/DIR-451/REVA/DIR-451_FIRMWARE_1.03.ZIP,2008-08-25 00:00:00
DIR-451,A,1.02,ftp://FTP2.DLINK.COM/PRODUCTS/DIR-451/REVA/DIR-451_FIRMWARE_1.02.ZIP,2008-01-10 00:00:00
DIR-451,A,1.01,ftp://FTP2.DLINK.COM/PRODUCTS/DIR-451/REVA/DIR-451_FIRMWARE_1.01.ZIP,2007-05-17 00:00:00
DIR-505,A,1.10.B02,ftp://FTP2.DLINK.COM/PRODUCTS/DIR-505/REVA/DIR-505_FIRMWARE_1.10.B02.ZIP,2014-12-30 00:00:00
DIR-505,A,1.09B02,ftp://ftp2.dlink.com/PRODUCTS/DIR-505/REVA/DIR-505_FIRMWARE_1.09B02.ZIP,2014-07-31 00:00:00
DIR-505,A,1.08B10,ftp://ftp2.dlink.com/PRODUCTS/DIR-505/REVA/DIR-505_FIRMWARE_1.08B10.ZIP,2014-05-19 00:00:00
DIR-505,A,1.07,ftp://ftp2.dlink.com/PRODUCTS/DIR-505/REVA/DIR-505_FIRMWARE_1.07.ZIP,2013-09-05 00:00:00
DIR-505,A,1.06,ftp://FTP2.DLINK.COM/PRODUCTS/DIR-505/REVA/DIR-505_FIRMWARE_1.06.ZIP,2012-10-30 00:00:00
DIR-505,A,1.05,ftp://FTP2.DLINK.COM/PRODUCTS/DIR-505/REVA/DIR-505_FIRMWARE_1.05.ZIP,2012-10-29 00:00:00
DIR-505,A,1.03,ftp://FTP2.DLINK.COM/PRODUCTS/DIR-505/REVA/DIR-505_FIRMWARE_1.03.ZIP,2012-07-11 00:00:00
DIR-505,A,1.02,ftp://FTP2.DLINK.COM/PRODUCTS/DIR-505/REVA/DIR-505_FIRMWARE_1.02.ZIP,2012-06-04 00:00:00
DIR-505,A,1.01,ftp://FTP2.DLINK.COM/PRODUCTS/DIR-505/REVA/DIR-505_FIRMWARE_1.01.ZIP,2012-05-04 00:00:00
DIR-505L,A,1.03.B07,ftp://FTP2.DLINK.COM/PRODUCTS/DIR-505L/REVA/DIR-505L_REVA_FIRMWARE_1.03.B07.ZIP,2014-11-03 00:00:00
DIR-505L,A,1.01,ftp://FTP2.DLINK.COM/PRODUCTS/DIR-505L/REVA/DIR-505L_FIRMWARE_1.01.ZIP,2012-10-29 00:00:00
DIR-506L,A,2.13,ftp://FTP2.DLINK.COM/PRODUCTS/DIR-506L/REVA/DIR-506L_FIRMWARE_2.13.ZIP,2013-02-06 00:00:00
DIR-510L,A,"1.06,B02",ftp://FTP2.DLINK.COM/PRODUCTS/DIR-510L/REVA/DIR-510L_REVA_FIRMWARE_1.06.B02.ZIP,2015-09-10 00:00:00
DIR-510L,A,1.05.B10,ftp://FTP2.DLINK.COM/PRODUCTS/DIR-510L/REVA/DIR-510L_REVA_FIRMWARE_1.05.B10.ZIP,2015-04-14 00:00:00
DIR-510L,A,1.04.B01,ftp://ftp2.dlink.com/PRODUCTS/DIR-510L/REVA/DIR-510L_REVA_FIRMWARE_1.04.B01.ZIP,2014-10-07 00:00:00
DIR-510L,A,1.03.B03,ftp://ftp2.dlink.com/PRODUCTS/DIR-510L/REVA/DIR-510L_REVA_FIRMWARE_1.03.B03.ZIP,2014-04-30 00:00:00
DIR-510L,A,1.02.B04,ftp://ftp2.dlink.com/PRODUCTS/DIR-510L/REVA/DIR-510L_REVA_FIRMWARE_1.02.B04.ZIP,2014-02-28 00:00:00
DIR-510L,A,1.01.B02,ftp://ftp2.dlink.com/PRODUCTS/DIR-510L/REVA/DIR-510L_REVA_FIRMWARE_1.01B02.ZIP,2014-01-09 00:00:00
DIR-515,A,1.02,ftp://FTP2.DLINK.COM/PRODUCTS/DIR-515/REVA/DIR-515_FIRMWARE_1.02.ZIP,2013-02-13 00:00:00
DIR-600,A,1.0.1,ftp://ftp2.dlink.com/PRODUCTS/DIR-600/REVA/DIR-600_FIRMWARE_1.0.1.ZIP,2009-07-22 00:00:00
DIR-600L,A,1.17.B01,ftp://FTP2.DLINK.COM/SECURITY_ADVISEMENTS/DIR-600L/DIR-600L_REVA_FIRMWARE_PATCH_1.17.B01_WW.ZIP,2016-05-12 00:00:00
DIR-600L,A,1.14,ftp://FTP2.DLINK.COM/PRODUCTS/DIR-600L/REVA/DIR-600L_FIRMWARE_1.14.ZIP,2013-02-13 00:00:00
DIR-600L,B,2.05UIB03,ftp://ftp2.dlink.com/PRODUCTS/DIR-600L/REVB/DIR-600L_REVB_FIRMWARE_2.05UIB03.ZIP,2014-02-28 00:00:00
DIR-600L,B,2.04B02,ftp://ftp2.dlink.com/PRODUCTS/DIR-600L/REVB/DIR-600L_REVB_FIRMWARE_2.04B02.ZIP,2013-12-04 00:00:00
DIR-601,A,1.04B02,ftp://ftp2.dlink.com/PRODUCTS/DIR-601/REVA/DIR-601_REVA_FIRMWARE_1.04B02.ZIP,2013-11-08 00:00:00
DIR-601,A,1.02,ftp://ftp2.dlink.com/PRODUCTS/DIR-601/REVA/DIR-601_REVA_FIRMWARE_1.02.ZIP,2011-02-24 00:00:00
DIR-601,A,1.01,ftp://ftp2.dlink.com/PRODUCTS/DIR-601/REVA/DIR-601_REVA_FIRMWARE_1.01.ZIP,2010-02-18 00:00:00
DIR-601,B,2.02.BETA01B01,ftp://FTP2.DLINK.COM/SECURITY_ADVISEMENTS/DIR-601/REVB/DIR-601_REVB_FIRMWARE_PATCH_2.02.BETA01B01.ZIP,2015-11-20 00:00:00
DIR-601,B,2.01,ftp://FTP2.DLINK.COM/PRODUCTS/DIR-601/REVB/DIR-601_REVB_FIRMWARE_2.01.ZIP,2012-11-15 00:00:00
DIR-605L,A,1.16.B03,ftp://FTP2.DLINK.COM/PRODUCTS/DIR-605L/REVA/DIR-605L_REVA_FIRMWARE_1.16.B03_WW.ZIP,2016-01-05 00:00:00
DIR-605L,A,1.14,ftp://FTP2.DLINK.COM/PRODUCTS/DIR-605L/REVA/DIR-605L_FIRMWARE_1.14.ZIP,2013-03-20 00:00:00
DIR-605L,A,1.13,ftp://FTP2.DLINK.COM/PRODUCTS/DIR-605L/REVA/DIR-605L_FIRMWARE_1.13.ZIP,2012-07-12 00:00:00
DIR-605L,B,2.06.B01,ftp://FTP2.DLINK.COM/PRODUCTS/DIR-605L/REVB/DIR-605L_REVB_FIRMWARE_2.06.B01.ZIP,2015-10-16 00:00:00
DIR-605L,B,2.05UI.B04,ftp://ftp2.dlink.com/PRODUCTS/DIR-605L/REVB/DIR-605L_REVB_FIRMWARE_2.05UIB04.ZIP,2014-09-12 00:00:00
DIR-605L,B,2.04UI.B01,ftp://ftp2.dlink.com/PRODUCTS/DIR-605L/REVB/DIR-605L_REVB_FIRMWARE_2.04UIB01.ZIP,2014-02-28 00:00:00
DIR-605L,B,2.03,ftp://ftp2.dlink.com/PRODUCTS/DIR-605L/REVB/DIR-605L_REVB_FIRMWARE_2.03.ZIP,2014-02-21 00:00:00
DIR-605L,B,2.02.B02,FTP://FTP2.DLINK.COM/PRODUCTS/DIR-605L/REVB/DIR-605L_REVB_FIRMWARE_2.02.B02.ZIP,2013-12-03 00:00:00
DIR-615,A,1.10,ftp://ftp2.dlink.com/PRODUCTS/DIR-615/REVA/DIR-615_REVA_FIRMWARE_1.10.ZIP,2012-07-30 00:00:00
DIR-615,A,1.00,ftp://ftp2.dlink.com/PRODUCTS/DIR-615/REVA/DIR-615_REVA_FIRMWARE_1.00.ZIP,2007-03-15 00:00:00
DIR-615,B,2.25,ftp://FTP2.DLINK.COM/PRODUCTS/DIR-615/REVB/DIR-615_REVB_FIRMWARE_2.25.ZIP,2008-06-11 00:00:00
DIR-615,B,2.24,ftp://FTP2.DLINK.COM/PRODUCTS/DIR-615/REVB/DIR-615_REVB_FIRMWARE_2.24.ZIP,2007-12-20 00:00:00
DIR-615,B,2.23,ftp://FTP2.DLINK.COM/PRODUCTS/DIR-615/REVB/DIR-615_REVB_FIRMWARE_2.23.ZIP,2007-08-22 00:00:00
DIR-615,B,2.21,ftp://FTP2.DLINK.COM/PRODUCTS/DIR-615/REVB/DIR-615_REVB_FIRMWARE_2.21.ZIP,2007-08-22 00:00:00
DIR-615,C,3.13,ftp://FTP2.DLINK.COM/PRODUCTS/DIR-615/REVC/DIR-615_REVC_FIRMWARE_3.13.ZIP,2013-07-16 00:00:00
DIR-615,C,3.12,ftp://FTP2.DLINK.COM/PRODUCTS/DIR-615/REVC/DIR-615_REVC_FIRMWARE_3.12.ZIP,2010-03-08 00:00:00
DIR-615,C,3.11,ftp://FTP2.DLINK.COM/PRODUCTS/DIR-615/REVC/DIR-615_REVC_FIRMWARE_3.11.ZIP,2013-07-16 00:00:00
DIR-615,C,3.10,ftp://FTP2.DLINK.COM/PRODUCTS/DIR-615/REVC/DIR-615_REVC_FIRMWARE_3.10.ZIP,2013-07-16 00:00:00
DIR-615,C,3.01,ftp://FTP2.DLINK.COM/PRODUCTS/DIR-615/REVC/DIR-615_REVC_FIRMWARE_3.01.ZIP,2013-07-16 00:00:00
DIR-615,C,3.00,ftp://FTP2.DLINK.COM/PRODUCTS/DIR-615/REVC/DIR-615_REVC_FIRMWARE_3.00.ZIP,2013-07-16 00:00:00
DIR-615,E,5.11,ftp://FTP2.DLINK.COM/PRODUCTS/DIR-615/REVE/DIR-615_REVE_FIRMWARE_5.11.ZIP,2013-07-16 00:00:00
DIR-615,E,5.10NA - For Hardware E3 ONLY,ftp://FTP2.DLINK.COM/PRODUCTS/DIR-615/REVE/DIR-615_REVE_FIRMWARE_5.10.ZIP,2010-09-27 00:00:00
DIR-615,E,5.01 - For Hardware E1 ONLY!,ftp://FTP2.DLINK.COM/PRODUCTS/DIR-615/REVE/DIR-615_REVE_FIRMWARE_5.01.ZIP,2011-03-30 00:00:00
DIR-615,E,5.0,ftp://FTP2.DLINK.COM/PRODUCTS/DIR-615/REVE/DIR-615_REVE_FIRMWARE_5.00.ZIP,2013-07-16 00:00:00
DIR-615,I,9.03,ftp://FTP2.DLINK.COM/PRODUCTS/DIR-615/REVI/DIR-615_REVI_FIRMWARE_9.03.ZIP,2013-06-24 00:00:00
DIR-625,A,1.09,ftp://ftp2.dlink.com/PRODUCTS/DIR-625/REVA/DIR-625_FIRMWARE_1.09.ZIP,2006-11-29 00:00:00
DIR-625,A,1.08,ftp://ftp2.dlink.com/PRODUCTS/DIR-625/REVA/DIR-625_FIRMWARE_1.08.ZIP,2006-09-25 00:00:00
DIR-625,A,1.07,ftp://ftp2.dlink.com/PRODUCTS/DIR-625/REVA/DIR-625_FIRMWARE_1.07.ZIP,2006-08-24 00:00:00
DIR-625,A,1.05,ftp://ftp2.dlink.com/PRODUCTS/DIR-625/REVA/DIR-625_FIRMWARE_1.05.ZIP,2006-06-26 00:00:00
DIR-625,A,1.04,ftp://ftp2.dlink.com/PRODUCTS/DIR-625/REVA/DIR-625_FIRMWARE_1.04.ZIP,2006-06-02 00:00:00
DIR-625,C,3.08,ftp://ftp2.dlink.com/PRODUCTS/DIR-625/REVC/DIR-625_REVC_FIRMWARE_3.08.ZIP,2009-03-04 00:00:00
DIR-625,C,3.07,ftp://ftp2.dlink.com/PRODUCTS/DIR-625/REVC/DIR-625_REVC_FIRMWARE_3.07.ZIP,2008-12-15 00:00:00
DIR-625,C,3.05,ftp://ftp2.dlink.com/PRODUCTS/DIR-625/REVC/DIR-625_REVC_FIRMWARE_3.05.ZIP,2008-02-19 00:00:00
DIR-625,C,3.04B06,ftp://ftp2.dlink.com/PRODUCTS/DIR-625/REVC/DIR-625_REVC_BETA_FIRMWARE_3.04B06.ZIP,2013-07-16 00:00:00
DIR-625,C,3.04,ftp://ftp2.dlink.com/PRODUCTS/DIR-625/REVC/DIR-625_REVC_FIRMWARE_3.04.ZIP,2007-11-08 00:00:00
DIR-625,C,3.03,ftp://ftp2.dlink.com/PRODUCTS/DIR-625/REVC/DIR-625_REVC_FIRMWARE_3.03.ZIP,2007-09-19 00:00:00
DIR-625,C,3.01,ftp://ftp2.dlink.com/PRODUCTS/DIR-625/REVC/DIR-625_REVC_FIRMWARE_3.01.ZIP,2007-05-11 00:00:00
DIR-626L,A,1.04.B05,ftp://ftp2.dlink.com/PRODUCTS/DIR-626L/REVA/DIR-626L_REVA_FIRMWARE_1.04.B05.ZIP,2015-03-03 00:00:00
DIR-626L,A,1.03,ftp://FTP2.DLINK.COM/PRODUCTS/DIR-626L/REVA/DIR-626L_FIRMWARE_1.03.ZIP,2013-06-06 00:00:00
DIR-626L,A,1.02,ftp://FTP2.DLINK.COM/PRODUCTS/DIR-626L/REVA/DIR-626L_FIRMWARE_1.02.ZIP,2013-02-11 00:00:00
DIR-628,A,1.25,ftp://FTP2.DLINK.COM/PRODUCTS/DIR-628/REVA/DIR-628_FIRMWARE_1.25.ZIP,2010-11-28 00:00:00
DIR-628,A,1.24,ftp://FTP2.DLINK.COM/PRODUCTS/DIR-628/REVA/DIR-628_FIRMWARE_1.24.ZIP,2010-05-20 00:00:00
DIR-628,A,1.23,ftp://FTP2.DLINK.COM/PRODUCTS/DIR-628/REVA/DIR-628_FIRMWARE_1.23.ZIP,2010-05-11 00:00:00
DIR-628,A,1.22,ftp://FTP2.DLINK.COM/PRODUCTS/DIR-628/REVA/DIR-628_FIRMWARE_1.22.ZIP,2009-08-13 00:00:00
DIR-628,A,1.20,ftp://FTP2.DLINK.COM/PRODUCTS/DIR-628/REVA/DIR-628_FIRMWARE_1.20.ZIP,2009-05-11 00:00:00
DIR-628,A,1.13,ftp://FTP2.DLINK.COM/PRODUCTS/DIR-628/REVA/DIR-628_FIRMWARE_1.13.ZIP,2008-10-02 00:00:00
DIR-628,A,1.12,ftp://FTP2.DLINK.COM/PRODUCTS/DIR-628/REVA/DIR-628_FIRMWARE_1.12.ZIP,2008-08-25 00:00:00
DIR-628,A,1.11,ftp://FTP2.DLINK.COM/PRODUCTS/DIR-628/REVA/DIR-628_FIRMWARE_1.11.ZIP,2008-07-14 00:00:00
DIR-632,A,1.03,ftp://FTP2.DLINK.COM/PRODUCTS/DIR-632/REVA/DIR-632_FIRMWARE_1.03.ZIP,2013-02-13 00:00:00
DIR-632,A,1.01,ftp://FTP2.DLINK.COM/PRODUCTS/DIR-632/REVA/DIR-632_FIRMWARE_1.01.ZIP,2011-07-07 00:00:00
DIR-635,A,1.09,ftp://ftp2.dlink.com/PRODUCTS/DIR-635/REVA/DIR-635_FIRMWARE_1.09.ZIP,2006-11-29 00:00:00
DIR-635,A,1.08,ftp://ftp2.dlink.com/PRODUCTS/DIR-635/REVA/DIR-635_FIRMWARE_1.08.ZIP,2006-09-25 00:00:00
DIR-635,A,1.07,ftp://ftp2.dlink.com/PRODUCTS/DIR-635/REVA/DIR-635_FIRMWARE_1.07.ZIP,2006-08-24 00:00:00
DIR-635,A,1.06,ftp://ftp2.dlink.com/PRODUCTS/DIR-635/REVA/DIR-635_FIRMWARE_1.06.ZIP,2006-07-13 00:00:00
DIR-635,A,1.05,ftp://ftp2.dlink.com/PRODUCTS/DIR-635/REVA/DIR-635_FIRMWARE_1.05.ZIP,2006-06-15 00:00:00
DIR-635,A,1.04,ftp://ftp2.dlink.com/PRODUCTS/DIR-635/REVA/DIR-635_FIRMWARE_1.04.ZIP,2006-06-02 00:00:00
DIR-636L,A,1.04,ftp://FTP2.DLINK.COM/PRODUCTS/DIR-636L/REVA/DIR-636L_FIRMWARE_1.04.ZIP,2013-04-29 00:00:00
DIR-636L,A,1.03,ftp://FTP2.DLINK.COM/PRODUCTS/DIR-636L/REVA/DIR-636L_FIRMWARE_1.03.ZIP,2013-02-11 00:00:00
DIR-636L,A,1.02,ftp://FTP2.DLINK.COM/PRODUCTS/DIR-636L/REVA/DIR-636L_FIRMWARE_1.02.ZIP,2012-11-15 00:00:00
DIR-636L,A,1.01,ftp://FTP2.DLINK.COM/PRODUCTS/DIR-636L/REVA/DIR-636L_FIRMWARE_1.01.ZIP,2012-07-11 00:00:00
DIR-636L,A,1.00,ftp://FTP2.DLINK.COM/PRODUCTS/DIR-636L/REVA/DIR-636L_FIRMWARE_1.00.ZIP,2016-07-13 00:00:00
DIR-645,A,1.04.B13,ftp://FTP2.DLINK.COM/PRODUCTS/DIR-645/REVA/DIR-645_REVA_FIRMWARE_PATCH_1.04.B13.ZIP,2015-04-09 00:00:00
DIR-645,A,1.04.B12 (BETA,ftp://FTP2.DLINK.COM/PRODUCTS/DIR-645/REVA/DIR-645_FIRMWARE_1.04.B12_BETA.ZIP,2014-09-03 00:00:00
DIR-645,A,1.04.B11,ftp://FTP2.DLINK.COM/PRODUCTS/DIR-645/REVA/DIR-645_FIRMWARE_1.04.B11.ZIP,2013-12-04 00:00:00
DIR-645,A,1.04.B10 (BETA,ftp://FTP2.DLINK.COM/PRODUCTS/DIR-645/REVA/DIR-645_FIRMWARE_1.04.B10_BETA.ZIP,2013-06-11 00:00:00
DIR-645,A,1.04.B05,ftp://FTP2.DLINK.COM/PRODUCTS/DIR-645/REVA/DIR-645_FIRMWARE_1.04.B05.ZIP,2014-09-02 00:00:00
DIR-645,A,1.03,ftp://FTP2.DLINK.COM/PRODUCTS/DIR-645/REVA/DIR-645_FIRMWARE_1.03.ZIP,2012-11-21 00:00:00
DIR-645,A,1.02,ftp://FTP2.DLINK.COM/PRODUCTS/DIR-645/REVA/DIR-645_FIRMWARE_1.02.ZIP,2012-07-12 00:00:00
DIR-645,A,1.01,ftp://FTP2.DLINK.COM/PRODUCTS/DIR-645/REVA/DIR-645_FIRMWARE_1.01.ZIP,2011-09-26 00:00:00
DIR-651,A,1.10,ftp://FTP2.DLINK.COM/PRODUCTS/DIR-651/REVA/DIR-651_FIRMWARE_1.10.ZIP,2011-08-24 00:00:00
DIR-651,A,1.01,ftp://FTP2.DLINK.COM/PRODUCTS/DIR-651/REVA/DIR-651_FIRMWARE_1.01.ZIP,2011-06-08 00:00:00
DIR-655,A,1.37,ftp://ftp2.dlink.com/PRODUCTS/DIR-655/REVA/DIR-655_REVA_FIRMWARE_1.37.ZIP,2013-06-11 00:00:00
DIR-655,A,1.36,ftp://ftp2.dlink.com/PRODUCTS/DIR-655/REVA/DIR-655_REVA_FIRMWARE_1.36.ZIP,2013-05-23 00:00:00
DIR-655,A,1.35,ftp://ftp2.dlink.com/PRODUCTS/DIR-655/REVA/DIR-655_REVA_FIRMWARE_1.35.ZIP,2010-12-28 00:00:00
DIR-655,A,1.34,ftp://ftp2.dlink.com/PRODUCTS/DIR-655/REVA/DIR-655_REVA_FIRMWARE_1.34.ZIP,2010-05-20 00:00:00
DIR-655,A,1.33,ftp://ftp2.dlink.com/PRODUCTS/DIR-655/REVA/DIR-655_REVA_FIRMWARE_1.33.ZIP,2010-01-28 00:00:00
DIR-655,A,1.32,ftp://ftp2.dlink.com/PRODUCTS/DIR-655/REVA/DIR-655_REVA_FIRMWARE_1.32.ZIP,2009-07-20 00:00:00
DIR-655,A,1.31,ftp://ftp2.dlink.com/PRODUCTS/DIR-655/REVA/DIR-655_REVA_FIRMWARE_1.31.ZIP,2009-04-28 00:00:00
DIR-655,A,1.21 No Securpot,ftp://ftp2.dlink.com/PRODUCTS/DIR-655/REVA/DIR-655_REVA_FIRMWARE_NOSECUREPOT_1.21.ZIP,2008-11-07 00:00:00
DIR-655,A,1.21,ftp://ftp2.dlink.com/PRODUCTS/DIR-655/REVA/DIR-655_REVA_FIRMWARE_1.21.ZIP,2008-09-30 00:00:00
DIR-655,A,1.20,ftp://ftp2.dlink.com/PRODUCTS/DIR-655/REVA/DIR-655_REVA_FIRMWARE_1.20.ZIP,2008-08-14 00:00:00
DIR-655,A,1.11,ftp://ftp2.dlink.com/PRODUCTS/DIR-655/REVA/DIR-655_REVA_FIRMWARE_1.11.ZIP,2007-12-18 00:00:00
DIR-655,A,1.10,ftp://ftp2.dlink.com/PRODUCTS/DIR-655/REVA/DIR-655_REVA_FIRMWARE_1.10.ZIP,2007-10-25 00:00:00
DIR-655,A,1.05,ftp://ftp2.dlink.com/PRODUCTS/DIR-655/REVA/DIR-655_REVA_FIRMWARE_1.05.ZIP,2006-07-13 00:00:00
DIR-655,A,1.04,ftp://ftp2.dlink.com/PRODUCTS/DIR-655/REVA/DIR-655_REVA_FIRMWARE_1.04.ZIP,2006-07-13 00:00:00
DIR-655,A,1.03,ftp://ftp2.dlink.com/PRODUCTS/DIR-655/REVA/DIR-655_REVA_FIRMWARE_1.03.ZIP,2006-07-13 00:00:00
DIR-655,A,1.02,ftp://ftp2.dlink.com/PRODUCTS/DIR-655/REVA/DIR-655_REVA_FIRMWARE_1.02.ZIP,2006-07-13 00:00:00
DIR-655,A,1.01,ftp://ftp2.dlink.com/PRODUCTS/DIR-655/REVA/DIR-655_REVA_FIRMWARE_1.01.ZIP,2006-07-13 00:00:00
DIR-655,B,2.11,ftp://FTP2.DLINK.COM/PRODUCTS/DIR-655/REVB/DIR-655_REVB_FIRMWARE_2.11.ZIP,2013-08-14 00:00:00
DIR-655,B,2.10,ftp://FTP2.DLINK.COM/PRODUCTS/DIR-655/REVB/DIR-655_REVB_FIRMWARE_2.10.ZIP,2012-11-15 00:00:00
DIR-655,B,2.07,ftp://FTP2.DLINK.COM/PRODUCTS/DIR-655/REVB/DIR-655_REVB_FIRMWARE_2.07.ZIP,2012-02-29 00:00:00
DIR-655,B,2.03,ftp://FTP2.DLINK.COM/PRODUCTS/DIR-655/REVB/DIR-655_REVB_FIRMWARE_2.03.ZIP,2011-07-07 00:00:00
DIR-655,B,2.01,ftp://FTP2.DLINK.COM/PRODUCTS/DIR-655/REVB/DIR-655_REVB_FIRMWARE_2.01.ZIP,2011-02-03 00:00:00
DIR-655,B,2.00,ftp://FTP2.DLINK.COM/PRODUCTS/DIR-655/REVB/DIR-655_REVB_FIRMWARE_2.00.ZIP,2010-09-16 00:00:00
DIR-655,c,3.02.B05,ftp://FTP2.DLINK.COM/PRODUCTS/DIR-655/REVC/DIR-655_REVC_FIRMWARE_3.02.B05.ZIP,2014-12-17 00:00:00
DIR-655,c,3.01B07,ftp://ftp2.dlink.com/PRODUCTS/DIR-655/REVC/DIR-655_REVC_FIRMWARE_3.01B07.ZIP,2014-02-28 00:00:00
DIR-655,c,3.00B10,ftp://ftp2.dlink.com/PRODUCTS/DIR-655/REVC/DIR-655_REVC_FIRMWARE_3.00B10.ZIP,2014-01-17 00:00:00
DIR-657,A,1.02B07_BETA,ftp://ftp2.dlink.com/PRODUCTS/DIR-657/REVA/DIR-657_FIRMWARE_1.02B07_BETA.ZIP,2013-04-18 00:00:00
DIR-657,A,1.01,ftp://FTP2.DLINK.COM/PRODUCTS/DIR-657/REVA/DIR-657_FIRMWARE_1.01.ZIP,2012-03-02 00:00:00
DIR-657,A,1.00,ftp://FTP2.DLINK.COM/PRODUCTS/DIR-657/REVA/DIR-657_FIRMWARE_1.00.ZIP,2011-06-28 00:00:00
DIR-665,A,1.00,ftp://FTP2.DLINK.COM/PRODUCTS/DIR-665/REVA/DIR-665_FIRMWARE_1.00.ZIP,2010-06-01 00:00:00
DIR-685,A,2.00,ftp://ftp2.dlink.com/PRODUCTS/DIR-685/REVA/DIR-685_FIRMWARE_2.00.ZIP,2010-06-21 00:00:00
DIR-685,A,1.01,ftp://ftp2.dlink.com/PRODUCTS/DIR-685/REVA/DIR-685_FIRMWARE_1.01.ZIP,2009-06-20 00:00:00
DIR-803,A,1.04.B02,ftp://ftp2.dlink.com/PRODUCTS/DIR-803/REVA/DIR-803_REVA_FIRMWARE_1.04.B02.ZIP,2014-11-24 00:00:00
DIR-803,A,1.03.B06,ftp://ftp2.dlink.com/PRODUCTS/DIR-803/REVA/DIR-803_FIRMWARE_1.03.B06.ZIP,2014-10-06 00:00:00
DIR-803,A,1.02B01,ftp://ftp2.dlink.com/PRODUCTS/DIR-803/REVA/DIR-803_FIRMWARE_1.02B01.ZIP,2013-12-31 00:00:00
DIR-808L,A,1.03B05,ftp://ftp2.dlink.com/PRODUCTS/DIR-808L/REVA/DIR-808L_FIRMWARE_1.03B05.ZIP,2013-12-19 00:00:00
DIR-808L,A,1.03B01,ftp://ftp2.dlink.com/PRODUCTS/DIR-808L/REVA/DIR-808L_FIRMWARE_1.03B01.ZIP,2013-11-22 00:00:00
DIR-810L,A,1.02B22,ftp://ftp2.dlink.com/PRODUCTS/DIR-810L/REVA/DIR-810L_REVA_FIRMWARE_1.02B22.ZIP,2014-08-18 00:00:00
DIR-810L,A,1.01B04,ftp://ftp2.dlink.com/PRODUCTS/DIR-810L/REVA/DIR-810L_REVA_FIRMWARE_1.01B04.ZIP,2013-05-01 00:00:00
DIR-810L,B,2.04.B01 BETA,ftp://FTP2.DLINK.COM/SECURITY_ADVISEMENTS/DIR-810L/REVB/DIR-810L_REVB_FIRMWARE_PATCH_2.04.B01_BETA.ZIP,2016-06-13 00:00:00
DIR-810L,B,2.03.B02,ftp://FTP2.DLINK.COM/PRODUCTS/DIR-810L/REVB/DIR-810L_REVB_FIRMWARE_2.03B02.ZIP,2014-12-17 00:00:00
DIR-810L,B,2.02.B01,ftp://ftp2.dlink.com/PRODUCTS/DIR-810L/REVB/DIR-810L_REVB_FIRMWARE_2.02.B01.ZIP,2014-10-08 00:00:00
DIR-810L,B,2.01.B03,ftp://ftp2.dlink.com/PRODUCTS/DIR-810L/REVB/DIR-810L_REVB_FIRMWARE_2.01B03.ZIP,2014-09-08 00:00:00
DIR-810L,B,2.00B07,ftp://ftp2.dlink.com/PRODUCTS/DIR-810L/REVB/DIR-810L_REVB_FIRMWARE_2.00B07.ZIP,2014-05-22 00:00:00
DIR-813,B,2.08.B02,ftp://FTP2.DLINK.COM/PRODUCTS/DIR-813/REVB/DIR-813_REVB_FIRMWARE_2.08.B02_WW.ZIP,2015-12-01 00:00:00
DIR-813,B,2.07.B03,ftp://FTP2.DLINK.COM/PRODUCTS/DIR-813/REVB/DIR-813_REVB_FIRMWARE_2.07.B03_WW.ZIP,2015-09-13 00:00:00
DIR-815,A,1.04.B03,ftp://FTP2.DLINK.COM/PRODUCTS/DIR-815/REVA/DIR-815_REVA_FIRMWARE_1.04.B03.ZIP,2014-09-04 00:00:00
DIR-815,A,1.04.B02,ftp://FTP2.DLINK.COM/PRODUCTS/DIR-815/REVA/DIR-815_FIRMWARE_1.04.B02.ZIP,2013-07-30 00:00:00
DIR-815,A,1.02,ftp://ftp2.dlink.com/PRODUCTS/DIR-815/REVA/DIR-815_FIRMWARE_1.02.ZIP,2012-07-24 00:00:00
DIR-815,A,1.01,ftp://FTP2.DLINK.COM/PRODUCTS/DIR-815/REVA/DIR-815_FIRMWARE_1.01.ZIP,2011-06-30 00:00:00
DIR-815,B,2.07.B01,ftp://FTP2.DLINK.COM/SECURITY_ADVISEMENTS/DIR-815/REVB/DIR-815_REVB_FIRMWARE_PATCH_2.07.B01.ZIP,2016-02-12 00:00:00
DIR-815,B,2.05.B01,ftp://FTP2.DLINK.COM/SECURITY_ADVISEMENTS/DIR-815/REVB/DIR-815_REVB_FIRMWARE_PATCH_2.05.B01.ZIP,2015-11-20 00:00:00
DIR-815,B,2.03.B02,ftp://FTP2.DLINK.COM/SECURITY_ADVISEMENTS/DIR-815/REVB/DIR-815_REVB_FIRMWARE_PATCH_2.03.B02.ZIP,2015-11-03 00:00:00
DIR-815,B,2.03.B08,ftp://ftp2.dlink.com/PRODUCTS/DIR-815/REVB/DIR-815_REVB_FIRMWARE_2.03.B08.ZIP,2014-09-04 00:00:00
DIR-815,B,2.03.B05,ftp://ftp2.dlink.com/PRODUCTS/DIR-815/REVB/DIR-815_REVB_FIRMWARE_2.03.B05.ZIP,2013-07-30 00:00:00
DIR-815,B,2.02.B01,ftp://FTP2.DLINK.COM/PRODUCTS/DIR-815/REVB/DIR-815_REVB_FIRMWARE_2.02.B01.ZIP,2013-07-16 00:00:00
DIR-815,B,2.01,ftp://FTP2.DLINK.COM/PRODUCTS/DIR-815/REVB/DIR-815_REVB_FIRMWARE_2.01.ZIP,2013-07-16 00:00:00
DIR-816L,B,2.06.B09_BETA,ftp://FTP2.DLINK.COM/SECURITY_ADVISEMENTS/DIR-816L/DIR-816L_REVB_FIRMWARE_PATCH_2.06.B09_BETA.ZIP,2015-11-04 00:00:00
DIR-816L,B,2.05.B02,ftp://ftp2.dlink.com/PRODUCTS/DIR-816L/REVB/DIR-816L_REVB_FIRMWARE_2.05.B02.ZIP,2014-11-24 00:00:00
DIR-816L,B,2.03B03,ftp://ftp2.dlink.com/PRODUCTS/DIR-816L/REVB/DIR-816L_REVB_FIRMWARE_2.03B03.ZIP,2014-03-17 00:00:00
DIR-816L,B,2.01B03,ftp://ftp2.dlink.com/PRODUCTS/DIR-816L/REVB/DIR-816L_REVB_FIRMWARE_2.01B03_WW.ZIP,2013-12-23 00:00:00
DIR-817LW,A,1.04.B02,ftp://FTP2.DLINK.COM/SECURITY_ADVISEMENTS/DIR-817LW/REVA/DIR-817LW_REVA_FIRMWARE_PATCH_1.04.B02.ZIP,2015-10-12 00:00:00
DIR-817LW,A,1.03.B05,ftp://ftp2.dlink.com/PRODUCTS/DIR-817LW/REVA/DIR-817LW_REVA_FIRMWARE_1.03.B05.ZIP,2014-12-15 00:00:00
DIR-817LW,A,1.02B01,ftp://ftp2.dlink.com/PRODUCTS/DIR-817LW/REVA/DIR-817LW_REVA_FIRMWARE_1.02B01.ZIP,2014-03-31 00:00:00
DIR-817LW,A,1.00B05,ftp://ftp2.dlink.com/PRODUCTS/DIR-817LW/REVA/DIR-817LW_REVA_FIRMWARE_1.00B05.ZIP,2014-02-07 00:00:00
DIR-818LW,A,1.04.B03,ftp://ftp2.dlink.com/PRODUCTS/DIR-818LW/REVA/DIR-818LW_REVA_FIRMWARE_1.04.B03.ZIP,2014-10-07 00:00:00
DIR-818LW,A,1.02,ftp://ftp2.dlink.com/PRODUCTS/DIR-818LW/REVA/DIR-818LW_REVA_FIRMWARE_1.02B03.ZIP,2014-03-31 00:00:00
DIR-818LW,A,1.01,ftp://ftp2.dlink.com/PRODUCTS/DIR-818LW/REVA/DIR-818LW_REVA_FIRMWARE_1.01B04.ZIP,2014-03-31 00:00:00
DIR-820L,A,1.06.B01,ftp://FTP2.DLINK.COM/PRODUCTS/DIR-820L/REVA/DIR-820L_REVA_FIRMWARE_1.06.B01.ZIP,2015-03-02 00:00:00
DIR-820L,A,1.05.B03,ftp://ftp2.dlink.com/PRODUCTS/DIR-820L/REVA/DIR-820L_REVA_FIRMWARE_1.05.B03.ZIP,2014-11-11 00:00:00
DIR-820L,A,1.04B03,ftp://ftp2.dlink.com/PRODUCTS/DIR-820L/REVA/DIR-820L_REVA_FIRMWARE_1.04B03.ZIP,2014-08-08 00:00:00
DIR-820L,A,1.03B05,ftp://ftp2.dlink.com/PRODUCTS/DIR-820L/REVA/DIR-820L_REVA_FIRMWARE_1.03B05.ZIP,2014-06-12 00:00:00
DIR-820L,A,1.02B10,ftp://ftp2.dlink.com/PRODUCTS/DIR-820L/REVA/DIR-820L_REVA_FIRMWARE_1.02B10.ZIP,2014-03-10 00:00:00
DIR-820L,A,1.01B23,ftp://ftp2.dlink.com/PRODUCTS/DIR-820L/REVA/DIR-820L_REVA_FIRMWARE_1.01B23.ZIP,2013-08-07 00:00:00
DIR-820L,A,1.00,ftp://ftp2.dlink.com/PRODUCTS/DIR-820L/REVA/DIR-820L_REVA_FIRMWARE_1.00.ZIP,2013-04-30 00:00:00
DIR-820L,B,2.02.B04,ftp://ftp2.dlink.com/PRODUCTS/DIR-820L/REVB/DIR-820L_REVB_FIRMWARE_2.02.B04.ZIP,2014-12-15 00:00:00
DIR-820L,B,2.01B02,ftp://ftp2.dlink.com/PRODUCTS/DIR-820L/REVB/DIR-820L_REVB_FIRMWARE_2.01B02.ZIP,2014-09-02 00:00:00
DIR-820L,B,2.00B12,ftp://ftp2.dlink.com/PRODUCTS/DIR-820L/REVB/DIR-820L_REVB_FIRMWARE_2.00B12.ZIP,2014-08-22 00:00:00
DIR-825,A,1.14,ftp://FTP2.DLINK.COM/PRODUCTS/DIR-825/REVA/DIR-825_FIRMWARE_1.14.ZIP,2013-06-18 00:00:00
DIR-825,A,1.13,ftp://FTP2.DLINK.COM/PRODUCTS/DIR-825/REVA/DIR-825_FIRMWARE_1.13.ZIP,2013-02-11 00:00:00
DIR-825,A,1.12,ftp://FTP2.DLINK.COM/PRODUCTS/DIR-825/REVA/DIR-825_FIRMWARE_1.12.ZIP,2009-07-29 00:00:00
DIR-825,A,1.11,ftp://FTP2.DLINK.COM/PRODUCTS/DIR-825/REVA/DIR-825_FIRMWARE_1.11.ZIP,2009-05-04 00:00:00
DIR-825,A,1.01,ftp://FTP2.DLINK.COM/PRODUCTS/DIR-825/REVA/DIR-825_FIRMWARE_1.01.ZIP,2008-09-22 00:00:00
DIR-825,A,1.00,ftp://FTP2.DLINK.COM/PRODUCTS/DIR-825/REVA/DIR-825_FIRMWARE_1.00.ZIP,2008-09-03 00:00:00
DIR-825,B,2.07,ftp://FTP2.DLINK.COM/PRODUCTS/DIR-825/REVB/DIR-825_REVB_FIRMWARE_2.07.ZIP,2012-04-04 00:00:00
DIR-825,B,2.06,ftp://FTP2.DLINK.COM/PRODUCTS/DIR-825/REVB/DIR-825_REVB_FIRMWARE_2.06.ZIP,2011-08-11 00:00:00
DIR-825,B,2.05,ftp://FTP2.DLINK.COM/PRODUCTS/DIR-825/REVB/DIR-825_REVB_FIRMWARE_2.05.ZIP,2011-01-13 00:00:00
DIR-825,B,2.03,ftp://FTP2.DLINK.COM/PRODUCTS/DIR-825/REVB/DIR-825_REVB_FIRMWARE_2.03.ZIP,2010-04-27 00:00:00
DIR-825,B,2.02,ftp://FTP2.DLINK.COM/PRODUCTS/DIR-825/REVB/DIR-825_REVB_FIRMWARE_2.02.ZIP,2009-07-08 00:00:00
DIR-825,C,3.01.B12,ftp://FTP2.DLINK.COM/SECURITY_ADVISEMENTS/DIR-825/REVC/DIR-825_REVC_FIRMWARE_PATCH_3.01.B12.ZIP,2015-11-20 00:00:00
DIR-825,C,3.01,ftp://FTP2.DLINK.COM/PRODUCTS/DIR-825/REVC/DIR-825_REVC_FIRMWARE_3.01.ZIP,2013-02-13 00:00:00
DIR-825,C,3.00,ftp://FTP2.DLINK.COM/PRODUCTS/DIR-825/REVC/DIR-825_REVC_FIRMWARE_3.00.ZIP,2012-07-12 00:00:00
DIR-826L,A,1.05.B13,ftp://ftp2.dlink.com/PRODUCTS/DIR-826L/REVA/DIR-826L_REVA_FIRMWARE_1.05.B13.ZIP,2014-11-11 00:00:00
DIR-826L,A,1.04,ftp://FTP2.DLINK.COM/PRODUCTS/DIR-826L/REVA/DIR-826L_FIRMWARE_1.04.ZIP,2013-04-29 00:00:00
DIR-826L,A,1.03,ftp://FTP2.DLINK.COM/PRODUCTS/DIR-826L/REVA/DIR-826L_FIRMWARE_1.03.ZIP,2013-02-11 00:00:00
DIR-826L,A,1.02,ftp://FTP2.DLINK.COM/PRODUCTS/DIR-826L/REVA/DIR-826L_FIRMWARE_1.02.ZIP,2012-11-15 00:00:00
DIR-826L,A,1.01,ftp://FTP2.DLINK.COM/PRODUCTS/DIR-826L/REVA/DIR-826L_FIRMWARE_1.01.ZIP,2012-07-11 00:00:00
DIR-826L,A,1.00,ftp://FTP2.DLINK.COM/PRODUCTS/DIR-826L/REVA/DIR-826L_FIRMWARE_1.00.ZIP,2012-07-09 00:00:00
DIR-827,A,1.05B06,ftp://ftp2.dlink.com/PRODUCTS/DIR-827/REVA/DIR-827_FIRMWARE_1.05B06.ZIP,2014-01-21 00:00:00
DIR-827,A,1.04,ftp://FTP2.DLINK.COM/PRODUCTS/DIR-827/REVA/DIR-827_FIRMWARE_1.04.ZIP,2012-11-15 00:00:00
DIR-827,A,1.03,ftp://ftp2.dlink.com/PRODUCTS/DIR-827/REVA/DIR-827_FIRMWARE_1.03.ZIP,2012-09-25 00:00:00
DIR-827,A,1.02,ftp://FTP2.DLINK.COM/PRODUCTS/DIR-827/REVA/DIR-827_FIRMWARE_1.02.ZIP,2012-02-29 00:00:00
DIR-827,A,1.01,ftp://FTP2.DLINK.COM/PRODUCTS/DIR-827/REVA/DIR-827_FIRMWARE_1.01.ZIP,2011-12-15 00:00:00
DIR-830L,A,1.00.B07,ftp://ftp2.dlink.com/PRODUCTS/DIR-830L/REVA/DIR-830L_REVA_FIRMWARE_1.00.B07.ZIP,2015-01-05 00:00:00
DIR-835,A,CURRENT) (1.04B24,ftp://ftp2.dlink.com/PRODUCTS/DIR-835/REVA/DIR-835_FIRMWARE_1.04B24.ZIP,2013-09-04 00:00:00
DIR-835,A,Archived) (1.04,ftp://FTP2.DLINK.COM/PRODUCTS/DIR-835/REVA/DIR-835_FIRMWARE_1.04.ZIP,2013-02-11 00:00:00
DIR-835,A,1.03,ftp://FTP2.DLINK.COM/PRODUCTS/DIR-835/REVA/DIR-835_FIRMWARE_1.03.ZIP,2012-11-19 00:00:00
DIR-836L,A,1.04,ftp://ftp2.dlink.com/PRODUCTS/DIR-836L/REVA/DIR-836L_FIRMWARE_1.04.ZIP,2013-04-29 00:00:00
DIR-836L,A,1.03,ftp://ftp2.dlink.com/PRODUCTS/DIR-836L/REVA/DIR-836L_FIRMWARE_1.03.ZIP,2013-02-11 00:00:00
DIR-836L,A,1.01,ftp://ftp2.dlink.com/PRODUCTS/DIR-836L/REVA/DIR-836L_FIRMWARE_1.01.ZIP,2012-10-30 00:00:00
DIR-842,B,2.00.B06,ftp://FTP2.DLINK.COM/PRODUCTS/DIR-842/REVB/DIR-842_REVB_FIRMWARE_2.00.B06.ZIP,2016-03-02 00:00:00
DIR-850L,A,1.14.B07,ftp://FTP2.DLINK.COM/PRODUCTS/DIR-850L/REVA/DIR-850L_REVA_FIRMWARE_1.14.B07_WW.ZIP,2016-09-08 00:00:00
DIR-850L,A,1.12.B05,ftp://ftp2.dlink.com/PRODUCTS/DIR-850L/REVA/DIR-850L_REVA_FIRMWARE_1.12.B05_WW.ZIP,2014-12-15 00:00:00
DIR-850L,B,2.07.B05,ftp://FTP2.DLINK.COM/PRODUCTS/DIR-850L/REVB/DIR-850L_REVB_FIRMWARE_2.07.B05_WW.ZIP,2016-08-11 00:00:00
DIR-850L,B,2.03.B01,ftp://ftp2.dlink.com/PRODUCTS/DIR-850L/REVB/DIR-850L_REVB_FIRMWARE_2.03.B01_WW.ZIP,2015-03-13 00:00:00
DIR-850L,B,2.02.B06,ftp://ftp2.dlink.com/PRODUCTS/DIR-850L/REVB/DIR-850L_REVB_FIRMWARE_2.02.B06.ZIP,2015-02-11 00:00:00
DIR-850L,B,2.01,ftp://ftp2.dlink.com/PRODUCTS/DIR-850L/REVB/DIR-850L_REVB_FIRMWARE_2.01.ZIP,2014-08-13 00:00:00
DIR-850L,B,2.00B14,ftp://ftp2.dlink.com/PRODUCTS/DIR-850L/REVB/DIR-850L_REVB_FIRMWARE_2.00B14.ZIP,2014-07-11 00:00:00
DIR-855,A,1.24,ftp://ftp2.dlink.com/PRODUCTS/DIR-855/REVA/DIR-855_FIRMWARE_1.24.ZIP,2013-06-17 00:00:00
DIR-855,A,1.23,ftp://ftp2.dlink.com/PRODUCTS/DIR-855/REVA/DIR-855_FIRMWARE_1.23.ZIP,2010-07-07 00:00:00
DIR-855,A,1.22,ftp://ftp2.dlink.com/PRODUCTS/DIR-855/REVA/DIR-855_FIRMWARE_1.22.ZIP,2010-02-08 00:00:00
DIR-855,A,1.21,ftp://ftp2.dlink.com/PRODUCTS/DIR-855/REVA/DIR-855_FIRMWARE_1.21.ZIP,2009-07-29 00:00:00
DIR-855,A,1.20,ftp://ftp2.dlink.com/PRODUCTS/DIR-855/REVA/DIR-855_FIRMWARE_1.20.ZIP,2009-05-14 00:00:00
DIR-855,A,1.12,ftp://ftp2.dlink.com/PRODUCTS/DIR-855/REVA/DIR-855_FIRMWARE_1.12.ZIP,2008-10-01 00:00:00
DIR-855,A,1.11,ftp://ftp2.dlink.com/PRODUCTS/DIR-855/REVA/DIR-855_FIRMWARE_1.11.ZIP,2008-07-21 00:00:00
DIR-855,A,1.10B07,ftp://ftp2.dlink.com/PRODUCTS/DIR-855/REVA/DIR-855_FIRMWARE_1.10B07.ZIP,2008-07-09 00:00:00
DIR-855L,A,1.03B01,ftp://ftp2.dlink.com/PRODUCTS/DIR-855L/REVA/DIR-855L_FIRMWARE_1.03B01.ZIP,2014-05-20 00:00:00
DIR-855L,A,1.01,ftp://FTP2.DLINK.COM/PRODUCTS/DIR-855L/REVA/DIR-855L_FIRMWARE_1.01.ZIP,2013-05-29 00:00:00
DIR-855L,A,1.00,ftp://FTP2.DLINK.COM/PRODUCTS/DIR-855L/REVA/DIR-855L_FIRMWARE_1.00.ZIP,2013-05-21 00:00:00
DIR-857,A,1.04,ftp://FTP2.DLINK.COM/PRODUCTS/DIR-857/REVA/DIR-857_FIRMWARE_1.04.ZIP,2013-02-11 00:00:00
DIR-857,A,1.03,ftp://FTP2.DLINK.COM/PRODUCTS/DIR-857/REVA/DIR-857_FIRMWARE_1.03.ZIP,2012-11-15 00:00:00
DIR-857,A,1.02,ftp://FTP2.DLINK.COM/PRODUCTS/DIR-857/REVA/DIR-857_FIRMWARE_1.02.ZIP,2012-07-24 00:00:00
DIR-857,A,1.01,ftp://FTP2.DLINK.COM/PRODUCTS/DIR-857/REVA/DIR-857_FIRMWARE_1.01.ZIP,2012-07-17 00:00:00
DIR-857,A,1.00,ftp://FTP2.DLINK.COM/PRODUCTS/DIR-857/REVA/DIR-857_FIRMWARE_1.00.ZIP,2012-07-09 00:00:00
DIR-859,A,1.03.B04,ftp://FTP2.DLINK.COM/PRODUCTS/DIR-859/DIR-859_REVA_FIRMWARE_1.03.B04.ZIP,2015-07-01 00:00:00
DIR-860L,A,1.08.B02,ftp://ftp2.dlink.com/PRODUCTS/DIR-860L/REVA/DIR-860L_REVA_FIRMWARE_1.08B02.ZIP,2014-03-10 00:00:00
DIR-860L,B,2.03.B03,ftp://FTP2.DLINK.COM/PRODUCTS/DIR-860L/REVB/DIR-860L_REVB_FIRMWARE_2.03.B03.ZIP,2015-10-16 00:00:00
DIR-860L,B,2.01.B03,ftp://ftp2.dlink.com/PRODUCTS/DIR-860L/REVB/DIR-860L_REVB_FIRMWARE_2.01.B03.ZIP,2015-03-13 00:00:00
DIR-860L,B,2.00.B13,ftp://ftp2.dlink.com/PRODUCTS/DIR-860L/REVB/DIR-860L_REVB_FIRMWARE_2.00.B13.ZIP,2014-12-16 00:00:00
DIR-865L,A,1.07.B01,ftp://ftp2.dlink.com/PRODUCTS/DIR-865L/REVA/DIR-865L_REVA_FIRMWARE_1.07.B01.ZIP,2015-01-16 00:00:00
DIR-865L,A,1.05B07,ftp://ftp2.dlink.com/PRODUCTS/DIR-865L/REVA/DIR-865L_FIRMWARE_1.05B07.ZIP,2013-08-07 00:00:00
DIR-865L,A,1.04B22 for Facebook,ftp://ftp2.dlink.com/PRODUCTS/DIR-865L/REVA/DIR-865L_FIRMWARE_FACEBOOK_1.04B022.ZIP,2014-06-06 00:00:00
DIR-865L,A,1.03,ftp://FTP2.DLINK.COM/PRODUCTS/DIR-865L/REVA/DIR-865L_FIRMWARE_1.03.ZIP,2012-11-15 00:00:00
DIR-865L,A,1.02,ftp://FTP2.DLINK.COM/PRODUCTS/DIR-865L/REVA/DIR-865L_FIRMWARE_1.02.ZIP,2012-10-29 00:00:00
DIR-865L,A,1.00B24,ftp://FTP2.DLINK.COM/PRODUCTS/DIR-865L/REVA/DIR-865L_FIRMWARE_1.00B24.ZIP,2012-07-17 00:00:00
DIR-866L,A,1.03.B01,ftp://FTP2.DLINK.COM/SECURITY_ADVISEMENTS/DIR-866L/REVA/DIR-866L_REVA_FIRMWARE_PATCH_1.03.B01.ZIP,2015-07-16 00:00:00
DIR-866L,A,1.02.B11,ftp://FTP2.DLINK.COM/PRODUCTS/DIR-866L/REVA/DIR-866L_REVA_FIRMWARE_1.02.B11.ZIP,2015-09-17 00:00:00
DIR-866L,A,1.01.B04,ftp://ftp2.dlink.com/PRODUCTS/DIR-866L/REVA/DIR-866L_REVA_FIRMWARE_1.01.B04.ZIP,2014-10-15 00:00:00
DIR-866L,A,1.00.B07,ftp://ftp2.dlink.com/PRODUCTS/DIR-866L/REVA/DIR-866L_REVA_FIRMWARE_1.00.B07.ZIP,2014-08-12 00:00:00
DIR-868L,A,1.09.B08,ftp://ftp2.dlink.com/PRODUCTS/DIR-868L/REVA/DIR-868L_REVA_FIRMWARE_1.09.B08.ZIP,2014-11-17 00:00:00
DIR-868L,A,1.08B07,ftp://ftp2.dlink.com/PRODUCTS/DIR-868L/REVA/DIR-868L_FIRMWARE_1.08B07.ZIP,2014-07-30 00:00:00
DIR-868L,A,1.07B02,ftp://ftp2.dlink.com/PRODUCTS/DIR-868L/REVA/DIR-868L_FIRMWARE_1.07B02.ZIP,2014-01-09 00:00:00
DIR-868L,A,1.06B01,ftp://ftp2.dlink.com/PRODUCTS/DIR-868L/REVA/DIR-868L_FIRMWARE_1.06B01.ZIP,2013-12-19 00:00:00
DIR-868L,A,1.04,ftp://ftp2.dlink.com/PRODUCTS/DIR-868L/REVA/DIR-868L_FIRMWARE_1.04.ZIP,2013-09-17 00:00:00
DIR-868L,A,1.02,ftp://ftp2.dlink.com/PRODUCTS/DIR-868L/REVA/DIR-868L_FIRMWARE_1.02.ZIP,2013-08-05 00:00:00
DIR-868L,A,1.01,ftp://ftp2.dlink.com/PRODUCTS/DIR-868L/REVA/DIR-868L_FIRMWARE_1.01.ZIP,2013-06-26 00:00:00
DIR-868L,A,1.00,ftp://FTP2.DLINK.COM/PRODUCTS/DIR-868L/REVA/DIR-868L_FIRMWARE_1.00.ZIP,2013-04-25 00:00:00
DIR-879,A,1.03.B01,ftp://FTP2.DLINK.COM/PRODUCTS/DIR-879/REVA/DIR-879_REVA_FIRMWARE_1.03.B01.ZIP,2016-06-06 00:00:00
DIR-879,A,1.02.B11,ftp://FTP2.DLINK.COM/PRODUCTS/DIR-879/REVA/DIR-879_REVA_FIRMWARE_1.02.B11.ZIP,2016-05-16 00:00:00
DIR-879,A,1.01.B01,ftp://FTP2.DLINK.COM/PRODUCTS/DIR-879/REVA/DIR-879_REVA_FIRMWARE_1.01.B01_WW.ZIP,2016-02-17 00:00:00
DIR-880L,A,1.05B01,ftp://FTP2.DLINK.COM/SECURITY_ADVISEMENTS/DIR-880L/REVA/DIR-880L_REVA_FIRMWARE_PATCH_1.05.B01_WW.ZIP,2015-11-20 00:00:00
DIR-880L,A,1.05.FB.B01,ftp://FTP2.DLINK.COM/SECURITY_ADVISEMENTS/DIR-880L/REVA/DIR-880L_REVA_FIRMWARE_PATCH_1.05.FB.B01.ZIP,2015-07-16 00:00:00
DIR-880L,A,1.07.B08,ftp://FTP2.DLINK.COM/PRODUCTS/DIR-880L/REVA/DIR-880L_REVA_FIRMWARE_1.07.B08_WW.ZIP,2016-04-26 00:00:00
DIR-880L,A,1.05.B02,ftp://FTP2.DLINK.COM/PRODUCTS/DIR-880L/REVA/DIR-880L_REVA_FIRMWARE_1.05.B02_WW.ZIP,2015-09-08 00:00:00
DIR-880L,A,1.02.B13,ftp://ftp2.dlink.com/PRODUCTS/DIR-880L/REVA/DIR-880L_REVA_FIRMWARE_1.02.B13.ZIP,2014-11-24 00:00:00
DIR-880L,A,1.01B09,ftp://ftp2.dlink.com/PRODUCTS/DIR-880L/REVA/DIR-880L_REVA_FIRMWARE_1.01B09.ZIP,2014-06-30 00:00:00
DIR-880L,A,1.00B48,ftp://ftp2.dlink.com/PRODUCTS/DIR-880L/REVA/DIR-880L_REVA_FIRMWARE_1.00B48.ZIP,2014-05-07 00:00:00
DIR-885L/R,A,1.11.B07,ftp://FTP2.DLINK.COM/PRODUCTS/DIR-885L/REVA/DIR-885L_REVA_FIRMWARE_1.11.B07_WW.ZIP,2016-07-14 00:00:00
DIR-885L/R,A,1.10.B01,ftp://FTP2.DLINK.COM/PRODUCTS/DIR-885L/REVA/DIR-885L_REVA_FIRMWARE_1.10.B01.ZIP,2016-03-14 00:00:00
DIR-885L/R,A,1.00.B20,ftp://FTP2.DLINK.COM/PRODUCTS/DIR-885L/REVA/DIR-885L-R_REVA_FIRMWARE_1.00.B20.ZIP,2015-11-30 00:00:00
DIR-890L/R,A,1.10.B07,ftp://FTP2.DLINK.COM/PRODUCTS/DIR-890L/REVA/DIR-890L_REVA_FIRMWARE_1.10.B07.ZIP,2016-08-23 00:00:00
DIR-890L/R,A,1.09.B14,ftp://FTP2.DLINK.COM/PRODUCTS/DIR-890L/REVA/DIR-890L_REVA_FIRMWARE_1.09.B14_WW.ZIP,2016-04-04 00:00:00
DIR-890L/R,A,1.08.B03,ftp://FTP2.DLINK.COM/PRODUCTS/DIR-890L/REVA/DIR-890L_REVA_FIRMWARE_1.08.B03.ZIP,2015-08-10 00:00:00
DIR-890L/R,A,1.07.B09,ftp://FTP2.DLINK.COM/PRODUCTS/DIR-890L/REVA/DIR-890L-R_REVA_FIRMWARE_1.07.B09.ZIP,2015-07-16 00:00:00
DIR-895L/R,A,1.11.B04,ftp://FTP2.DLINK.COM/PRODUCTS/DIR-895L/REVA/DIR-895L_REVA_FIRMWARE_1.11.B04_WW.ZIP,2016-07-25 00:00:00
DIR-895L/R,A,1.02.B07,ftp://FTP2.DLINK.COM/PRODUCTS/DIR-895L/REVA/DIR-895L_REVA_FIRMWARE_1.02.B07.ZIP,2016-04-14 00:00:00
DIR-895L/R,A,1.00.B11,ftp://FTP2.DLINK.COM/PRODUCTS/DIR-895L/REVA/DIR-895L-R_REVA_FIRMWARE_1.00.B11.ZIP,2016-01-12 00:00:00
DIV-140,A,1.00B4,ftp://ftp2.dlink.com/PRODUCTS/DIV-140/REVA/DIV-140_FIRMWARE_1.00B4.ZIP,2007-05-21 00:00:00
DNR-202L,A,2.04.03,ftp://FTP2.DLINK.COM/PRODUCTS/DNR-202L/REVA/DNR-202L_REVA_FIRMWARE_2.04.03.ZIP,2016-08-05 00:00:00
DNR-202L,A,2.03.02,ftp://FTP2.DLINK.COM/PRODUCTS/DNR-202L/REVA/DNR-202L_REVA_FIRMWARE_2.03.02.ZIP,2016-06-17 00:00:00
DNR-202L,A,2.02.00,ftp://FTP2.DLINK.COM/PRODUCTS/DNR-202L/REVA/DNR-202L_REVA_FIRMWARE_2.02.00.ZIP,2015-10-08 00:00:00
DNR-202L,A,2.00.11,ftp://FTP2.DLINK.COM/PRODUCTS/DNR-202L/REVA/DNR-202L_REVA_FIRMWARE_2.00.11_US.ZIP,2015-06-23 00:00:00
DNR-202L,A,1.01.00,ftp://ftp2.dlink.com/PRODUCTS/DNR-202L/REVA/DNR-202L_FIRMWARE_1.01.00.ZIP,2014-06-20 00:00:00
DNR-202L,A,1.00.21,ftp://ftp2.dlink.com/PRODUCTS/DNR-202L/REVA/DNR-202L_FIRMWARE_1.00.21.ZIP,2013-10-29 00:00:00
DNR-322L,A,2.40.B03,ftp://FTP2.DLINK.COM/PRODUCTS/DNR-322L/REVA/DNR-322L_REVA_FIRMWARE_2.40.B03.ZIP,2015-10-16 00:00:00
DNR-322L,A,2.20.B01,ftp://FTP2.DLINK.COM/PRODUCTS/DNR-322L/REVA/DNR-322L_REVA_FIRMWARE_2.20.B01.ZIP,2015-08-10 00:00:00
DNR-322L,A,2.10B02,ftp://ftp2.dlink.com/PRODUCTS/DNR-322L/REVA/DNR-322L_A2_FIRMWARE_2.10B02.ZIP,2014-08-20 00:00:00
DNR-322L,A,2.00B07,ftp://ftp2.dlink.com/PRODUCTS/DNR-322L/REVA/DNR-322L_FIRMWARE_2.00B07.ZIP,2013-12-26 00:00:00
DNR-322L,A,1.40,ftp://ftp2.dlink.com/PRODUCTS/DNR-322L/REVA/DNR-322L_FIRMWARE_1.40.ZIP,2013-09-10 00:00:00
DNR-322L,A,1.30,ftp://ftp2.dlink.com/PRODUCTS/DNR-322L/REVA/DNR-322L_FIRMWARE_1.30.ZIP,2013-09-10 00:00:00
DNR-326,A,2.40.B03,ftp://FTP2.DLINK.COM/PRODUCTS/DNR-326/REVA/DNR-326_REVA_FIRMWARE_2.40.B03.ZIP,2015-11-19 00:00:00
DNR-326,A,2.20.B02,ftp://FTP2.DLINK.COM/PRODUCTS/DNR-326/REVA/DNR-326_REVA_FIRMWARE_2.20b02.ZIP,2015-09-15 00:00:00
DNR-326,A,2.10.B02,ftp://ftp2.dlink.com/PRODUCTS/DNR-326/REVA/DNR-326_REVA_FIRMWARE_2.10.B02.ZIP,2014-07-02 00:00:00
DNR-326,A,2.00.B06,ftp://ftp2.dlink.com/PRODUCTS/DNR-326/REVA/DNR-326_REVA_FIRMWARE_2.00.B06.ZIP,2014-07-02 00:00:00
DNR-326,A,1.40B03,ftp://FTP2.DLINK.COM/PRODUCTS/DNR-326/REVA/DNR-326_FIRMWARE_1.40B03.ZIP,2013-09-10 00:00:00
DNR-326,A,1.30,ftp://ftp2.dlink.com/PRODUCTS/DNR-326/REVA/DNR-326_FIRMWARE_1.30B01.ZIP,2013-10-28 00:00:00
DNR-326,A,1.20,ftp://ftp2.dlink.com/PRODUCTS/DNR-326/REVA/DNR-326_FIRMWARE_1.20.ZIP,2012-12-10 00:00:00
DNS-120,A,1.18,ftp://ftp2.dlink.com/PRODUCTS/DNS-120/REVA/DNS-120_FIRMWARE_1.18.ZIP,2006-11-15 00:00:00
DNS-120,A,1.17,ftp://ftp2.dlink.com/PRODUCTS/DNS-120/REVA/DNS-120_FIRMWARE_1.17.ZIP,2005-05-26 00:00:00
DNS-320,ALL,2.05.B10,ftp://FTP2.DLINK.COM/SECURITY_ADVISEMENTS/DNS-320/DNS-320_REVA_FIRMWARE_PATCH_2.05.B10.ZIP,2016-07-18 00:00:00
DNS-320,ALL,2.05,ftp://ftp2.dlink.com/PRODUCTS/DNS-320/REVA/DNS-320_A2_FIRMWARE_2.05B08.ZIP,2014-07-17 00:00:00
DNS-320,ALL,2.03,ftp://FTP2.DLINK.COM/PRODUCTS/DNS-320/REVA/DNS-320_FIRMWARE_2.03.ZIP,2013-07-16 00:00:00
DNS-320,ALL,2.02,ftp://FTP2.DLINK.COM/PRODUCTS/DNS-320/REVA/DNS-320_FIRMWARE_2.02.ZIP,2013-07-16 00:00:00
DNS-320,ALL,2.00,ftp://FTP2.DLINK.COM/PRODUCTS/DNS-320/REVA/DNS-320_FIRMWARE_2.00.ZIP,2013-07-16 00:00:00
DNS-320L,A,1.08.B06,ftp://FTP2.DLINK.COM/SECURITY_ADVISEMENTS/DNS-320L/DNS-320L_REVA_FIRMWARE_PATCH_1.08.B06.ZIP,2016-07-18 00:00:00
DNS-320L,A,1.06.B03,ftp://FTP2.DLINK.COM/PRODUCTS/DNS-320L/REVA/DNS-320L(LW)_REVA_FIRMWARE_1.06.B03.ZIP,2015-11-18 00:00:00
DNS-320L,A,1.04.B12,ftp://ftp2.dlink.com/PRODUCTS/DNS-320L/REVA/DNS-320L_REVA_FIRMWARE_1.04.B12.ZIP,2015-03-30 00:00:00
DNS-320L,A,1.04.B08 BETA,ftp://ftp2.dlink.com/PRODUCTS/DNS-320L/REVA/DNS-320L_REVA_FIRMWARE_1.04.B08.ZIP,2014-09-24 00:00:00
DNS-320L,A,1.03B08,ftp://ftp2.dlink.com/PRODUCTS/DNS-320L/REVA/DNS-320L_FIRMWARE_1.03B08.ZIP,2014-08-14 00:00:00
DNS-320L,A,1.03B04,ftp://ftp2.dlink.com/PRODUCTS/DNS-320L/REVA/DNS-320L_FIRMWARE_1.03B04.ZIP,2014-02-26 00:00:00
DNS-320L,A,1.02,ftp://FTP2.DLINK.COM/PRODUCTS/DNS-320L/REVA/DNS-320L_FIRMWARE_1.02.ZIP,2013-06-01 00:00:00
DNS-320L,A,1.01,ftp://FTP2.DLINK.COM/PRODUCTS/DNS-320L/REVA/DNS-320L_FIRMWARE_1.01.ZIP,2013-01-10 00:00:00
DNS-320L,A,1.00,ftp://FTP2.DLINK.COM/PRODUCTS/DNS-320L/REVA/DNS-320L_FIRMWARE_1.00.ZIP,2012-08-20 00:00:00
DNS-321,A,1.03,ftp://ftp2.dlink.com/PRODUCTS/DNS-321/REVA/DNS-321_FIRMWARE_1.03.ZIP,2013-07-16 00:00:00
DNS-321,A,1.02,ftp://ftp2.dlink.com/PRODUCTS/DNS-321/REVA/DNS-321_FIRMWARE_1.02.ZIP,2013-07-16 00:00:00
DNS-321,A,1.01,ftp://ftp2.dlink.com/PRODUCTS/DNS-321/REVA/DNS-321_FIRMWARE_1.01.ZIP,2013-07-16 00:00:00
DNS-321,A,1.00,ftp://ftp2.dlink.com/PRODUCTS/DNS-321/REVA/DNS-321_FIRMWARE_1.00.ZIP,2013-07-16 00:00:00
DNS-323,A,1.10,ftp://ftp2.dlink.com/PRODUCTS/DNS-323/REVA/DNS-323_FIRMWARE_1.10.ZIP,2012-01-05 00:00:00
DNS-323,A,1.09,ftp://ftp2.dlink.com/PRODUCTS/DNS-323/REVA/DNS-323_FIRMWARE_1.09.ZIP,2010-06-16 00:00:00
DNS-323,A,1.08,ftp://ftp2.dlink.com/PRODUCTS/DNS-323/REVA/DNS-323_FIRMWARE_1.08.ZIP,2010-02-17 00:00:00
DNS-323,A,1.07,ftp://ftp2.dlink.com/PRODUCTS/DNS-323/REVA/DNS-323_FIRMWARE_1.07.ZIP,2009-04-16 00:00:00
DNS-323,A,1.06,ftp://ftp2.dlink.com/PRODUCTS/DNS-323/REVA/DNS-323_FIRMWARE_1.06.ZIP,2008-12-29 00:00:00
DNS-323,A,1.05,ftp://ftp2.dlink.com/PRODUCTS/DNS-323/REVA/DNS-323_FIRMWARE_1.05.ZIP,2008-05-13 00:00:00
DNS-323,A,1.04,ftp://ftp2.dlink.com/PRODUCTS/DNS-323/REVA/DNS-323_FIRMWARE_1.04.ZIP,2008-01-30 00:00:00
DNS-323,A,1.03,ftp://ftp2.dlink.com/PRODUCTS/DNS-323/REVA/DNS-323_FIRMWARE_1.03.ZIP,2007-04-05 00:00:00
DNS-323,A,1.02B,ftp://ftp2.dlink.com/PRODUCTS/DNS-323/REVA/DNS-323_FIRMWARE_1.02B.ZIP,2007-02-06 00:00:00
DNS-323,A,1.0202,ftp://ftp2.dlink.com/PRODUCTS/DNS-323/REVA/DNS-323_FIRMWARE_1.0202.ZIP,2007-01-18 00:00:00
DNS-323,A,1.02,ftp://ftp2.dlink.com/PRODUCTS/DNS-323/REVA/DNS-323_FIRMWARE_1.02.ZIP,2007-01-15 00:00:00
DNS-323,A,1.01B,ftp://ftp2.dlink.com/PRODUCTS/DNS-323/REVA/DNS-323_FIRMWARE_1.01B.ZIP,2007-01-10 00:00:00
DNS-323,A,1.00,ftp://ftp2.dlink.com/PRODUCTS/DNS-323/REVA/DNS-323_FIRMWARE_1.00.ZIP,2007-01-09 00:00:00
DNS-323,C,1.10,ftp://ftp2.dlink.com/PRODUCTS/DNS-323/REVC/DNS-323_REVC_FIRMWARE_1.10.ZIP,2014-06-27 00:00:00
DNS-325,A,1.05B03,ftp://ftp2.dlink.com/PRODUCTS/DNS-325/REVA/DNS-325_A2_FIRMWARE_1.05B03.ZIP,2014-06-25 00:00:00
DNS-325,A,1.03,ftp://FTP2.DLINK.COM/PRODUCTS/DNS-325/REVA/DNS-325_FIRMWARE_1.03.ZIP,2012-07-16 00:00:00
DNS-325,A,1.02,ftp://FTP2.DLINK.COM/PRODUCTS/DNS-325/REVA/DNS-325_FIRMWARE_1.02.ZIP,2011-12-12 00:00:00
DNS-325,A,1.01,ftp://FTP2.DLINK.COM/PRODUCTS/DNS-325/REVA/DNS-325_FIRMWARE_1.01.ZIP,2011-04-01 00:00:00
DNS-326,A,1.00,ftp://ftp2.dlink.com/PRODUCTS/DNS-326/REVA/DNS-326_FIRMWARE_1.00.ZIP,2013-07-19 00:00:00
DNS-327L,A,1.05.B01,ftp://FTP2.DLINK.COM/PRODUCTS/DNS-327L/REVA/DNS-327L_REVA_FIRMWARE_1.05.B01.ZIP,2015-11-18 00:00:00
DNS-327L,A,1.04.B10,ftp://FTP2.DLINK.COM/PRODUCTS/DNS-327L/REVA/DNS-327L_REVA_FIRMWARE_1.04.B10.ZIP,2015-10-16 00:00:00
DNS-327L,A,1.03B03,ftp://ftp2.dlink.com/PRODUCTS/DNS-327L/REVA/DNS-327L_FIRMWARE_1.03B03.ZIP,2014-08-27 00:00:00
DNS-327L,A,1.02,ftp://ftp2.dlink.com/PRODUCTS/DNS-327L/REVA/DNS-327L_FIRMWARE_1.02_WW.ZIP,2014-06-18 00:00:00
DNS-327L,A,1.01,ftp://ftp2.dlink.com/PRODUCTS/DNS-327L/REVA/DNS-327L_FIRMWARE_1.01B09.ZIP,2014-02-10 00:00:00
DNS-327L,A,1.00,ftp://FTP2.DLINK.COM/PRODUCTS/DNS-327L/REVA/DNS-327L_FIRMWARE_1.00.ZIP,2013-07-16 00:00:00
DNS-343,A,1.05,ftp://FTP2.DLINK.COM/PRODUCTS/DNS-343/REVA/DNS-343_FIRMWARE_1.05.ZIP,2012-05-09 00:00:00
DNS-343,A,1.04,ftp://FTP2.DLINK.COM/PRODUCTS/DNS-343/REVA/DNS-343_FIRMWARE_1.04.ZIP,2011-05-03 00:00:00
DNS-343,A,1.03,ftp://FTP2.DLINK.COM/PRODUCTS/DNS-343/REVA/DNS-343_FIRMWARE_1.03.ZIP,2009-09-21 00:00:00
DNS-343,A,1.02,ftp://FTP2.DLINK.COM/PRODUCTS/DNS-343/REVA/DNS-343_FIRMWARE_1.02.ZIP,2008-09-25 00:00:00
DNS-343-2TB,A,1.05,ftp://ftp2.dlink.com/PRODUCTS/DNS-343-2TB/REVA/DNS-343-2TB_FIRMWARE_1.05.ZIP,2012-05-09 00:00:00
DNS-343-2TB,A,1.04,ftp://ftp2.dlink.com/PRODUCTS/DNS-343-2TB/REVA/DNS-343-2TB_FIRMWARE_1.04.ZIP,2012-05-09 00:00:00
DNS-343-2TB,A,1.03,ftp://ftp2.dlink.com/PRODUCTS/DNS-343-2TB/REVA/DNS-343-2TB_FIRMWARE_1.03.ZIP,2009-09-21 00:00:00
DNS-343-2TB,A,1.02A Beta,ftp://ftp2.dlink.com/PRODUCTS/DNS-343-2TB/REVA/DNS-343-2TB_FIRMWARE_1.02A_BETA.ZIP,2009-01-16 00:00:00
DNS-343-2TB,A,1.02,ftp://ftp2.dlink.com/PRODUCTS/DNS-343-2TB/REVA/DNS-343-2TB_FIRMWARE_1.02.ZIP,2008-09-25 00:00:00
DNS-343-4TB,A,1.05,ftp://ftp2.dlink.com/PRODUCTS/DNS-343-4TB/REVA/DNS-343-4TB_FIRMWARE_1.05.ZIP,2012-05-09 00:00:00
DNS-343-4TB,A,1.04,ftp://ftp2.dlink.com/PRODUCTS/DNS-343-4TB/REVA/DNS-343-4TB_FIRMWARE_1.04.ZIP,2011-05-03 00:00:00
DNS-343-4TB,A,1.03,ftp://ftp2.dlink.com/PRODUCTS/DNS-343-4TB/REVA/DNS-343-4TB_FIRMWARE_1.03.ZIP,2010-10-06 00:00:00
DNS-343-4TB,A,1.02A Beta,ftp://ftp2.dlink.com/PRODUCTS/DNS-343-4TB/REVA/DNS-343-4TB_FIRMWARE_1.02A_BETA.ZIP,2010-10-06 00:00:00
DNS-343-4TB,A,1.02,ftp://ftp2.dlink.com/PRODUCTS/DNS-343-4TB/REVA/DNS-343-4TB_FIRMWARE_1.02.ZIP,2010-10-06 00:00:00
DNS-345,A,1.04.B02,ftp://FTP2.DLINK.COM/PRODUCTS/DNS-345/REVA/DNS-345_REVA_FIRMWARE_1.04.B02.ZIP,2014-08-07 00:00:00
DNS-345,A,1.03B06,ftp://ftp2.dlink.com/PRODUCTS/DNS-345/REVA/DNS-345_A2_FIRMWARE_1.03B06.ZIP,2014-06-17 00:00:00
DNS-345,A,1.01,ftp://FTP2.DLINK.COM/PRODUCTS/DNS-345/REVA/DNS-345_FIRMWARE_1.01.ZIP,2012-07-16 00:00:00
DNS-G120,A,1.01,ftp://ftp2.dlink.com/PRODUCTS/DNS-G120/REVA/DNS-G120_FIRMWARE_1.01.ZIP,2006-11-15 00:00:00
DP-100,A,1.34,ftp://ftp2.dlink.com/PRODUCTS/DP-100/REVA/DP-100_FIRMWARE_1.34.EXE,2013-07-16 00:00:00
DP-300U,A,1.20,ftp://ftp2.dlink.com/PRODUCTS/DP-300U/REVA/DP-300U_FIRMWARE_1.20.ZIP,2004-01-19 00:00:00
DP-300U,A,1.10,ftp://ftp2.dlink.com/PRODUCTS/DP-300U/REVA/DP-300U_FIRMWARE_1.10.ZIP,2003-12-23 00:00:00
DP-301P+,A,3.50,ftp://FTP2.DLINK.COM/PRODUCTS/DP-301PPLUS/REVA/DP-301PPLUS_FIRMWARE_3.50.ZIP,2013-07-16 00:00:00
DP-301P+,A,3.10,ftp://FTP2.DLINK.COM/PRODUCTS/DP-301PPLUS/REVA/DP-301PPLUS_FIRMWARE_3.10.ZIP,2013-07-16 00:00:00
DP-301P+,A,2.00,ftp://FTP2.DLINK.COM/PRODUCTS/DP-301PPLUS/REVA/DP-301PPLUS_FIRMWARE_2.00.EXE,2013-07-16 00:00:00
DP-301U,A,2.10,ftp://FTP2.DLINK.COM/PRODUCTS/DP-301U/REVA/DP-301U_FIRMWARE_2.10.ZIP,2007-10-01 00:00:00
DP-301U,A,2.00,ftp://FTP2.DLINK.COM/PRODUCTS/DP-301U/REVA/DP-301U_FIRMWARE_2.00.ZIP,2005-07-18 00:00:00
DP-301U,A,1.20,ftp://ftp2.dlink.com/PRODUCTS/DP-301U/REVA/DP-301U_FIRMWARE_1.20.ZIP,2004-01-19 00:00:00
DP-311U,A,2.00,ftp://ftp2.dlink.com/PRODUCTS/DP-311U/REVA/DP-311U_FIRMWARE_2.00.ZIP,2004-06-09 00:00:00
DP-G310,A,1.40,ftp://ftp2.dlink.com/PRODUCTS/DP-G310/REVA/DP-G310_REVA_FIRMWARE_1.40.ZIP,2005-05-23 00:00:00
DP-G310,A,1.10,ftp://ftp2.dlink.com/PRODUCTS/DP-G310/REVA/DP-G310_REVA_FIRMWARE_1.10.ZIP,2004-04-29 00:00:00
DP-G310,B,2.00,ftp://ftp2.dlink.com/PRODUCTS/DP-G310/REVB/DPG-310_REVB_FIRMWARE_2.00.ZIP,2006-04-19 00:00:00
DP-G321,B,2.00,ftp://ftp2.dlink.com/PRODUCTS/DP-G321/REVB/DP-G321_REVB_FIRMWARE_2.00.ZIP,2006-04-19 00:00:00
DPH-540,A,1.0101,ftp://ftp2.dlink.com/PRODUCTS/DPH-540/REVA/DPH-540_FIRMWARE_1.0101.ZIP,2013-07-16 00:00:00
DPH-540,A,1.0014,ftp://ftp2.dlink.com/PRODUCTS/DPH-540/REVA/DPH-540_FIRMWARE_1.0014.ZIP,2013-07-16 00:00:00
DPH-541,A,1.0101,ftp://ftp2.dlink.com/PRODUCTS/DPH-541/REVA/DPH-541_FIRMWARE_1.0101.ZIP,2013-07-16 00:00:00
DPH-541,A,1.0014,ftp://ftp2.dlink.com/PRODUCTS/DPH-541/REVA/DPH-541_FIRMWARE_1.0014.ZIP,2013-07-16 00:00:00
DPR-1260,A,1.24,ftp://ftp2.dlink.com/PRODUCTS/DPR-1260/REVA/DPR-1260_FIRMWARE_1.24.ZIP,2013-10-21 00:00:00
DPR-1260,A,1.21,ftp://ftp2.dlink.com/PRODUCTS/DPR-1260/REVA/DPR-1260_FIRMWARE_1.21.ZIP,2013-07-16 00:00:00
DPR-1260,A,1.20,ftp://ftp2.dlink.com/PRODUCTS/DPR-1260/REVA/DPR-1260_FIRMWARE_1.20.ZIP,2013-07-16 00:00:00
DPR-1260,A,1.12,ftp://ftp2.dlink.com/PRODUCTS/DPR-1260/REVA/DPR-1260_FIRMWARE_1.12.ZIP,2013-07-16 00:00:00
DPR-1260,A,1.00,ftp://ftp2.dlink.com/PRODUCTS/DPR-1260/REVA/DPR-1260_FIRMWARE_1.00.ZIP,2013-07-16 00:00:00
DSD-150,A,2.00,ftp://FTP2.DLINK.COM/PRODUCTS/DSD-150/REVA/DSD-150_FIRMWARE_2.00.ZIP,2016-07-13 00:00:00
DSD-150,A,1.03,ftp://FTP2.DLINK.COM/PRODUCTS/DSD-150/REVA/DSD-150_FIRMWARE_1.03.ZIP,2016-07-13 00:00:00
DSD-150,A,1.02,ftp://FTP2.DLINK.COM/PRODUCTS/DSD-150/REVA/DSD-150_FIRMWARE_1.02.ZIP,2016-07-13 00:00:00
DSD-150,A,1.01,ftp://FTP2.DLINK.COM/PRODUCTS/DSD-150/REVA/DSD-150_FIRMWARE_1.01.ZIP,2016-07-13 00:00:00
DSD-150,A,1.00,ftp://FTP2.DLINK.COM/PRODUCTS/DSD-150/REVA/DSD-150_FIRMWARE_1.00.ZIP,2016-07-13 00:00:00
DSL-2320B,A,2900,ftp://ftp2.dlink.com/PRODUCTS/DSL-2320B/REVA/DSL-2320B_FIRMWARE_2900.ZIP,2007-10-11 00:00:00
DSL-2320B,A,1100,ftp://ftp2.dlink.com/PRODUCTS/DSL-2320B/REVA/DSL-2320B_FIRMWARE_1100.ZIP,2007-01-22 00:00:00
DSL-2540B,A,306041G00,ftp://ftp2.dlink.com/PRODUCTS/DSL-2540B/REVA/DSL-2540B_FIRMWARE_306041G00.ZIP,2008-05-20 00:00:00
DSL-2540B,B,306041G00,ftp://ftp2.dlink.com/PRODUCTS/DSL-2540B/REVB/DSL-2540B_REVB_FIRMWARE_306041G00.ZIP,2008-05-20 00:00:00
DSL-2540B,T,1B081,ftp://ftp2.dlink.com/PRODUCTS/DSL-2540B/REVT/DSL-2540B_REVT_FIRMWARE_1B081.ZIP,2014-08-11 00:00:00
DSL-2640B,A,3.0.6.0.41,ftp://ftp2.dlink.com/PRODUCTS/DSL-2640B/REVA/DSL-2640B_FIRMWARE_3.0.6.0.41_WIN.ZIP,2013-07-16 00:00:00
DSL-2680,A,1.03,ftp://ftp2.dlink.com/PRODUCTS/DSL-2680/REVA/DSL-2680_FIRMWARE_1.03.ZIP,2013-02-22 00:00:00
DSL-2740B,A,2.06,ftp://ftp2.dlink.com/PRODUCTS/DSL-2740B/REVA/DSL-2740B_FIRMWARE_2.06.ZIP,2013-08-12 00:00:00
DSL-2740B,A,1.00,ftp://ftp2.dlink.com/PRODUCTS/DSL-2740B/REVA/DSL-2740B_FIRMWARE_1.00.ZIP,2013-07-16 00:00:00
DSL-300,A,1.14,ftp://ftp2.dlink.com/PRODUCTS/DSL-300/REVA/DSL-300_FIRMWARE_1.14.ZIP,2002-10-24 00:00:00
DSL-302G,A,R200MB13GT1,ftp://ftp2.dlink.com/PRODUCTS/DSL-302G/REVA/DSL-302G_FIRMWARE_R200MB13GT1.ZIP,2003-11-13 00:00:00
DSL-302G,A,R200Mb10t6,ftp://ftp2.dlink.com/PRODUCTS/DSL-302G/REVA/DSL-302G_FIRMWARE_R200MB10T6.ZIP,2003-07-14 00:00:00
DSL-302G,A,R200MB10T2,ftp://ftp2.dlink.com/PRODUCTS/DSL-302G/REVA/DSL-302G_FIRMWARE_R200MB10T2.ZIP,2003-10-13 00:00:00
DSL-504,A,1.14,ftp://ftp2.dlink.com/PRODUCTS/DSL-504/REVA/DSL-504_FIRMWARE_1.14.EXE,2002-10-24 00:00:00
DSL-520B,A,1.10,ftp://ftp2.dlink.com/PRODUCTS/DSL-520B/REVA/DSL-520B_REVA_FIRMWARE_1.10_NA.ZIP,2014-06-17 00:00:00
DSL-G604T,A,2.00,ftp://ftp2.dlink.com/PRODUCTS/DSL-G604T/REVA/DSL-G604T_FIRMWARE_2.0.0_WIN.ZIP,2007-05-10 00:00:00
DSM-210,A,2.01,ftp://ftp2.dlink.com/PRODUCTS/DSM-210/REVA/DSM-210_FIRMWARE_2.01.ZIP,2013-10-21 00:00:00
DSM-210,A,2.00,ftp://ftp2.dlink.com/PRODUCTS/DSM-210/REVA/DSM-210_FIRMWARE_2.00.ZIP,2013-10-21 00:00:00
DSM-210,A,1.60,ftp://ftp2.dlink.com/PRODUCTS/DSM-210/REVA/DSM-210_FIRMWARE_1.60.ZIP,2013-10-21 00:00:00
DSM-330,A,1.1.2.37,ftp://ftp2.dlink.com/PRODUCTS/DSM-330/REVA/DSM-330_FIRMWARE_1.1.2.37.ZIP,2008-09-23 00:00:00
DSM-510,A,1.08_REVA1,ftp://FTP2.DLINK.COM/PRODUCTS/DSM-510/REVA/DSM-510_REVA1_FIRMWARE_1.08_USB.ZIP,2013-07-16 00:00:00
DSM-510,A,1.07,ftp://FTP2.DLINK.COM/PRODUCTS/DSM-510/REVA/DSM-510_FIRMWARE_1.07_USB.ZIP,2013-07-16 00:00:00
DSM-510,A,1.06,ftp://FTP2.DLINK.COM/PRODUCTS/DSM-510/REVA/DSM-510_FIRMWARE_1.06_USB.ZIP,2013-07-16 00:00:00
DSM-510,A,1.03,ftp://FTP2.DLINK.COM/PRODUCTS/DSM-510/REVA/DSM-510_FIRMWARE_1.03_USB.ZIP,2013-07-16 00:00:00
DSM-510,A,1.02,ftp://FTP2.DLINK.COM/PRODUCTS/DSM-510/REVA/DSM-510_FIRMWARE_1.02_USB.ZIP,2013-07-16 00:00:00
DSM-510,A,1.01,ftp://FTP2.DLINK.COM/PRODUCTS/DSM-510/REVA/DSM-510_FIRMWARE_1.01_USB.ZIP,2013-07-16 00:00:00
DSM-520,A,1.06.01,ftp://ftp2.dlink.com/PRODUCTS/DSM-520/REVA/DSM-520_FIRMWARE_1.06.01.ZIP,2008-04-22 00:00:00
DSM-602H,A,1.14,ftp://ftp2.dlink.com/PRODUCTS/DSM-602H/REVA/DSM-602H_FIRMWARE_1.14.ZIP,2005-01-13 00:00:00
DSM-602H,A,1.05,ftp://ftp2.dlink.com/PRODUCTS/DSM-602H/REVA/DSM-602H_FIRMWARE_1.05.ZIP,2004-05-07 00:00:00
DSM-604H,A,1.14,ftp://ftp2.dlink.com/PRODUCTS/DSM-604H/REVA/DSM-604H_FIRMWARE_1.14.ZIP,2005-01-18 00:00:00
DSM-604H,A,1.05,ftp://ftp2.dlink.com/PRODUCTS/DSM-604H/REVA/DSM-604H_FIRMWARE_1.05.ZIP,2004-05-07 00:00:00
DSM-622H,A,2.26,ftp://ftp2.dlink.com/PRODUCTS/DSM-622H/REVA/DSM-622H_FIRMWARE_2.26.ZIP,2005-07-19 00:00:00
DSM-624H,A,2.26,ftp://ftp2.dlink.com/PRODUCTS/DSM-624H/REVA/DSM-624H_FIRMWARE_2.26.ZIP,2005-07-19 00:00:00
DSM-750,A,1.02.09,ftp://ftp2.dlink.com/PRODUCTS/DSM-750/REVA/DSM-750_FIRMWARE_1.02.09.ZIP,2008-12-17 00:00:00
DSM-750,A,1.01.16,ftp://ftp2.dlink.com/PRODUCTS/DSM-750/REVA/DSM-750_FIRMWARE_1.01.16.ZIP,2008-12-17 00:00:00
DSM-G600,A,1.01,ftp://ftp2.dlink.com/PRODUCTS/DSM-G600/REVA/DSM-G600_REVA_FIRMWARE_1.01.ZIP,2005-11-02 00:00:00
DSM-G600,A,1.00,ftp://ftp2.dlink.com/PRODUCTS/DSM-G600/REVA/DSM-G600_REVA_FIRMWARE_1.00.ZIP,2005-07-12 00:00:00
DSM-G600,B,1.02,ftp://ftp2.dlink.com/PRODUCTS/DSM-G600/REVB/DSM-G600_REVB_FIRMWARE_1.02.ZIP,2006-11-15 00:00:00
DSM-G600,B,1.01,ftp://ftp2.dlink.com/PRODUCTS/DSM-G600/REVB/DSM-G600_REVB_FIRMWARE_1.01.ZIP,2006-01-31 00:00:00
DSM-G600,B,1.00,ftp://ftp2.dlink.com/PRODUCTS/DSM-G600/REVB/DSM-G600_REVB_FIRMWARE_1.00.ZIP,2005-10-05 00:00:00
DWL-1000AP+,A,1.22,ftp://ftp2.dlink.com/PRODUCTS/DWL-1000APPLUS/REVA/DWL-1000APPLUS_FIRMWARE_1.22.ZIP,2004-03-19 00:00:00
DWL-1000AP+,A,1.21B2,ftp://ftp2.dlink.com/PRODUCTS/DWL-1000APPLUS/REVA/DWL-1000APPLUS_FIRMWARE_1.21B2.ZIP,2004-02-11 00:00:00
DWL-650,A,8C2,ftp://ftp2.dlink.com/PRODUCTS/DWL-650/REVA/DWL-650_FIRMWARE_8C2.ZIP,2002-05-08 00:00:00
DWL-800AP+,A,2.00,ftp://ftp2.dlink.com/PRODUCTS/DWL-800APPLUS/REVA/DWL-800APPLUS_FIRMWARE_2.00.ZIP,2004-04-08 00:00:00
DWL-800AP+,B,2.00,ftp://ftp2.dlink.com/PRODUCTS/DWL-800APPLUS/REVB/DWL-800APPLUS_REVB_FIRMWARE_2.00.ZIP,2004-04-12 00:00:00
DWL-810+,A,2.10,ftp://ftp2.dlink.com/PRODUCTS/DWL-810PLUS/REVA/DWL-810PLUS_FIRMWARE_2.10.ZIP,2004-04-16 00:00:00
DWL-810+,A,2.00,ftp://ftp2.dlink.com/PRODUCTS/DWL-810PLUS/REVA/DWL-810PLUS_FIRMWARE_2.00.ZIP,2004-04-08 00:00:00
DWL-900AP,A,1.4J3,ftp://ftp2.dlink.com/PRODUCTS/DWL-900AP/REVA/DWL-900AP_FIRMWARE_1.4J3.ZIP,2002-09-27 00:00:00
DWL-900AP,A,1.4H2,ftp://ftp2.dlink.com/PRODUCTS/DWL-900AP/REVA/DWL-900AP_FIRMWARE_1.4H2.ZIP,2002-09-10 00:00:00
DWL-900AP+,A,2.61,ftp://ftp2.dlink.com/PRODUCTS/DWL-900APPLUS/REVA/DWL-900APPLUS_FIRMWARE_2.61.ZIP,2003-10-10 00:00:00
DWL-900AP+,A,2.60,ftp://ftp2.dlink.com/PRODUCTS/DWL-900APPLUS/REVA/DWL-900APPLUS_FIRMWARE_2.60.ZIP,2003-08-13 00:00:00
DWL-900AP+,C,3.07B1,ftp://ftp2.dlink.com/PRODUCTS/DWL-900APPLUS/REVC/DWL-900APPLUS_REVC_FIRMWARE_3.07B1.ZIP,2003-12-30 00:00:00
DWL-900AP+,C,3.06B4,ftp://ftp2.dlink.com/PRODUCTS/DWL-900APPLUS/REVC/DWL-900APPLUS_REVC_FIRMWARE_3.06B4.ZIP,2003-12-19 00:00:00
DWL-AB520,A,3.18,ftp://ftp2.dlink.com/PRODUCTS/DWL-AB520/REVA/DWL-AB520_DRIVER_3.18.ZIP,2004-01-05 00:00:00
DWL-AB520,A,3.17,ftp://ftp2.dlink.com/PRODUCTS/DWL-AB520/REVA/DWL-AB520_DRIVER_3.17.ZIP,2003-11-05 00:00:00
DWL-AG700AP,A,1.00,ftp://ftp2.dlink.com/PRODUCTS/DWL-AG700AP/REVA/DWL-AG700AP_FIRMWARE_1.00.ZIP,2005-02-15 00:00:00
DWL-G700AP,A,1.02,ftp://ftp2.dlink.com/PRODUCTS/DWL-G700AP/REVA/DWL-G700AP_REVA_FIRMWARE_1.02.ZIP,2005-11-14 00:00:00
DWL-G700AP,A,1.00,ftp://ftp2.dlink.com/PRODUCTS/DWL-G700AP/REVA/DWL-G700AP_REVA_FIRMWARE_1.00.ZIP,2004-07-28 00:00:00
DWL-G700AP,B,2.20,ftp://FTP2.DLINK.COM/PRODUCTS/DWL-G700AP/REVB/DWL-G700AP_REVB_FIRMWARE_2.20.ZIP,2008-07-10 00:00:00
DWL-G710,A,1.04,ftp://ftp2.dlink.com/PRODUCTS/DWL-G710/REVA/DWL-G710_FIRMWARE_1.04.ZIP,2006-10-12 00:00:00
DWL-G710,A,1.03,ftp://ftp2.dlink.com/PRODUCTS/DWL-G710/REVA/DWL-G710_FIRMWARE_1.03.ZIP,2005-08-15 00:00:00
DWL-G710,A,1.01,ftp://ftp2.dlink.com/PRODUCTS/DWL-G710/REVA/DWL-G710_FIRMWARE_1.01.ZIP,2005-03-24 00:00:00
DWL-G710,A,1.00,ftp://ftp2.dlink.com/PRODUCTS/DWL-G710/REVA/DWL-G710_FIRMWARE_1.00.ZIP,2004-11-19 00:00:00
DWL-G730AP,A,2.00,ftp://ftp2.dlink.com/PRODUCTS/DWL-G730AP/REVA/DWL-G730AP_FIRMWARE_2.00.ZIP,2008-02-05 00:00:00
DWL-G730AP,A,1.10,ftp://ftp2.dlink.com/PRODUCTS/DWL-G730AP/REVA/DWL-G730AP_FIRMWARE_1.10.ZIP,2005-11-14 00:00:00
DWL-G730AP,A,1.00,ftp://ftp2.dlink.com/PRODUCTS/DWL-G730AP/REVA/DWL-G730AP_FIRMWARE_1.00.ZIP,2004-08-24 00:00:00
DWL-G800AP,A,1.05,ftp://ftp2.dlink.com/PRODUCTS/DWL-G800AP/REVA/DWL-G800AP_FIRMWARE_1.05.ZIP,2005-03-24 00:00:00
DWL-G800AP,A,1.04,ftp://ftp2.dlink.com/PRODUCTS/DWL-G800AP/REVA/DWL-G800AP_FIRMWARE_1.04.ZIP,2004-09-16 00:00:00
DWL-G800AP,A,1.02,ftp://ftp2.dlink.com/PRODUCTS/DWL-G800AP/REVA/DWL-G800AP_FIRMWARE_1.02.ZIP,2004-03-19 00:00:00
DWL-G810,A,2.20,ftp://ftp2.dlink.com/PRODUCTS/DWL-G810/REVA/DWL-G810_FIRMWARE_2.20.ZIP,2005-11-17 00:00:00
DWL-G810,A,2.15,ftp://ftp2.dlink.com/PRODUCTS/DWL-G810/REVA/DWL-G810_FIRMWARE_2.15.ZIP,2004-08-27 00:00:00
DWL-G810,A,2.13,ftp://ftp2.dlink.com/PRODUCTS/DWL-G810/REVA/DWL-G810_BETA_FIRMWARE_2.13.ZIP,2004-07-08 00:00:00
DWL-G820,A,1.00,ftp://ftp2.dlink.com/PRODUCTS/DWL-G820/REVA/DWL-G820_FIRMWARE_1.00.ZIP,2004-07-30 00:00:00
DWL-G820,B,2.20,ftp://ftp2.dlink.com/PRODUCTS/DWL-G820/REVB/DWL-G820_REVB_FRIMWARE_2.20.ZIP,2007-10-24 00:00:00
DWL-G820,B,2.10,ftp://ftp2.dlink.com/PRODUCTS/DWL-G820/REVB/DWL-G820_REVB_FRIMWARE_2.10.ZIP,2006-09-06 00:00:00
DXN-221,A,1.57.03.02,ftp://ftp2.dlink.com/PRODUCTS/DXN-221/REVA/DXN-221_FIRMWARE_1.57.03.02.ZIP,2010-08-31 00:00:00
EBR-2310,A,1.05,ftp://FTP2.DLINK.COM/PRODUCTS/EBR-2310/REVA/EBR-2310_FIRMWARE_1.05.ZIP,2013-07-16 00:00:00
EBR-2310,A,1.04B14,ftp://FTP2.DLINK.COM/PRODUCTS/EBR-2310/REVA/EBR-2310_FIRMWARE_1.04B14.ZIP,2013-07-16 00:00:00
EBR-2310,A,1.01,ftp://FTP2.DLINK.COM/PRODUCTS/EBR-2310/REVA/EBR-2310_FIRMWARE_1.01.ZIP,2013-07-16 00:00:00
EBR-2310,B,2.01.,ftp://FTP2.DLINK.COM/PRODUCTS/EBR-2310/REVB/EBR-2310_REVB_FIRMWARE_2.01.ZIP,2013-07-16 00:00:00
EBR-2310,B,2.01,ftp://FTP2.DLINK.COM/PRODUCTS/EBR-2310/REVB/EBR-2310_REVB_FIRMWARE_2.01.ZIP,2013-07-16 00:00:00
EBR-2310,B,2.00,ftp://FTP2.DLINK.COM/PRODUCTS/EBR-2310/REVB/EBR-2310_REVB_FIRMWARE_2.00.ZIP,2013-07-16 00:00:00
EBR-2310,C,3.01,ftp://FTP2.DLINK.COM/PRODUCTS/EBR-2310/REVC/EBR-2310_REVC_FIRMWARE_3.01.ZIP,2016-07-13 00:00:00
GO-RT-N300,A,1.01.B04,ftp://FTP2.DLINK.COM/PRODUCTS/GO-RT-N300/REVA/GO-RT-N300_FIRMWARE_1.01.B04_US.ZIP,2015-09-14 00:00:00
TM-G5240,ALL,4.01.B01,ftp://ftp2.dlink.com/PRODUCTS/TM-G5240/REVA/TM-G5240_REVA_FIRMWARE_4.01.B01.ZIP,2013-10-29 00:00:00
TM-G5240,ALL,4.00B29,ftp://ftp2.dlink.com/PRODUCTS/TM-G5240/REVA/TM-G5240_FIRMWARE_4.00B29.ZIP,2007-11-15 00:00:00
WBR-1310,A,1.04,ftp://ftp2.dlink.com/PRODUCTS/WBR-1310/REVA/WBR-1310_REVA_FIRMWARE_1.04.ZIP,2007-03-28 00:00:00
WBR-1310,A,1.03,ftp://ftp2.dlink.com/PRODUCTS/WBR-1310/REVA/WBR-1310_REVA_FIRMWARE_1.03.ZIP,2006-08-16 00:00:00
WBR-1310,B,2.02,ftp://ftp2.dlink.com/PRODUCTS/WBR-1310/REVB/WBR-1310_REVB_FIRMWARE_2.02.ZIP,2007-12-07 00:00:00
WBR-1310,B,2.01,ftp://ftp2.dlink.com/PRODUCTS/WBR-1310/REVB/WBR-1310_REVB_FIRMWARE_2.01.ZIP,2007-10-25 00:00:00
WBR-1310,B,2.00,ftp://ftp2.dlink.com/PRODUCTS/WBR-1310/REVB/WBR-1310_REVB_FIRMWARE_2.00.ZIP,2006-09-05 00:00:00
WBR-1310,D,4.13,ftp://ftp2.dlink.com/PRODUCTS/WBR-1310/REVD/WBR-1310_REVD_FIRMWARE_4.13.ZIP,2007-12-07 00:00:00
WBR-2310,A,1.05,ftp://ftp2.dlink.com/PRODUCTS/WBR-2310/REVA/WBR-2310_REVA_FIRMWARE_1.05.ZIP,2008-09-10 00:00:00
WBR-2310,A,1.04,ftp://ftp2.dlink.com/PRODUCTS/WBR-2310/REVA/WBR-2310_REVA_FIRMWARE_1.04.ZIP,2007-06-08 00:00:00
WBR-2310,A,1.03,ftp://ftp2.dlink.com/PRODUCTS/WBR-2310/REVA/WBR-2310_REVA_FIRMWARE_1.03.ZIP,2007-01-15 00:00:00
WBR-2310,A,1.02,ftp://ftp2.dlink.com/PRODUCTS/WBR-2310/REVA/WBR-2310_REVA_FIRMWARE_1.02.ZIP,2006-08-17 00:00:00
WBR-2310,B,2.03,ftp://ftp2.dlink.com/PRODUCTS/WBR-2310/REVB/WBR-2310_REVB_FIRMWARE_2.03.ZIP,2009-03-05 00:00:00
WBR-2310,B,2.01,ftp://ftp2.dlink.com/PRODUCTS/WBR-2310/REVB/WBR-2310_REVB_FIRMWARE_2.01.ZIP,2008-09-10 00:00:00
WBR-2310,B,2.00,ftp://ftp2.dlink.com/PRODUCTS/WBR-2310/REVB/WBR-2310_REVB_FIRMWARE_2.00.ZIP,2008-06-13 00:00:00
